type,vendor,description,name,product_link,material,coating,coolant_type,overall_length,shank_length,shank_dia,shoulder_length,shoulder_dia,nr_flutes,flute_length,flute_dia,tip_dia,tip_angle,tip_length,angle,corner_radius,thread_pitch,thread_profile_angle,thread_nr_teeth,taper_dia,taper_angle,preset_name,spindle,feed_xy,feed_z,feed_in,feed_out,clockwise,protrusion,tapered_type,unit
chamfer mill,Dreanique,"A3.175-20°-0.1 | suitable for Non-Ferrous, PCB, Engraving, V-carving",A3.175-20°-0.1,,Carbide,TAC,Mist,38.1,0,3.175,3.1268,3.175,1,3.1268,3.175,0,0,0,10.0,0.0,0,60,0,0,0,Default,10000,300,100,150,300,True,0,None,millimeters
chamfer mill,Dreanique,"A3.175-30°-0.1 | suitable for Non-Ferrous, PCB, Engraving, V-carving",A3.175-30°-0.1,,Carbide,TAC,Mist,38.1,0,3.175,3.0668,3.175,1,3.0668,3.175,0,0,0,15.0,0.0,0,60,0,0,0,Default,10000,300,100,150,300,True,0,None,millimeters
chamfer mill,Dreanique,"A3.175-45°-0.1 | suitable for Non-Ferrous, PCB, Engraving, V-carving",A3.175-45°-0.1,,Carbide,TAC,Mist,38.1,0,3.175,2.9333,3.175,1,2.9333,3.175,0,0,0,22.5,0.0,0,60,0,0,0,Default,10000,300,100,150,300,True,0,None,millimeters
chamfer mill,Dreanique,"A6-30°-0.1 | suitable for Non-Ferrous, PCB, Engraving, V-carving",A6-30°-0.1,,Carbide,TAC,Mist,50.0,0,6.0,5.7956,6.0,1,5.7956,6.0,0,0,0,15.0,0.0,0,60,0,0,0,Default,10000,300,100,150,300,True,0,None,millimeters
chamfer mill,Dreanique,"A6-60°-0.1 | suitable for Non-Ferrous, PCB, Engraving, V-carving",A6-60°-0.1,,Carbide,TAC,Mist,50.0,0,6.0,5.1962,6.0,1,5.1962,6.0,0,0,0,30.0,0.0,0,60,0,0,0,Default,10000,300,100,150,300,True,0,None,millimeters
chamfer mill,Dreanique,"A6-90°-0.1 | suitable for Non-Ferrous, PCB, Engraving, V-carving",A6-90°-0.1,,Carbide,TAC,Mist,50.0,0,6.0,4.2426,6.0,1,4.2426,6.0,0,0,0,45.0,0.0,0,60,0,0,0,Default,10000,300,100,150,300,True,0,None,millimeters
chamfer mill,Dreanique,"A3.175-20°-0.2 | suitable for Non-Ferrous, PCB, Engraving, V-carving",A3.175-20°-0.2,,Carbide,TAC,Mist,38.1,0,3.175,3.1268,3.175,1,3.1268,3.175,0,0,0,10.0,0.0,0,60,0,0,0,Default,10000,300,100,150,300,True,0,None,millimeters
chamfer mill,Dreanique,"A3.175-30°-0.2 | suitable for Non-Ferrous, PCB, Engraving, V-carving",A3.175-30°-0.2,,Carbide,TAC,Mist,38.1,0,3.175,3.0668,3.175,1,3.0668,3.175,0,0,0,15.0,0.0,0,60,0,0,0,Default,10000,300,100,150,300,True,0,None,millimeters
chamfer mill,Dreanique,"A3.175-45°-0.2 | suitable for Non-Ferrous, PCB, Engraving, V-carving",A3.175-45°-0.2,,Carbide,TAC,Mist,38.1,0,3.175,2.9333,3.175,1,2.9333,3.175,0,0,0,22.5,0.0,0,60,0,0,0,Default,10000,300,100,150,300,True,0,None,millimeters
chamfer mill,Dreanique,"A3.175-60°-0.2 | suitable for Non-Ferrous, PCB, Engraving, V-carving",A3.175-60°-0.2,,Carbide,TAC,Mist,38.1,0,3.175,2.7496,3.175,1,2.7496,3.175,0,0,0,30.0,0.0,0,60,0,0,0,Default,10000,300,100,150,300,True,0,None,millimeters
chamfer mill,Dreanique,"A3.175-90°-0.2 | suitable for Non-Ferrous, PCB, Engraving, V-carving",A3.175-90°-0.2,,Carbide,TAC,Mist,38.1,0,3.175,2.2451,3.175,1,2.2451,3.175,0,0,0,45.0,0.0,0,60,0,0,0,Default,10000,300,100,150,300,True,0,None,millimeters
chamfer mill,Dreanique,"A6-30°-0.2 | suitable for Non-Ferrous, PCB, Engraving, V-carving",A6-30°-0.2,,Carbide,TAC,Mist,50.0,0,6.0,5.7956,6.0,1,5.7956,6.0,0,0,0,15.0,0.0,0,60,0,0,0,Default,10000,300,100,150,300,True,0,None,millimeters
chamfer mill,Dreanique,"A6-60°-0.2 | suitable for Non-Ferrous, PCB, Engraving, V-carving",A6-60°-0.2,,Carbide,TAC,Mist,50.0,0,6.0,5.1962,6.0,1,5.1962,6.0,0,0,0,30.0,0.0,0,60,0,0,0,Default,10000,300,100,150,300,True,0,None,millimeters
chamfer mill,Dreanique,"A6-90°-0.2 | suitable for Non-Ferrous, PCB, Engraving, V-carving",A6-90°-0.2,,Carbide,TAC,Mist,50.0,0,6.0,4.2426,6.0,1,4.2426,6.0,0,0,0,45.0,0.0,0,60,0,0,0,Default,10000,300,100,150,300,True,0,None,millimeters
chamfer mill,Dreanique,"A3.175-20°-0.3 | suitable for Non-Ferrous, PCB, Engraving, V-carving",A3.175-20°-0.3,,Carbide,TAC,Mist,38.1,0,3.175,3.1268,3.175,1,3.1268,3.175,0,0,0,10.0,0.0,0,60,0,0,0,Default,10000,300,100,150,300,True,0,None,millimeters
chamfer mill,Dreanique,"A3.175-30°-0.3 | suitable for Non-Ferrous, PCB, Engraving, V-carving",A3.175-30°-0.3,,Carbide,TAC,Mist,38.1,0,3.175,3.0668,3.175,1,3.0668,3.175,0,0,0,15.0,0.0,0,60,0,0,0,Default,10000,300,100,150,300,True,0,None,millimeters
chamfer mill,Dreanique,"A3.175-45°-0.3 | suitable for Non-Ferrous, PCB, Engraving, V-carving",A3.175-45°-0.3,,Carbide,TAC,Mist,38.1,0,3.175,2.9333,3.175,1,2.9333,3.175,0,0,0,22.5,0.0,0,60,0,0,0,Default,10000,300,100,150,300,True,0,None,millimeters
chamfer mill,Dreanique,"A6-30°-0.3 | suitable for Non-Ferrous, PCB, Engraving, V-carving",A6-30°-0.3,,Carbide,TAC,Mist,50.0,0,6.0,5.7956,6.0,1,5.7956,6.0,0,0,0,15.0,0.0,0,60,0,0,0,Default,10000,300,100,150,300,True,0,None,millimeters
chamfer mill,Dreanique,"A6-60°-0.3 | suitable for Non-Ferrous, PCB, Engraving, V-carving",A6-60°-0.3,,Carbide,TAC,Mist,50.0,0,6.0,5.1962,6.0,1,5.1962,6.0,0,0,0,30.0,0.0,0,60,0,0,0,Default,10000,300,100,150,300,True,0,None,millimeters
chamfer mill,Dreanique,"A6-90°-0.3 | suitable for Non-Ferrous, PCB, Engraving, V-carving",A6-90°-0.3,,Carbide,TAC,Mist,50.0,0,6.0,4.2426,6.0,1,4.2426,6.0,0,0,0,45.0,0.0,0,60,0,0,0,Default,10000,300,100,150,300,True,0,None,millimeters
ball end mill,Dreanique,"AP2B-R0.5 | suitable for Steel, Carbon steel, Pre-hardened steel, Cast iron, Stainless steel",AP2B-R0.5,,Carbide,TAC,Mist,50.0,0,6.0,2.0,1.0,2,2.0,1.0,0,0,0,0.0,0.0,0,60,0,0,0,Default,10000,300,100,150,300,True,0,None,millimeters
ball end mill,Dreanique,"AP2B-R0.5-H4 | suitable for Steel, Carbon steel, Pre-hardened steel, Cast iron, Stainless steel",AP2B-R0.5-H4,,Carbide,TAC,Mist,50.0,0,4.0,2.0,1.0,2,2.0,1.0,0,0,0,0.0,0.0,0,60,0,0,0,Default,10000,300,100,150,300,True,0,None,millimeters
ball end mill,Dreanique,"AP2B-R0.75 | suitable for Steel, Carbon steel, Pre-hardened steel, Cast iron, Stainless steel",AP2B-R0.75,,Carbide,TAC,Mist,50.0,0,6.0,3.0,1.5,2,3.0,1.5,0,0,0,0.0,0.0,0,60,0,0,0,Default,10000,300,100,150,300,True,0,None,millimeters
ball end mill,Dreanique,"AP2B-R0.75-H4 | suitable for Steel, Carbon steel, Pre-hardened steel, Cast iron, Stainless steel",AP2B-R0.75-H4,,Carbide,TAC,Mist,50.0,0,4.0,3.0,1.5,2,3.0,1.5,0,0,0,0.0,0.0,0,60,0,0,0,Default,10000,300,100,150,300,True,0,None,millimeters
ball end mill,Dreanique,"AP2B-R1 | suitable for Steel, Carbon steel, Pre-hardened steel, Cast iron, Stainless steel",AP2B-R1,,Carbide,TAC,Mist,50.0,0,6.0,4.0,2.0,2,4.0,2.0,0,0,0,0.0,0.0,0,60,0,0,0,Default,10000,300,100,150,300,True,0,None,millimeters
ball end mill,Dreanique,"AP2B-R1.0-H4 | suitable for Steel, Carbon steel, Pre-hardened steel, Cast iron, Stainless steel",AP2B-R1.0-H4,,Carbide,TAC,Mist,50.0,0,4.0,4.0,2.0,2,4.0,2.0,0,0,0,0.0,0.0,0,60,0,0,0,Default,10000,300,100,150,300,True,0,None,millimeters
ball end mill,Dreanique,"AP2B-R1.25 | suitable for Steel, Carbon steel, Pre-hardened steel, Cast iron, Stainless steel",AP2B-R1.25,,Carbide,TAC,Mist,50.0,0,6.0,5.0,2.5,2,5.0,2.5,0,0,0,0.0,0.0,0,60,0,0,0,Default,10000,300,100,150,300,True,0,None,millimeters
ball end mill,Dreanique,"AP2B-R1.25-H4 | suitable for Steel, Carbon steel, Pre-hardened steel, Cast iron, Stainless steel",AP2B-R1.25-H4,,Carbide,TAC,Mist,50.0,0,4.0,5.0,2.5,2,5.0,2.5,0,0,0,0.0,0.0,0,60,0,0,0,Default,10000,300,100,150,300,True,0,None,millimeters
ball end mill,Dreanique,"AP2B-R1.5 | suitable for Steel, Carbon steel, Pre-hardened steel, Cast iron, Stainless steel",AP2B-R1.5,,Carbide,TAC,Mist,50.0,0,6.0,6.0,3.0,2,6.0,3.0,0,0,0,0.0,0.0,0,60,0,0,0,Default,10000,300,100,150,300,True,0,None,millimeters
ball end mill,Dreanique,"AP2B-R1.5-H4 | suitable for Steel, Carbon steel, Pre-hardened steel, Cast iron, Stainless steel",AP2B-R1.5-H4,,Carbide,TAC,Mist,50.0,0,4.0,6.0,3.0,2,6.0,3.0,0,0,0,0.0,0.0,0,60,0,0,0,Default,10000,300,100,150,300,True,0,None,millimeters
ball end mill,Dreanique,"AP2B-R1.75 | suitable for Steel, Carbon steel, Pre-hardened steel, Cast iron, Stainless steel",AP2B-R1.75,,Carbide,TAC,Mist,50.0,0,6.0,8.0,3.5,2,8.0,3.5,0,0,0,0.0,0.0,0,60,0,0,0,Default,10000,300,100,150,300,True,0,None,millimeters
ball end mill,Dreanique,"AP2B-R2 | suitable for Steel, Carbon steel, Pre-hardened steel, Cast iron, Stainless steel",AP2B-R2,,Carbide,TAC,Mist,50.0,0,6.0,8.0,4.0,2,8.0,4.0,0,0,0,0.0,0.0,0,60,0,0,0,Default,10000,300,100,150,300,True,0,None,millimeters
ball end mill,Dreanique,"AP2B-R2-H4 | suitable for Steel, Carbon steel, Pre-hardened steel, Cast iron, Stainless steel",AP2B-R2-H4,,Carbide,TAC,Mist,50.0,0,4.0,8.0,4.0,2,8.0,4.0,0,0,0,0.0,0.0,0,60,0,0,0,Default,10000,300,100,150,300,True,0,None,millimeters
ball end mill,Dreanique,"AP2B-R2.5 | suitable for Steel, Carbon steel, Pre-hardened steel, Cast iron, Stainless steel",AP2B-R2.5,,Carbide,TAC,Mist,50.0,0,6.0,10.0,5.0,2,10.0,5.0,0,0,0,0.0,0.0,0,60,0,0,0,Default,10000,300,100,150,300,True,0,None,millimeters
ball end mill,Dreanique,"AP2B-R2.75 | suitable for Steel, Carbon steel, Pre-hardened steel, Cast iron, Stainless steel",AP2B-R2.75,,Carbide,TAC,Mist,50.0,0,6.0,12.0,5.5,2,12.0,5.5,0,0,0,0.0,0.0,0,60,0,0,0,Default,10000,300,100,150,300,True,0,None,millimeters
ball end mill,Dreanique,"AP2B-R3 | suitable for Steel, Carbon steel, Pre-hardened steel, Cast iron, Stainless steel",AP2B-R3,,Carbide,TAC,Mist,50.0,0,6.0,12.0,6.0,2,12.0,6.0,0,0,0,0.0,0.0,0,60,0,0,0,Default,10000,300,100,150,300,True,0,None,millimeters
ball end mill,Dreanique,"AP2B-R3.5 | suitable for Steel, Carbon steel, Pre-hardened steel, Cast iron, Stainless steel",AP2B-R3.5,,Carbide,TAC,Mist,60.0,0,8.0,14.0,7.0,2,14.0,7.0,0,0,0,0.0,0.0,0,60,0,0,0,Default,10000,300,100,150,300,True,0,None,millimeters
ball end mill,Dreanique,"AP2B-R4 | suitable for Steel, Carbon steel, Pre-hardened steel, Cast iron, Stainless steel",AP2B-R4,,Carbide,TAC,Mist,60.0,0,8.0,16.0,8.0,2,16.0,8.0,0,0,0,0.0,0.0,0,60,0,0,0,Default,10000,300,100,150,300,True,0,None,millimeters
ball end mill,Dreanique,"AP2B-R4.5 | suitable for Steel, Carbon steel, Pre-hardened steel, Cast iron, Stainless steel",AP2B-R4.5,,Carbide,TAC,Mist,75.0,0,10.0,18.0,9.0,2,18.0,9.0,0,0,0,0.0,0.0,0,60,0,0,0,Default,10000,300,100,150,300,True,0,None,millimeters
ball end mill,Dreanique,"AP2B-R5 | suitable for Steel, Carbon steel, Pre-hardened steel, Cast iron, Stainless steel",AP2B-R5,,Carbide,TAC,Mist,75.0,0,10.0,20.0,10.0,2,20.0,10.0,0,0,0,0.0,0.0,0,60,0,0,0,Default,10000,300,100,150,300,True,0,None,millimeters
ball end mill,Dreanique,"AP2B-R6 | suitable for Steel, Carbon steel, Pre-hardened steel, Cast iron, Stainless steel",AP2B-R6,,Carbide,TAC,Mist,75.0,0,12.0,24.0,12.0,2,24.0,12.0,0,0,0,0.0,0.0,0,60,0,0,0,Default,10000,300,100,150,300,True,0,None,millimeters
ball end mill,Dreanique,"AP2B-R7 | suitable for Steel, Carbon steel, Pre-hardened steel, Cast iron, Stainless steel",AP2B-R7,,Carbide,TAC,Mist,75.0,0,14.0,28.0,14.0,2,28.0,14.0,0,0,0,0.0,0.0,0,60,0,0,0,Default,10000,300,100,150,300,True,0,None,millimeters
ball end mill,Dreanique,"AP2B-R8 | suitable for Steel, Carbon steel, Pre-hardened steel, Cast iron, Stainless steel",AP2B-R8,,Carbide,TAC,Mist,100.0,0,16.0,32.0,16.0,2,32.0,16.0,0,0,0,0.0,0.0,0,60,0,0,0,Default,10000,300,100,150,300,True,0,None,millimeters
ball end mill,Dreanique,"AP2B-R9 | suitable for Steel, Carbon steel, Pre-hardened steel, Cast iron, Stainless steel",AP2B-R9,,Carbide,TAC,Mist,100.0,0,18.0,36.0,18.0,2,36.0,18.0,0,0,0,0.0,0.0,0,60,0,0,0,Default,10000,300,100,150,300,True,0,None,millimeters
ball end mill,Dreanique,"AP2B-R10 | suitable for Steel, Carbon steel, Pre-hardened steel, Cast iron, Stainless steel",AP2B-R10,,Carbide,TAC,Mist,100.0,0,20.0,40.0,20.0,2,40.0,20.0,0,0,0,0.0,0.0,0,60,0,0,0,Default,10000,300,100,150,300,True,0,None,millimeters
ball end mill,Dreanique,"AP2BL-R1 | suitable for Steel, Carbon steel, Pre-hardened steel, Cast iron, Stainless steel",AP2BL-R1,,Carbide,TAC,Mist,75.0,0,6.0,4.0,2.0,2,4.0,2.0,0,0,0,0.0,0.0,0,60,0,0,0,Default,10000,300,100,150,300,True,0,None,millimeters
ball end mill,Dreanique,"AP2BL-R1.25 | suitable for Steel, Carbon steel, Pre-hardened steel, Cast iron, Stainless steel",AP2BL-R1.25,,Carbide,TAC,Mist,75.0,0,6.0,5.0,2.5,2,5.0,2.5,0,0,0,0.0,0.0,0,60,0,0,0,Default,10000,300,100,150,300,True,0,None,millimeters
ball end mill,Dreanique,"AP2BL-R1.5 | suitable for Steel, Carbon steel, Pre-hardened steel, Cast iron, Stainless steel",AP2BL-R1.5,,Carbide,TAC,Mist,75.0,0,6.0,6.0,3.0,2,6.0,3.0,0,0,0,0.0,0.0,0,60,0,0,0,Default,10000,300,100,150,300,True,0,None,millimeters
ball end mill,Dreanique,"AP2BL-R1.75 | suitable for Steel, Carbon steel, Pre-hardened steel, Cast iron, Stainless steel",AP2BL-R1.75,,Carbide,TAC,Mist,75.0,0,6.0,8.0,3.5,2,8.0,3.5,0,0,0,0.0,0.0,0,60,0,0,0,Default,10000,300,100,150,300,True,0,None,millimeters
ball end mill,Dreanique,"AP2BL-R2 | suitable for Steel, Carbon steel, Pre-hardened steel, Cast iron, Stainless steel",AP2BL-R2,,Carbide,TAC,Mist,75.0,0,6.0,8.0,4.0,2,8.0,4.0,0,0,0,0.0,0.0,0,60,0,0,0,Default,10000,300,100,150,300,True,0,None,millimeters
ball end mill,Dreanique,"AP2BL-R2.5 | suitable for Steel, Carbon steel, Pre-hardened steel, Cast iron, Stainless steel",AP2BL-R2.5,,Carbide,TAC,Mist,75.0,0,6.0,10.0,5.0,2,10.0,5.0,0,0,0,0.0,0.0,0,60,0,0,0,Default,10000,300,100,150,300,True,0,None,millimeters
ball end mill,Dreanique,"AP2BL-R2.75 | suitable for Steel, Carbon steel, Pre-hardened steel, Cast iron, Stainless steel",AP2BL-R2.75,,Carbide,TAC,Mist,75.0,0,6.0,12.0,5.5,2,12.0,5.5,0,0,0,0.0,0.0,0,60,0,0,0,Default,10000,300,100,150,300,True,0,None,millimeters
ball end mill,Dreanique,"AP2BL-R3 | suitable for Steel, Carbon steel, Pre-hardened steel, Cast iron, Stainless steel",AP2BL-R3,,Carbide,TAC,Mist,75.0,0,6.0,12.0,6.0,2,12.0,6.0,0,0,0,0.0,0.0,0,60,0,0,0,Default,10000,300,100,150,300,True,0,None,millimeters
ball end mill,Dreanique,"AP2BL-R3.5 | suitable for Steel, Carbon steel, Pre-hardened steel, Cast iron, Stainless steel",AP2BL-R3.5,,Carbide,TAC,Mist,75.0,0,8.0,14.0,7.0,2,14.0,7.0,0,0,0,0.0,0.0,0,60,0,0,0,Default,10000,300,100,150,300,True,0,None,millimeters
ball end mill,Dreanique,"AP2BL-R4 | suitable for Steel, Carbon steel, Pre-hardened steel, Cast iron, Stainless steel",AP2BL-R4,,Carbide,TAC,Mist,100.0,0,8.0,16.0,8.0,2,16.0,8.0,0,0,0,0.0,0.0,0,60,0,0,0,Default,10000,300,100,150,300,True,0,None,millimeters
ball end mill,Dreanique,"AP2BL-R4.5 | suitable for Steel, Carbon steel, Pre-hardened steel, Cast iron, Stainless steel",AP2BL-R4.5,,Carbide,TAC,Mist,100.0,0,10.0,18.0,9.0,2,18.0,9.0,0,0,0,0.0,0.0,0,60,0,0,0,Default,10000,300,100,150,300,True,0,None,millimeters
ball end mill,Dreanique,"AP2BL-R5 | suitable for Steel, Carbon steel, Pre-hardened steel, Cast iron, Stainless steel",AP2BL-R5,,Carbide,TAC,Mist,100.0,0,10.0,20.0,10.0,2,20.0,10.0,0,0,0,0.0,0.0,0,60,0,0,0,Default,10000,300,100,150,300,True,0,None,millimeters
ball end mill,Dreanique,"AP2BL-R6 | suitable for Steel, Carbon steel, Pre-hardened steel, Cast iron, Stainless steel",AP2BL-R6,,Carbide,TAC,Mist,100.0,0,12.0,24.0,12.0,2,24.0,12.0,0,0,0,0.0,0.0,0,60,0,0,0,Default,10000,300,100,150,300,True,0,None,millimeters
ball end mill,Dreanique,"AP2BL-R7 | suitable for Steel, Carbon steel, Pre-hardened steel, Cast iron, Stainless steel",AP2BL-R7,,Carbide,TAC,Mist,100.0,0,14.0,28.0,14.0,2,28.0,14.0,0,0,0,0.0,0.0,0,60,0,0,0,Default,10000,300,100,150,300,True,0,None,millimeters
ball end mill,Dreanique,"AP2BL-R8 | suitable for Steel, Carbon steel, Pre-hardened steel, Cast iron, Stainless steel",AP2BL-R8,,Carbide,TAC,Mist,150.0,0,16.0,32.0,16.0,2,32.0,16.0,0,0,0,0.0,0.0,0,60,0,0,0,Default,10000,300,100,150,300,True,0,None,millimeters
ball end mill,Dreanique,"AP2BL-R9 | suitable for Steel, Carbon steel, Pre-hardened steel, Cast iron, Stainless steel",AP2BL-R9,,Carbide,TAC,Mist,150.0,0,18.0,36.0,18.0,2,36.0,18.0,0,0,0,0.0,0.0,0,60,0,0,0,Default,10000,300,100,150,300,True,0,None,millimeters
ball end mill,Dreanique,"AP2BL-R10 | suitable for Steel, Carbon steel, Pre-hardened steel, Cast iron, Stainless steel",AP2BL-R10,,Carbide,TAC,Mist,150.0,0,20.0,40.0,20.0,2,40.0,20.0,0,0,0,0.0,0.0,0,60,0,0,0,Default,10000,300,100,150,300,True,0,None,millimeters
flat end mill,Dreanique,ASP1F-D1.0-L03 | suitable for Acrylic,ASP1F-D1.0-L03,,Carbide,TAC,Mist,38.1,0,3.175,3.0,1.0,1,3.0,1.0,0,0,0,0.0,0.0,0,60,0,0,0,Default,10000,300,100,150,300,True,0,None,millimeters
flat end mill,Dreanique,ASP1F-D1.0-L04 | suitable for Acrylic,ASP1F-D1.0-L04,,Carbide,TAC,Mist,38.1,0,3.175,4.0,1.0,1,4.0,1.0,0,0,0,0.0,0.0,0,60,0,0,0,Default,10000,300,100,150,300,True,0,None,millimeters
flat end mill,Dreanique,ASP1F-D1.5-L05 | suitable for Acrylic,ASP1F-D1.5-L05,,Carbide,TAC,Mist,38.1,0,3.175,5.0,1.5,1,5.0,1.5,0,0,0,0.0,0.0,0,60,0,0,0,Default,10000,300,100,150,300,True,0,None,millimeters
flat end mill,Dreanique,ASP1F-D2.0-L04 | suitable for Acrylic,ASP1F-D2.0-L04,,Carbide,TAC,Mist,38.1,0,3.175,4.0,2.0,1,4.0,2.0,0,0,0,0.0,0.0,0,60,0,0,0,Default,10000,300,100,150,300,True,0,None,millimeters
flat end mill,Dreanique,ASP1F-D2.0-L06 | suitable for Acrylic,ASP1F-D2.0-L06,,Carbide,TAC,Mist,38.1,0,3.175,6.0,2.0,1,6.0,2.0,0,0,0,0.0,0.0,0,60,0,0,0,Default,10000,300,100,150,300,True,0,None,millimeters
flat end mill,Dreanique,ASP1F-D2.0-L08 | suitable for Acrylic,ASP1F-D2.0-L08,,Carbide,TAC,Mist,38.1,0,3.175,8.0,2.0,1,8.0,2.0,0,0,0,0.0,0.0,0,60,0,0,0,Default,10000,300,100,150,300,True,0,None,millimeters
flat end mill,Dreanique,ASP1F-D2.5-L06 | suitable for Acrylic,ASP1F-D2.5-L06,,Carbide,TAC,Mist,38.1,0,3.175,6.0,2.5,1,6.0,2.5,0,0,0,0.0,0.0,0,60,0,0,0,Default,10000,300,100,150,300,True,0,None,millimeters
flat end mill,Dreanique,ASP1F-D2.5-L08 | suitable for Acrylic,ASP1F-D2.5-L08,,Carbide,TAC,Mist,38.1,0,3.175,8.0,2.5,1,8.0,2.5,0,0,0,0.0,0.0,0,60,0,0,0,Default,10000,300,100,150,300,True,0,None,millimeters
flat end mill,Dreanique,ASP1F-D2.5-L10 | suitable for Acrylic,ASP1F-D2.5-L10,,Carbide,TAC,Mist,38.1,0,3.175,10.0,2.5,1,10.0,2.5,0,0,0,0.0,0.0,0,60,0,0,0,Default,10000,300,100,150,300,True,0,None,millimeters
flat end mill,Dreanique,ASP1F-D3.1-L06 | suitable for Acrylic,ASP1F-D3.1-L06,,Carbide,TAC,Mist,38.1,0,3.175,6.0,3.175,1,6.0,3.175,0,0,0,0.0,0.0,0,60,0,0,0,Default,10000,300,100,150,300,True,0,None,millimeters
flat end mill,Dreanique,ASP1F-D3.1-L08 | suitable for Acrylic,ASP1F-D3.1-L08,,Carbide,TAC,Mist,38.1,0,3.175,8.0,3.175,1,8.0,3.175,0,0,0,0.0,0.0,0,60,0,0,0,Default,10000,300,100,150,300,True,0,None,millimeters
flat end mill,Dreanique,ASP1F-D3.1-L10 | suitable for Acrylic,ASP1F-D3.1-L10,,Carbide,TAC,Mist,38.1,0,3.175,10.0,3.175,1,10.0,3.175,0,0,0,0.0,0.0,0,60,0,0,0,Default,10000,300,100,150,300,True,0,None,millimeters
flat end mill,Dreanique,ASP1F-D3.1-L12 | suitable for Acrylic,ASP1F-D3.1-L12,,Carbide,TAC,Mist,38.1,0,3.175,12.0,3.175,1,12.0,3.175,0,0,0,0.0,0.0,0,60,0,0,0,Default,10000,300,100,150,300,True,0,None,millimeters
flat end mill,Dreanique,ASP1F-D3.1-L15 | suitable for Acrylic,ASP1F-D3.1-L15,,Carbide,TAC,Mist,38.1,0,3.175,15.0,3.175,1,15.0,3.175,0,0,0,0.0,0.0,0,60,0,0,0,Default,10000,300,100,150,300,True,0,None,millimeters
flat end mill,Dreanique,ASP1F-D3.1-L17 | suitable for Acrylic,ASP1F-D3.1-L17,,Carbide,TAC,Mist,38.1,0,3.175,17.0,3.175,1,17.0,3.175,0,0,0,0.0,0.0,0,60,0,0,0,Default,10000,300,100,150,300,True,0,None,millimeters
flat end mill,Dreanique,ASP1F-D3.1-L22 | suitable for Acrylic,ASP1F-D3.1-L22,,Carbide,TAC,Mist,50.0,0,3.175,22.0,3.175,1,22.0,3.175,0,0,0,0.0,0.0,0,60,0,0,0,Default,10000,300,100,150,300,True,0,None,millimeters
flat end mill,Dreanique,ASP1F-D4.0-L08 | suitable for Acrylic,ASP1F-D4.0-L08,,Carbide,TAC,Mist,50.0,0,4.0,8.0,4.0,1,8.0,4.0,0,0,0,0.0,0.0,0,60,0,0,0,Default,10000,300,100,150,300,True,0,None,millimeters
flat end mill,Dreanique,ASP1F-D4.0-L12 | suitable for Acrylic,ASP1F-D4.0-L12,,Carbide,TAC,Mist,50.0,0,4.0,12.0,4.0,1,12.0,4.0,0,0,0,0.0,0.0,0,60,0,0,0,Default,10000,300,100,150,300,True,0,None,millimeters
flat end mill,Dreanique,ASP1F-D4.0-L15 | suitable for Acrylic,ASP1F-D4.0-L15,,Carbide,TAC,Mist,50.0,0,4.0,15.0,4.0,1,15.0,4.0,0,0,0,0.0,0.0,0,60,0,0,0,Default,10000,300,100,150,300,True,0,None,millimeters
flat end mill,Dreanique,ASP1F-D4.0-L17 | suitable for Acrylic,ASP1F-D4.0-L17,,Carbide,TAC,Mist,50.0,0,4.0,17.0,4.0,1,17.0,4.0,0,0,0,0.0,0.0,0,60,0,0,0,Default,10000,300,100,150,300,True,0,None,millimeters
flat end mill,Dreanique,ASP1F-D4.0-L22 | suitable for Acrylic,ASP1F-D4.0-L22,,Carbide,TAC,Mist,50.0,0,4.0,22.0,4.0,1,22.0,4.0,0,0,0,0.0,0.0,0,60,0,0,0,Default,10000,300,100,150,300,True,0,None,millimeters
flat end mill,Dreanique,ASP1F-D5.0-L20 | suitable for Acrylic,ASP1F-D5.0-L20,,Carbide,TAC,Mist,50.0,0,5.0,20.0,5.0,1,20.0,5.0,0,0,0,0.0,0.0,0,60,0,0,0,Default,10000,300,100,150,300,True,0,None,millimeters
flat end mill,Dreanique,ASP1F-D6.0-L12 | suitable for Acrylic,ASP1F-D6.0-L12,,Carbide,TAC,Mist,50.0,0,6.0,12.0,6.0,1,12.0,6.0,0,0,0,0.0,0.0,0,60,0,0,0,Default,10000,300,100,150,300,True,0,None,millimeters
flat end mill,Dreanique,ASP1F-D6.0-L15 | suitable for Acrylic,ASP1F-D6.0-L15,,Carbide,TAC,Mist,50.0,0,6.0,15.0,6.0,1,15.0,6.0,0,0,0,0.0,0.0,0,60,0,0,0,Default,10000,300,100,150,300,True,0,None,millimeters
flat end mill,Dreanique,ASP1F-D6.0-L17 | suitable for Acrylic,ASP1F-D6.0-L17,,Carbide,TAC,Mist,50.0,0,6.0,17.0,6.0,1,17.0,6.0,0,0,0,0.0,0.0,0,60,0,0,0,Default,10000,300,100,150,300,True,0,None,millimeters
flat end mill,Dreanique,ASP1F-D6.0-L22 | suitable for Acrylic,ASP1F-D6.0-L22,,Carbide,TAC,Mist,50.0,0,6.0,22.0,6.0,1,22.0,6.0,0,0,0,0.0,0.0,0,60,0,0,0,Default,10000,300,100,150,300,True,0,None,millimeters
flat end mill,Dreanique,ASP1F-D6.0-L32 | suitable for Acrylic,ASP1F-D6.0-L32,,Carbide,TAC,Mist,75.0,0,6.0,32.0,6.0,1,32.0,6.0,0,0,0,0.0,0.0,0,60,0,0,0,Default,10000,300,100,150,300,True,0,None,millimeters
flat end mill,Dreanique,ASP1F-D8.0-L32 | suitable for Acrylic,ASP1F-D8.0-L32,,Carbide,TAC,Mist,75.0,0,8.0,32.0,8.0,1,32.0,8.0,0,0,0,0.0,0.0,0,60,0,0,0,Default,10000,300,100,150,300,True,0,None,millimeters
flat end mill,Dreanique,ASP1F-D10.0-L45 | suitable for Acrylic,ASP1F-D10.0-L45,,Carbide,TAC,Mist,100.0,0,10.0,45.0,10.0,1,45.0,10.0,0,0,0,0.0,0.0,0,60,0,0,0,Default,10000,300,100,150,300,True,0,None,millimeters
flat end mill,Dreanique,ASP1F-D12.0-L45 | suitable for Acrylic,ASP1F-D12.0-L45,,Carbide,TAC,Mist,100.0,0,12.0,45.0,12.0,1,45.0,12.0,0,0,0,0.0,0.0,0,60,0,0,0,Default,10000,300,100,150,300,True,0,None,millimeters
flat end mill,Dreanique,"ASP2FC-D3.1-L12 | suitable for Hardwood, Softwood, Laminate, MDF, HDF, Veneered Plywood, Particle Board",ASP2FC-D3.1-L12,,Carbide,TAC,Mist,38.1,0,3.175,12.0,3.1,2,12.0,3.1,0,0,0,0.0,0.0,0,60,0,0,0,Default,10000,300,100,150,300,True,0,None,millimeters
flat end mill,Dreanique,"ASP2FC-D3.1-L17 | suitable for Hardwood, Softwood, Laminate, MDF, HDF, Veneered Plywood, Particle Board",ASP2FC-D3.1-L17,,Carbide,TAC,Mist,38.1,0,3.175,17.0,3.1,2,17.0,3.1,0,0,0,0.0,0.0,0,60,0,0,0,Default,10000,300,100,150,300,True,0,None,millimeters
flat end mill,Dreanique,"ASP2FC-D3.1-L22 | suitable for Hardwood, Softwood, Laminate, MDF, HDF, Veneered Plywood, Particle Board",ASP2FC-D3.1-L22,,Carbide,TAC,Mist,50.0,0,3.175,22.0,3.1,2,22.0,3.1,0,0,0,0.0,0.0,0,60,0,0,0,Default,10000,300,100,150,300,True,0,None,millimeters
flat end mill,Dreanique,"ASP2FC-D4.0-L17 | suitable for Hardwood, Softwood, Laminate, MDF, HDF, Veneered Plywood, Particle Board",ASP2FC-D4.0-L17,,Carbide,TAC,Mist,50.0,0,4.0,17.0,4.0,2,17.0,4.0,0,0,0,0.0,0.0,0,60,0,0,0,Default,10000,300,100,150,300,True,0,None,millimeters
flat end mill,Dreanique,"ASP2FC-D4.0-L22 | suitable for Hardwood, Softwood, Laminate, MDF, HDF, Veneered Plywood, Particle Board",ASP2FC-D4.0-L22,,Carbide,TAC,Mist,50.0,0,4.0,22.0,4.0,2,22.0,4.0,0,0,0,0.0,0.0,0,60,0,0,0,Default,10000,300,100,150,300,True,0,None,millimeters
flat end mill,Dreanique,"ASP2FC-D4.0-L25 | suitable for Hardwood, Softwood, Laminate, MDF, HDF, Veneered Plywood, Particle Board",ASP2FC-D4.0-L25,,Carbide,TAC,Mist,50.0,0,4.0,25.0,4.0,2,25.0,4.0,0,0,0,0.0,0.0,0,60,0,0,0,Default,10000,300,100,150,300,True,0,None,millimeters
flat end mill,Dreanique,"ASP2FC-D5.0-L17 | suitable for Hardwood, Softwood, Laminate, MDF, HDF, Veneered Plywood, Particle Board",ASP2FC-D5.0-L17,,Carbide,TAC,Mist,50.0,0,5.0,17.0,5.0,2,17.0,5.0,0,0,0,0.0,0.0,0,60,0,0,0,Default,10000,300,100,150,300,True,0,None,millimeters
flat end mill,Dreanique,"ASP2FC-D5.0-L22 | suitable for Hardwood, Softwood, Laminate, MDF, HDF, Veneered Plywood, Particle Board",ASP2FC-D5.0-L22,,Carbide,TAC,Mist,50.0,0,5.0,22.0,5.0,2,22.0,5.0,0,0,0,0.0,0.0,0,60,0,0,0,Default,10000,300,100,150,300,True,0,None,millimeters
flat end mill,Dreanique,"ASP2FC-D6.0-L17 | suitable for Hardwood, Softwood, Laminate, MDF, HDF, Veneered Plywood, Particle Board",ASP2FC-D6.0-L17,,Carbide,TAC,Mist,50.0,0,6.0,17.0,6.0,2,17.0,6.0,0,0,0,0.0,0.0,0,60,0,0,0,Default,10000,300,100,150,300,True,0,None,millimeters
flat end mill,Dreanique,"ASP2FC-D6.0-L22 | suitable for Hardwood, Softwood, Laminate, MDF, HDF, Veneered Plywood, Particle Board",ASP2FC-D6.0-L22,,Carbide,TAC,Mist,50.0,0,6.0,22.0,6.0,2,22.0,6.0,0,0,0,0.0,0.0,0,60,0,0,0,Default,10000,300,100,150,300,True,0,None,millimeters
flat end mill,Dreanique,"ASP2FC-D6.0-L25 | suitable for Hardwood, Softwood, Laminate, MDF, HDF, Veneered Plywood, Particle Board",ASP2FC-D6.0-L25,,Carbide,TAC,Mist,60.0,0,6.0,25.0,6.0,2,25.0,6.0,0,0,0,0.0,0.0,0,60,0,0,0,Default,10000,300,100,150,300,True,0,None,millimeters
flat end mill,Dreanique,"ASP2FC-D6.0-L32 | suitable for Hardwood, Softwood, Laminate, MDF, HDF, Veneered Plywood, Particle Board",ASP2FC-D6.0-L32,,Carbide,TAC,Mist,75.0,0,6.0,32.0,6.0,2,32.0,6.0,0,0,0,0.0,0.0,0,60,0,0,0,Default,10000,300,100,150,300,True,0,None,millimeters
flat end mill,Dreanique,"ASP2FC-D8.0-L22 | suitable for Hardwood, Softwood, Laminate, MDF, HDF, Veneered Plywood, Particle Board",ASP2FC-D8.0-L22,,Carbide,TAC,Mist,60.0,0,8.0,22.0,8.0,2,22.0,8.0,0,0,0,0.0,0.0,0,60,0,0,0,Default,10000,300,100,150,300,True,0,None,millimeters
flat end mill,Dreanique,"ASP2FC-D8.0-L32 | suitable for Hardwood, Softwood, Laminate, MDF, HDF, Veneered Plywood, Particle Board",ASP2FC-D8.0-L32,,Carbide,TAC,Mist,75.0,0,8.0,32.0,8.0,2,32.0,8.0,0,0,0,0.0,0.0,0,60,0,0,0,Default,10000,300,100,150,300,True,0,None,millimeters
flat end mill,Dreanique,"ASP2FC-D8.0-L45 | suitable for Hardwood, Softwood, Laminate, MDF, HDF, Veneered Plywood, Particle Board",ASP2FC-D8.0-L45,,Carbide,TAC,Mist,100.0,0,8.0,45.0,8.0,2,45.0,8.0,0,0,0,0.0,0.0,0,60,0,0,0,Default,10000,300,100,150,300,True,0,None,millimeters
flat end mill,Dreanique,"ASP2FC-D10.0-L35 | suitable for Hardwood, Softwood, Laminate, MDF, HDF, Veneered Plywood, Particle Board",ASP2FC-D10.0-L35,,Carbide,TAC,Mist,75.0,0,10.0,35.0,10.0,2,35.0,10.0,0,0,0,0.0,0.0,0,60,0,0,0,Default,10000,300,100,150,300,True,0,None,millimeters
flat end mill,Dreanique,"ASP2FC-D10.0-L45 | suitable for Hardwood, Softwood, Laminate, MDF, HDF, Veneered Plywood, Particle Board",ASP2FC-D10.0-L45,,Carbide,TAC,Mist,100.0,0,10.0,45.0,10.0,2,45.0,10.0,0,0,0,0.0,0.0,0,60,0,0,0,Default,10000,300,100,150,300,True,0,None,millimeters
flat end mill,Dreanique,"ASP2FC-D12.0-L35 | suitable for Hardwood, Softwood, Laminate, MDF, HDF, Veneered Plywood, Particle Board",ASP2FC-D12.0-L35,,Carbide,TAC,Mist,75.0,0,12.0,35.0,12.0,2,35.0,12.0,0,0,0,0.0,0.0,0,60,0,0,0,Default,10000,300,100,150,300,True,0,None,millimeters
flat end mill,Dreanique,"ASP2FC-D12.0-L45 | suitable for Hardwood, Softwood, Laminate, MDF, HDF, Veneered Plywood, Particle Board",ASP2FC-D12.0-L45,,Carbide,TAC,Mist,100.0,0,12.0,45.0,12.0,2,45.0,12.0,0,0,0,0.0,0.0,0,60,0,0,0,Default,10000,300,100,150,300,True,0,None,millimeters
flat end mill,Dreanique,"ASP2FC-D14.0-L52 | suitable for Hardwood, Softwood, Laminate, MDF, HDF, Veneered Plywood, Particle Board",ASP2FC-D14.0-L52,,Carbide,TAC,Mist,100.0,0,14.0,65.0,14.0,2,65.0,14.0,0,0,0,0.0,0.0,0,60,0,0,0,Default,10000,300,100,150,300,True,0,None,millimeters
flat end mill,Dreanique,"ASP2FC-D16.0-L52 | suitable for Hardwood, Softwood, Laminate, MDF, HDF, Veneered Plywood, Particle Board",ASP2FC-D16.0-L52,,Carbide,TAC,Mist,100.0,0,16.0,65.0,16.0,2,65.0,16.0,0,0,0,0.0,0.0,0,60,0,0,0,Default,10000,300,100,150,300,True,0,None,millimeters
flat end mill,Dreanique,AU2E-D1.0-H4 | suitable for Aluminum,AU2E-D1.0-H4,,Carbide,Uncoated,Mist,50.0,0,4.0,3.0,1.0,2,3.0,1.0,0,0,0,0.0,0.0,0,60,0,0,0,Default,10000,300,100,150,300,True,0,None,millimeters
flat end mill,Dreanique,AU2E-D1.5-H4 | suitable for Aluminum,AU2E-D1.5-H4,,Carbide,Uncoated,Mist,50.0,0,4.0,4.0,2.0,2,4.0,2.0,0,0,0,0.0,0.0,0,60,0,0,0,Default,10000,300,100,150,300,True,0,None,millimeters
flat end mill,Dreanique,AU2E-D2.0-H4 | suitable for Aluminum,AU2E-D2.0-H4,,Carbide,Uncoated,Mist,50.0,0,4.0,6.0,2.0,2,6.0,2.0,0,0,0,0.0,0.0,0,60,0,0,0,Default,10000,300,100,150,300,True,0,None,millimeters
flat end mill,Dreanique,AU2E-D2.5-H4 | suitable for Aluminum,AU2E-D2.5-H4,,Carbide,Uncoated,Mist,50.0,0,4.0,7.0,3.0,2,7.0,3.0,0,0,0,0.0,0.0,0,60,0,0,0,Default,10000,300,100,150,300,True,0,None,millimeters
flat end mill,Dreanique,AU2E-D3.0-H4 | suitable for Aluminum,AU2E-D3.0-H4,,Carbide,Uncoated,Mist,50.0,0,4.0,9.0,3.0,2,9.0,3.0,0,0,0,0.0,0.0,0,60,0,0,0,Default,10000,300,100,150,300,True,0,None,millimeters
flat end mill,Dreanique,AU2E-D4.0-H4 | suitable for Aluminum,AU2E-D4.0-H4,,Carbide,Uncoated,Mist,50.0,0,4.0,12.0,4.0,2,12.0,4.0,0,0,0,0.0,0.0,0,60,0,0,0,Default,10000,300,100,150,300,True,0,None,millimeters
flat end mill,Dreanique,AU2E-D5.0-H6 | suitable for Aluminum,AU2E-D5.0-H6,,Carbide,Uncoated,Mist,50.0,0,6.0,15.0,5.0,2,15.0,5.0,0,0,0,0.0,0.0,0,60,0,0,0,Default,10000,300,100,150,300,True,0,None,millimeters
flat end mill,Dreanique,AU2E-D6.0 | suitable for Aluminum,AU2E-D6.0,,Carbide,Uncoated,Mist,50.0,0,6.0,18.0,6.0,2,18.0,6.0,0,0,0,0.0,0.0,0,60,0,0,0,Default,10000,300,100,150,300,True,0,None,millimeters
flat end mill,Dreanique,AU2E-D8.0 | suitable for Aluminum,AU2E-D8.0,,Carbide,Uncoated,Mist,60.0,0,8.0,20.0,8.0,2,20.0,8.0,0,0,0,0.0,0.0,0,60,0,0,0,Default,10000,300,100,150,300,True,0,None,millimeters
flat end mill,Dreanique,AU2E-D10.0 | suitable for Aluminum,AU2E-D10.0,,Carbide,Uncoated,Mist,75.0,0,10.0,30.0,10.0,2,30.0,10.0,0,0,0,0.0,0.0,0,60,0,0,0,Default,10000,300,100,150,300,True,0,None,millimeters
flat end mill,Dreanique,AU2E-D12.0 | suitable for Aluminum,AU2E-D12.0,,Carbide,Uncoated,Mist,75.0,0,12.0,35.0,12.0,2,35.0,12.0,0,0,0,0.0,0.0,0,60,0,0,0,Default,10000,300,100,150,300,True,0,None,millimeters
flat end mill,Dreanique,AU2EL-D3.0 | suitable for Aluminum,AU2EL-D3.0,,Carbide,Uncoated,Mist,75.0,0,6.0,12.0,3.0,2,12.0,3.0,0,0,0,0.0,0.0,0,60,0,0,0,Default,10000,300,100,150,300,True,0,None,millimeters
flat end mill,Dreanique,AU2EL-D3.0-H4 | suitable for Aluminum,AU2EL-D3.0-H4,,Carbide,Uncoated,Mist,75.0,0,4.0,12.0,3.0,2,12.0,3.0,0,0,0,0.0,0.0,0,60,0,0,0,Default,10000,300,100,150,300,True,0,None,millimeters
flat end mill,Dreanique,AU2EL-D4.0 | suitable for Aluminum,AU2EL-D4.0,,Carbide,Uncoated,Mist,75.0,0,6.0,16.0,4.0,2,16.0,4.0,0,0,0,0.0,0.0,0,60,0,0,0,Default,10000,300,100,150,300,True,0,None,millimeters
flat end mill,Dreanique,AU2EL-D4.0-H4 | suitable for Aluminum,AU2EL-D4.0-H4,,Carbide,Uncoated,Mist,75.0,0,4.0,16.0,4.0,2,16.0,4.0,0,0,0,0.0,0.0,0,60,0,0,0,Default,10000,300,100,150,300,True,0,None,millimeters
flat end mill,Dreanique,AU2EL-D5.0 | suitable for Aluminum,AU2EL-D5.0,,Carbide,Uncoated,Mist,75.0,0,6.0,20.0,5.0,2,20.0,5.0,0,0,0,0.0,0.0,0,60,0,0,0,Default,10000,300,100,150,300,True,0,None,millimeters
flat end mill,Dreanique,AU2EL-D6.0 | suitable for Aluminum,AU2EL-D6.0,,Carbide,Uncoated,Mist,75.0,0,6.0,25.0,6.0,2,25.0,6.0,0,0,0,0.0,0.0,0,60,0,0,0,Default,10000,300,100,150,300,True,0,None,millimeters
flat end mill,Dreanique,AU2EL-D8.0 | suitable for Aluminum,AU2EL-D8.0,,Carbide,Uncoated,Mist,75.0,0,8.0,35.0,8.0,2,35.0,8.0,0,0,0,0.0,0.0,0,60,0,0,0,Default,10000,300,100,150,300,True,0,None,millimeters
flat end mill,Dreanique,AU2EL-D10.0 | suitable for Aluminum,AU2EL-D10.0,,Carbide,Uncoated,Mist,100.0,0,10.0,45.0,10.0,2,45.0,10.0,0,0,0,0.0,0.0,0,60,0,0,0,Default,10000,300,100,150,300,True,0,None,millimeters
flat end mill,Dreanique,AU2EL-D12.0 | suitable for Aluminum,AU2EL-D12.0,,Carbide,Uncoated,Mist,100.0,0,12.0,45.0,12.0,2,45.0,12.0,0,0,0,0.0,0.0,0,60,0,0,0,Default,10000,300,100,150,300,True,0,None,millimeters
flat end mill,Dreanique,AU2EL-D16.0 | suitable for Aluminum,AU2EL-D16.0,,Carbide,Uncoated,Mist,150.0,0,16.0,65.0,16.0,2,65.0,16.0,0,0,0,0.0,0.0,0,60,0,0,0,Default,10000,300,100,150,300,True,0,None,millimeters
flat end mill,Dreanique,AU2EL-D20.0 | suitable for Aluminum,AU2EL-D20.0,,Carbide,Uncoated,Mist,150.0,0,20.0,75.0,20.0,2,75.0,18.0,0,0,0,0.0,0.0,0,60,0,0,0,Default,10000,300,100,150,300,True,0,None,millimeters
flat end mill,Dreanique,AU3E-D1.0-L03 | suitable for Aluminum,AU3E-D1.0-L03,,Carbide,Uncoated,Mist,50.0,0,4.0,3.0,1.0,3,3.0,1.0,0,0,0,0.0,0.0,0,60,0,0,0,Default,10000,300,100,150,300,True,0,None,millimeters
flat end mill,Dreanique,AU3E-D1.5-L4.5 | suitable for Aluminum,AU3E-D1.5-L4.5,,Carbide,Uncoated,Mist,50.0,0,4.0,4.5,1.5,3,4.5,1.5,0,0,0,0.0,0.0,0,60,0,0,0,Default,10000,300,100,150,300,True,0,None,millimeters
flat end mill,Dreanique,AU3E-D2.0-L06 | suitable for Aluminum,AU3E-D2.0-L06,,Carbide,Uncoated,Mist,50.0,0,4.0,6.0,2.0,3,6.0,2.0,0,0,0,0.0,0.0,0,60,0,0,0,Default,10000,300,100,150,300,True,0,None,millimeters
flat end mill,Dreanique,AU3E-D2.5-L7.5 | suitable for Aluminum,AU3E-D2.5-L7.5,,Carbide,Uncoated,Mist,50.0,0,4.0,7.5,2.5,3,7.5,2.5,0,0,0,0.0,0.0,0,60,0,0,0,Default,10000,300,100,150,300,True,0,None,millimeters
flat end mill,Dreanique,AU3E-D3.0-L09 | suitable for Aluminum,AU3E-D3.0-L09,,Carbide,Uncoated,Mist,50.0,0,4.0,9.0,3.0,3,9.0,3.0,0,0,0,0.0,0.0,0,60,0,0,0,Default,10000,300,100,150,300,True,0,None,millimeters
flat end mill,Dreanique,AU3E-D3.5-L11 | suitable for Aluminum,AU3E-D3.5-L11,,Carbide,Uncoated,Mist,50.0,0,4.0,11.0,3.5,3,11.0,3.5,0,0,0,0.0,0.0,0,60,0,0,0,Default,10000,300,100,150,300,True,0,None,millimeters
flat end mill,Dreanique,AU3E-D4.0-L12 | suitable for Aluminum,AU3E-D4.0-L12,,Carbide,Uncoated,Mist,50.0,0,4.0,12.0,4.0,3,12.0,4.0,0,0,0,0.0,0.0,0,60,0,0,0,Default,10000,300,100,150,300,True,0,None,millimeters
flat end mill,Dreanique,AU3E-D5.0-L15 | suitable for Aluminum,AU3E-D5.0-L15,,Carbide,Uncoated,Mist,50.0,0,6.0,15.0,5.0,3,15.0,5.0,0,0,0,0.0,0.0,0,60,0,0,0,Default,10000,300,100,150,300,True,0,None,millimeters
flat end mill,Dreanique,AU3E-D6.0-L18 | suitable for Aluminum,AU3E-D6.0-L18,,Carbide,Uncoated,Mist,50.0,0,6.0,18.0,6.0,3,18.0,6.0,0,0,0,0.0,0.0,0,60,0,0,0,Default,10000,300,100,150,300,True,0,None,millimeters
flat end mill,Dreanique,AU3E-D8.0-L24 | suitable for Aluminum,AU3E-D8.0-L24,,Carbide,Uncoated,Mist,60.0,0,8.0,24.0,8.0,3,24.0,8.0,0,0,0,0.0,0.0,0,60,0,0,0,Default,10000,300,100,150,300,True,0,None,millimeters
flat end mill,Dreanique,AU3E-D10.0-L30 | suitable for Aluminum,AU3E-D10.0-L30,,Carbide,Uncoated,Mist,75.0,0,10.0,30.0,10.0,3,30.0,10.0,0,0,0,0.0,0.0,0,60,0,0,0,Default,10000,300,100,150,300,True,0,None,millimeters
flat end mill,Dreanique,AU3E-D12.0-L35 | suitable for Aluminum,AU3E-D12.0-L35,,Carbide,Uncoated,Mist,75.0,0,12.0,35.0,12.0,3,35.0,12.0,0,0,0,0.0,0.0,0,60,0,0,0,Default,10000,300,100,150,300,True,0,None,millimeters
flat end mill,Dreanique,AU3EL-D3.0 | suitable for Aluminum,AU3EL-D3.0,,Carbide,Uncoated,Mist,75.0,0,6.0,12.0,3.0,3,12.0,3.0,0,0,0,0.0,0.0,0,60,0,0,0,Default,10000,300,100,150,300,True,0,None,millimeters
flat end mill,Dreanique,AU3EL-D3.0-H4 | suitable for Aluminum,AU3EL-D3.0-H4,,Carbide,Uncoated,Mist,75.0,0,4.0,12.0,3.0,3,12.0,3.0,0,0,0,0.0,0.0,0,60,0,0,0,Default,10000,300,100,150,300,True,0,None,millimeters
flat end mill,Dreanique,AU3EL-D4.0 | suitable for Aluminum,AU3EL-D4.0,,Carbide,Uncoated,Mist,75.0,0,6.0,16.0,4.0,3,16.0,4.0,0,0,0,0.0,0.0,0,60,0,0,0,Default,10000,300,100,150,300,True,0,None,millimeters
flat end mill,Dreanique,AU3EL-D4.0-H4 | suitable for Aluminum,AU3EL-D4.0-H4,,Carbide,Uncoated,Mist,75.0,0,4.0,16.0,4.0,3,16.0,4.0,0,0,0,0.0,0.0,0,60,0,0,0,Default,10000,300,100,150,300,True,0,None,millimeters
flat end mill,Dreanique,AU3EL-D5.0 | suitable for Aluminum,AU3EL-D5.0,,Carbide,Uncoated,Mist,75.0,0,6.0,20.0,5.0,3,20.0,5.0,0,0,0,0.0,0.0,0,60,0,0,0,Default,10000,300,100,150,300,True,0,None,millimeters
flat end mill,Dreanique,AU3EL-D6.0 | suitable for Aluminum,AU3EL-D6.0,,Carbide,Uncoated,Mist,75.0,0,6.0,25.0,6.0,3,25.0,6.0,0,0,0,0.0,0.0,0,60,0,0,0,Default,10000,300,100,150,300,True,0,None,millimeters
flat end mill,Dreanique,AU3EL-D8.0 | suitable for Aluminum,AU3EL-D8.0,,Carbide,Uncoated,Mist,75.0,0,8.0,35.0,8.0,3,35.0,8.0,0,0,0,0.0,0.0,0,60,0,0,0,Default,10000,300,100,150,300,True,0,None,millimeters
flat end mill,Dreanique,AU3EL-D10.0 | suitable for Aluminum,AU3EL-D10.0,,Carbide,Uncoated,Mist,100.0,0,10.0,45.0,10.0,3,45.0,10.0,0,0,0,0.0,0.0,0,60,0,0,0,Default,10000,300,100,150,300,True,0,None,millimeters
flat end mill,Dreanique,AU3EL-D12.0 | suitable for Aluminum,AU3EL-D12.0,,Carbide,Uncoated,Mist,100.0,0,12.0,45.0,12.0,3,45.0,12.0,0,0,0,0.0,0.0,0,60,0,0,0,Default,10000,300,100,150,300,True,0,None,millimeters
flat end mill,Dreanique,AU3EL-D16.0 | suitable for Aluminum,AU3EL-D16.0,,Carbide,Uncoated,Mist,150.0,0,16.0,65.0,16.0,3,65.0,16.0,0,0,0,0.0,0.0,0,60,0,0,0,Default,10000,300,100,150,300,True,0,None,millimeters
flat end mill,Dreanique,AU3EL-D20.0 | suitable for Aluminum,AU3EL-D20.0,,Carbide,Uncoated,Mist,150.0,0,18.0,75.0,20.0,3,75.0,20.0,0,0,0,0.0,0.0,0,60,0,0,0,Default,10000,300,100,150,300,True,0,None,millimeters
flat end mill,Dreanique,"AWD2F-D2.0-L12 | suitable for Hardwood, Softwood, Laminate, MDF, HDF, Veneered Plywood, Particle Board",AWD2F-D2.0-L12,,Carbide,TAC,Mist,38.1,0,3.175,12.0,2.0,2,12.0,2.0,0,0,0,0.0,0.0,0,60,0,0,0,Default,10000,300,100,150,300,True,0,None,millimeters
flat end mill,Dreanique,"AWD2F-D2.0-L22 | suitable for Hardwood, Softwood, Laminate, MDF, HDF, Veneered Plywood, Particle Board",AWD2F-D2.0-L22,,Carbide,TAC,Mist,38.1,0,3.175,22.0,2.0,2,22.0,2.0,0,0,0,0.0,0.0,0,60,0,0,0,Default,10000,300,100,150,300,True,0,None,millimeters
flat end mill,Dreanique,"AWD2F-D3.1-L17 | suitable for Hardwood, Softwood, Laminate, MDF, HDF, Veneered Plywood, Particle Board",AWD2F-D3.1-L17,,Carbide,TAC,Mist,38.1,0,3.175,17.0,3.175,2,17.0,3.175,0,0,0,0.0,0.0,0,60,0,0,0,Default,10000,300,100,150,300,True,0,None,millimeters
flat end mill,Dreanique,"AWD2F-D3.1-L22 | suitable for Hardwood, Softwood, Laminate, MDF, HDF, Veneered Plywood, Particle Board",AWD2F-D3.1-L22,,Carbide,TAC,Mist,50.0,0,3.175,22.0,3.175,2,22.0,3.175,0,0,0,0.0,0.0,0,60,0,0,0,Default,10000,300,100,150,300,True,0,None,millimeters
flat end mill,Dreanique,"AWD2F-D4.0-L22 | suitable for Hardwood, Softwood, Laminate, MDF, HDF, Veneered Plywood, Particle Board",AWD2F-D4.0-L22,,Carbide,TAC,Mist,50.0,0,4.0,22.0,4.0,2,22.0,4.0,0,0,0,0.0,0.0,0,60,0,0,0,Default,10000,300,100,150,300,True,0,None,millimeters
flat end mill,Dreanique,"AWD2F-D4.0-L25 | suitable for Hardwood, Softwood, Laminate, MDF, HDF, Veneered Plywood, Particle Board",AWD2F-D4.0-L25,,Carbide,TAC,Mist,50.0,0,4.0,25.0,4.0,2,25.0,4.0,0,0,0,0.0,0.0,0,60,0,0,0,Default,10000,300,100,150,300,True,0,None,millimeters
flat end mill,Dreanique,"AWD2F-D4.0-L32 | suitable for Hardwood, Softwood, Laminate, MDF, HDF, Veneered Plywood, Particle Board",AWD2F-D4.0-L32,,Carbide,TAC,Mist,75.0,0,4.0,32.0,4.0,2,32.0,4.0,0,0,0,0.0,0.0,0,60,0,0,0,Default,10000,300,100,150,300,True,0,None,millimeters
flat end mill,Dreanique,"AWD2F-D5.0-L22 | suitable for Hardwood, Softwood, Laminate, MDF, HDF, Veneered Plywood, Particle Board",AWD2F-D5.0-L22,,Carbide,TAC,Mist,50.0,0,5.0,22.0,5.0,2,22.0,5.0,0,0,0,0.0,0.0,0,60,0,0,0,Default,10000,300,100,150,300,True,0,None,millimeters
flat end mill,Dreanique,"AWD2F-D6.0-L24 | suitable for Hardwood, Softwood, Laminate, MDF, HDF, Veneered Plywood, Particle Board",AWD2F-D6.0-L24,,Carbide,TAC,Mist,60.0,0,6.0,24.0,6.0,2,24.0,6.0,0,0,0,0.0,0.0,0,60,0,0,0,Default,10000,300,100,150,300,True,0,None,millimeters
flat end mill,Dreanique,"AWD2F-D6.0-L32 | suitable for Hardwood, Softwood, Laminate, MDF, HDF, Veneered Plywood, Particle Board",AWD2F-D6.0-L32,,Carbide,TAC,Mist,75.0,0,6.0,32.0,6.0,2,32.0,6.0,0,0,0,0.0,0.0,0,60,0,0,0,Default,10000,300,100,150,300,True,0,None,millimeters
flat end mill,Dreanique,"AWD2F-D6.0-L42 | suitable for Hardwood, Softwood, Laminate, MDF, HDF, Veneered Plywood, Particle Board",AWD2F-D6.0-L42,,Carbide,TAC,Mist,100.0,0,6.0,42.0,6.0,2,42.0,6.0,0,0,0,0.0,0.0,0,60,0,0,0,Default,10000,300,100,150,300,True,0,None,millimeters
flat end mill,Dreanique,"AWD2F-D6.0-L52 | suitable for Hardwood, Softwood, Laminate, MDF, HDF, Veneered Plywood, Particle Board",AWD2F-D6.0-L52,,Carbide,TAC,Mist,100.0,0,6.0,52.0,6.0,2,52.0,6.0,0,0,0,0.0,0.0,0,60,0,0,0,Default,10000,300,100,150,300,True,0,None,millimeters
flat end mill,Dreanique,"AWD2F-D8.0-L32 | suitable for Hardwood, Softwood, Laminate, MDF, HDF, Veneered Plywood, Particle Board",AWD2F-D8.0-L32,,Carbide,TAC,Mist,75.0,0,8.0,32.0,8.0,2,32.0,8.0,0,0,0,0.0,0.0,0,60,0,0,0,Default,10000,300,100,150,300,True,0,None,millimeters
flat end mill,Dreanique,"AWD2F-D8.0-L42 | suitable for Hardwood, Softwood, Laminate, MDF, HDF, Veneered Plywood, Particle Board",AWD2F-D8.0-L42,,Carbide,TAC,Mist,100.0,0,8.0,42.0,8.0,2,42.0,8.0,0,0,0,0.0,0.0,0,60,0,0,0,Default,10000,300,100,150,300,True,0,None,millimeters
flat end mill,Dreanique,"AWD2F-D8.0-L62 | suitable for Hardwood, Softwood, Laminate, MDF, HDF, Veneered Plywood, Particle Board",AWD2F-D8.0-L62,,Carbide,TAC,Mist,100.0,0,8.0,62.0,8.0,2,62.0,8.0,0,0,0,0.0,0.0,0,60,0,0,0,Default,10000,300,100,150,300,True,0,None,millimeters
flat end mill,Dreanique,"AWD2F-D10.0-L32 | suitable for Hardwood, Softwood, Laminate, MDF, HDF, Veneered Plywood, Particle Board",AWD2F-D10.0-L32,,Carbide,TAC,Mist,75.0,0,10.0,32.0,10.0,2,32.0,10.0,0,0,0,0.0,0.0,0,60,0,0,0,Default,10000,300,100,150,300,True,0,None,millimeters
flat end mill,Dreanique,"AWD2F-D10.0-L45 | suitable for Hardwood, Softwood, Laminate, MDF, HDF, Veneered Plywood, Particle Board",AWD2F-D10.0-L45,,Carbide,TAC,Mist,100.0,0,10.0,45.0,10.0,2,45.0,10.0,0,0,0,0.0,0.0,0,60,0,0,0,Default,10000,300,100,150,300,True,0,None,millimeters
flat end mill,Dreanique,"AWD2F-D12.0-L32 | suitable for Hardwood, Softwood, Laminate, MDF, HDF, Veneered Plywood, Particle Board",AWD2F-D12.0-L32,,Carbide,TAC,Mist,75.0,0,12.0,32.0,12.0,2,32.0,12.0,0,0,0,0.0,0.0,0,60,0,0,0,Default,10000,300,100,150,300,True,0,None,millimeters
flat end mill,Dreanique,"AWD2F-D12.0-L45 | suitable for Hardwood, Softwood, Laminate, MDF, HDF, Veneered Plywood, Particle Board",AWD2F-D12.0-L45,,Carbide,TAC,Mist,100.0,0,12.0,45.0,12.0,2,45.0,12.0,0,0,0,0.0,0.0,0,60,0,0,0,Default,10000,300,100,150,300,True,0,None,millimeters
flat end mill,Dreanique,"AWTD2F-D6.0-L28 | suitable for Hardwood, Softwood, Laminate, Plywood",AWTD2F-D6.0-L28,,Carbide,TAC,Mist,75.0,0,6.0,28.0,6.0,2,28.0,6.0,0,0,0,0.0,0.0,0,60,0,0,0,Default,10000,300,100,150,300,True,0,None,millimeters
flat end mill,Dreanique,"AWTD2F-D8.0-L22 | suitable for Hardwood, Softwood, Laminate, Plywood",AWTD2F-D8.0-L22,,Carbide,TAC,Mist,60.0,0,8.0,22.0,8.0,2,22.0,8.0,0,0,0,0.0,0.0,0,60,0,0,0,Default,10000,300,100,150,300,True,0,None,millimeters
flat end mill,Dreanique,"AWTD2F-D8.0-L32 | suitable for Hardwood, Softwood, Laminate, Plywood",AWTD2F-D8.0-L32,,Carbide,TAC,Mist,75.0,0,8.0,32.0,8.0,2,32.0,8.0,0,0,0,0.0,0.0,0,60,0,0,0,Default,10000,300,100,150,300,True,0,None,millimeters
flat end mill,Dreanique,"AWTD2F-D8.0-L40 | suitable for Hardwood, Softwood, Laminate, Plywood",AWTD2F-D8.0-L40,,Carbide,TAC,Mist,100.0,0,8.0,40.0,8.0,2,40.0,8.0,0,0,0,0.0,0.0,0,60,0,0,0,Default,10000,300,100,150,300,True,0,None,millimeters
flat end mill,Dreanique,"AWTU2F-D6.0-L28 | suitable for Hardwood, Softwood, Laminate, Plywood",AWTU2F-D6.0-L28,,Carbide,TAC,Mist,75.0,0,6.0,28.0,6.0,2,28.0,6.0,0,0,0,0.0,0.0,0,60,0,0,0,Default,10000,300,100,150,300,True,0,None,millimeters
flat end mill,Dreanique,"AWTU2F-D8.0-L22 | suitable for Hardwood, Softwood, Laminate, Plywood",AWTU2F-D8.0-L22,,Carbide,TAC,Mist,60.0,0,8.0,22.0,8.0,2,22.0,8.0,0,0,0,0.0,0.0,0,60,0,0,0,Default,10000,300,100,150,300,True,0,None,millimeters
flat end mill,Dreanique,"AWTU2F-D8.0-L32 | suitable for Hardwood, Softwood, Laminate, Plywood",AWTU2F-D8.0-L32,,Carbide,TAC,Mist,75.0,0,8.0,32.0,8.0,2,32.0,8.0,0,0,0,0.0,0.0,0,60,0,0,0,Default,10000,300,100,150,300,True,0,None,millimeters
flat end mill,Dreanique,"AWTU2F-D8.0-L40 | suitable for Hardwood, Softwood, Laminate, Plywood",AWTU2F-D8.0-L40,,Carbide,TAC,Mist,100.0,0,8.0,40.0,8.0,2,40.0,8.0,0,0,0,0.0,0.0,0,60,0,0,0,Default,10000,300,100,150,300,True,0,None,millimeters
flat end mill,Dreanique,"AWTUD2F-D6.0-L28 | suitable for Hardwood, Softwood, Laminate, Plywood",AWTUD2F-D6.0-L28,,Carbide,TAC,Mist,75.0,0,6.0,28.0,6.0,2,28.0,6.0,0,0,0,0.0,0.0,0,60,0,0,0,Default,10000,300,100,150,300,True,0,None,millimeters
flat end mill,Dreanique,"AWTUD2F-D8.0-L22 | suitable for Hardwood, Softwood, Laminate, Plywood",AWTUD2F-D8.0-L22,,Carbide,TAC,Mist,60.0,0,8.0,22.0,8.0,2,22.0,8.0,0,0,0,0.0,0.0,0,60,0,0,0,Default,10000,300,100,150,300,True,0,None,millimeters
flat end mill,Dreanique,"AWTUD2F-D8.0-L32 | suitable for Hardwood, Softwood, Laminate, Plywood",AWTUD2F-D8.0-L32,,Carbide,TAC,Mist,75.0,0,8.0,32.0,8.0,2,32.0,8.0,0,0,0,0.0,0.0,0,60,0,0,0,Default,10000,300,100,150,300,True,0,None,millimeters
flat end mill,Dreanique,"AWTUD2F-D8.0-L40 | suitable for Hardwood, Softwood, Laminate, Plywood",AWTUD2F-D8.0-L40,,Carbide,TAC,Mist,100.0,0,8.0,40.0,8.0,2,40.0,8.0,0,0,0,0.0,0.0,0,60,0,0,0,Default,10000,300,100,150,300,True,0,None,millimeters
flat end mill,Dreanique,"AWU2F-D2.0-L22 | suitable for Hardwood, Softwood, Laminate, MDF, HDF, Plywood",AWU2F-D2.0-L22,,Carbide,TAC,Mist,38.1,0,3.175,12.0,2.0,2,12.0,2.0,0,0,0,0.0,0.0,0,60,0,0,0,Default,10000,300,100,150,300,True,0,None,millimeters
flat end mill,Dreanique,"AWU2F-D3.1-L22 | suitable for Hardwood, Softwood, Laminate, MDF, HDF, Plywood",AWU2F-D3.1-L22,,Carbide,TAC,Mist,38.1,0,3.175,17.0,3.175,2,17.0,3.175,0,0,0,0.0,0.0,0,60,0,0,0,Default,10000,300,100,150,300,True,0,None,millimeters
flat end mill,Dreanique,"AWU2F-D4.0-L22 | suitable for Hardwood, Softwood, Laminate, MDF, HDF, Plywood",AWU2F-D4.0-L22,,Carbide,TAC,Mist,50.0,0,4.0,22.0,4.0,2,22.0,4.0,0,0,0,0.0,0.0,0,60,0,0,0,Default,10000,300,100,150,300,True,0,None,millimeters
flat end mill,Dreanique,"AWU2F-D4.0-L25 | suitable for Hardwood, Softwood, Laminate, MDF, HDF, Plywood",AWU2F-D4.0-L25,,Carbide,TAC,Mist,50.0,0,4.0,25.0,4.0,2,25.0,4.0,0,0,0,0.0,0.0,0,60,0,0,0,Default,10000,300,100,150,300,True,0,None,millimeters
flat end mill,Dreanique,"AWU2F-D4.0-L32 | suitable for Hardwood, Softwood, Laminate, MDF, HDF, Plywood",AWU2F-D4.0-L32,,Carbide,TAC,Mist,75.0,0,4.0,32.0,4.0,2,32.0,4.0,0,0,0,0.0,0.0,0,60,0,0,0,Default,10000,300,100,150,300,True,0,None,millimeters
flat end mill,Dreanique,"AWU2F-D5.0-L22 | suitable for Hardwood, Softwood, Laminate, MDF, HDF, Plywood",AWU2F-D5.0-L22,,Carbide,TAC,Mist,50.0,0,5.0,22.0,5.0,2,22.0,5.0,0,0,0,0.0,0.0,0,60,0,0,0,Default,10000,300,100,150,300,True,0,None,millimeters
flat end mill,Dreanique,"AWU2F-D6.0-L24 | suitable for Hardwood, Softwood, Laminate, MDF, HDF, Plywood",AWU2F-D6.0-L24,,Carbide,TAC,Mist,60.0,0,6.0,24.0,6.0,2,24.0,6.0,0,0,0,0.0,0.0,0,60,0,0,0,Default,10000,300,100,150,300,True,0,None,millimeters
flat end mill,Dreanique,"AWU2F-D6.0-L32 | suitable for Hardwood, Softwood, Laminate, MDF, HDF, Plywood",AWU2F-D6.0-L32,,Carbide,TAC,Mist,75.0,0,6.0,32.0,6.0,2,32.0,6.0,0,0,0,0.0,0.0,0,60,0,0,0,Default,10000,300,100,150,300,True,0,None,millimeters
flat end mill,Dreanique,"AWU2F-D6.0-L42 | suitable for Hardwood, Softwood, Laminate, MDF, HDF, Plywood",AWU2F-D6.0-L42,,Carbide,TAC,Mist,100.0,0,6.0,42.0,6.0,2,42.0,6.0,0,0,0,0.0,0.0,0,60,0,0,0,Default,10000,300,100,150,300,True,0,None,millimeters
flat end mill,Dreanique,"AWU2F-D6.0-L52 | suitable for Hardwood, Softwood, Laminate, MDF, HDF, Plywood",AWU2F-D6.0-L52,,Carbide,TAC,Mist,100.0,0,6.0,52.0,6.0,2,52.0,6.0,0,0,0,0.0,0.0,0,60,0,0,0,Default,10000,300,100,150,300,True,0,None,millimeters
flat end mill,Dreanique,"AWU2F-D8.0-L32 | suitable for Hardwood, Softwood, Laminate, MDF, HDF, Plywood",AWU2F-D8.0-L32,,Carbide,TAC,Mist,75.0,0,8.0,32.0,8.0,2,32.0,8.0,0,0,0,0.0,0.0,0,60,0,0,0,Default,10000,300,100,150,300,True,0,None,millimeters
flat end mill,Dreanique,"AWU2F-D8.0-L42 | suitable for Hardwood, Softwood, Laminate, MDF, HDF, Plywood",AWU2F-D8.0-L42,,Carbide,TAC,Mist,100.0,0,8.0,42.0,8.0,2,42.0,8.0,0,0,0,0.0,0.0,0,60,0,0,0,Default,10000,300,100,150,300,True,0,None,millimeters
flat end mill,Dreanique,"AWU2F-D8.0-L62 | suitable for Hardwood, Softwood, Laminate, MDF, HDF, Plywood",AWU2F-D8.0-L62,,Carbide,TAC,Mist,100.0,0,8.0,62.0,8.0,2,62.0,8.0,0,0,0,0.0,0.0,0,60,0,0,0,Default,10000,300,100,150,300,True,0,None,millimeters
flat end mill,Dreanique,"AWU2F-D10.0-L32 | suitable for Hardwood, Softwood, Laminate, MDF, HDF, Plywood",AWU2F-D10.0-L32,,Carbide,TAC,Mist,75.0,0,10.0,32.0,10.0,2,32.0,10.0,0,0,0,0.0,0.0,0,60,0,0,0,Default,10000,300,100,150,300,True,0,None,millimeters
flat end mill,Dreanique,"AWU2F-D10.0-L45 | suitable for Hardwood, Softwood, Laminate, MDF, HDF, Plywood",AWU2F-D10.0-L45,,Carbide,TAC,Mist,100.0,0,10.0,45.0,10.0,2,45.0,10.0,0,0,0,0.0,0.0,0,60,0,0,0,Default,10000,300,100,150,300,True,0,None,millimeters
flat end mill,Dreanique,"AWU2F-D12.0-L32 | suitable for Hardwood, Softwood, Laminate, MDF, HDF, Plywood",AWU2F-D12.0-L32,,Carbide,TAC,Mist,75.0,0,12.0,32.0,12.0,2,32.0,12.0,0,0,0,0.0,0.0,0,60,0,0,0,Default,10000,300,100,150,300,True,0,None,millimeters
flat end mill,Dreanique,"AWU2F-D12.0-L45 | suitable for Hardwood, Softwood, Laminate, MDF, HDF, Plywood",AWU2F-D12.0-L45,,Carbide,TAC,Mist,100.0,0,12.0,45.0,12.0,2,45.0,12.0,0,0,0,0.0,0.0,0,60,0,0,0,Default,10000,300,100,150,300,True,0,None,millimeters
flat end mill,Dreanique,"C2SF-D4.0-L22 | suitable for Hardwood, Softwood, Laminate, MDF, HDF",C2SF-D4.0-L22,,Carbide,Uncoated,Mist,50.0,0,4.0,22.0,4.0,2,22.0,4.0,0,0,0,0.0,0.0,0,60,0,0,0,Default,10000,300,100,150,300,True,0,None,millimeters
flat end mill,Dreanique,"C2SF-D6.0-L22 | suitable for Hardwood, Softwood, Laminate, MDF, HDF",C2SF-D6.0-L22,,Carbide,Uncoated,Mist,50.0,0,6.0,22.0,6.0,2,22.0,6.0,0,0,0,0.0,0.0,0,60,0,0,0,Default,10000,300,100,150,300,True,0,None,millimeters
flat end mill,Dreanique,"C2SF-D6.0-L32 | suitable for Hardwood, Softwood, Laminate, MDF, HDF",C2SF-D6.0-L32,,Carbide,Uncoated,Mist,75.0,0,6.0,32.0,6.0,2,32.0,6.0,0,0,0,0.0,0.0,0,60,0,0,0,Default,10000,300,100,150,300,True,0,None,millimeters
flat end mill,Dreanique,"C2SF-D8.0-L25 | suitable for Hardwood, Softwood, Laminate, MDF, HDF",C2SF-D8.0-L25,,Carbide,Uncoated,Mist,60.0,0,8.0,25.0,8.0,2,25.0,8.0,0,0,0,0.0,0.0,0,60,0,0,0,Default,10000,300,100,150,300,True,0,None,millimeters
flat end mill,Dreanique,"C2SF-D8.0-L32 | suitable for Hardwood, Softwood, Laminate, MDF, HDF",C2SF-D8.0-L32,,Carbide,Uncoated,Mist,75.0,0,8.0,32.0,8.0,2,32.0,8.0,0,0,0,0.0,0.0,0,60,0,0,0,Default,10000,300,100,150,300,True,0,None,millimeters
flat end mill,Dreanique,"C2SF-D8.0-L45 | suitable for Hardwood, Softwood, Laminate, MDF, HDF",C2SF-D8.0-L45,,Carbide,Uncoated,Mist,75.0,0,8.0,45.0,8.0,2,45.0,8.0,0,0,0,0.0,0.0,0,60,0,0,0,Default,10000,300,100,150,300,True,0,None,millimeters
flat end mill,Dreanique,"C2SF-D10.0-L35 | suitable for Hardwood, Softwood, Laminate, MDF, HDF",C2SF-D10.0-L35,,Carbide,Uncoated,Mist,75.0,0,10.0,35.0,10.0,2,35.0,10.0,0,0,0,0.0,0.0,0,60,0,0,0,Default,10000,300,100,150,300,True,0,None,millimeters
flat end mill,Dreanique,"C2SF-D10.0-L45 | suitable for Hardwood, Softwood, Laminate, MDF, HDF",C2SF-D10.0-L45,,Carbide,Uncoated,Mist,100.0,0,10.0,45.0,10.0,2,45.0,10.0,0,0,0,0.0,0.0,0,60,0,0,0,Default,10000,300,100,150,300,True,0,None,millimeters
flat end mill,Dreanique,"C2SF-D12.0-L35 | suitable for Hardwood, Softwood, Laminate, MDF, HDF",C2SF-D12.0-L35,,Carbide,Uncoated,Mist,75.0,0,12.0,35.0,12.0,2,35.0,12.0,0,0,0,0.0,0.0,0,60,0,0,0,Default,10000,300,100,150,300,True,0,None,millimeters
flat end mill,Dreanique,"C2SF-D12.0-L45 | suitable for Hardwood, Softwood, Laminate, MDF, HDF",C2SF-D12.0-L45,,Carbide,Uncoated,Mist,100.0,0,12.0,45.0,12.0,2,45.0,12.0,0,0,0,0.0,0.0,0,60,0,0,0,Default,10000,300,100,150,300,True,0,None,millimeters
flat end mill,Dreanique,DAU3E-D1.0-L03 | suitable for Aluminum,DAU3E-D1.0-L03,,Carbide,DLC,Mist,50.0,0,4.0,3.0,1.0,3,3.0,1.0,0,0,0,0.0,0.0,0,60,0,0,0,Default,10000,300,100,150,300,True,0,None,millimeters
flat end mill,Dreanique,DAU3E-D1.5-L4.5 | suitable for Aluminum,DAU3E-D1.5-L4.5,,Carbide,DLC,Mist,50.0,0,4.0,4.5,1.5,3,4.5,1.5,0,0,0,0.0,0.0,0,60,0,0,0,Default,10000,300,100,150,300,True,0,None,millimeters
flat end mill,Dreanique,DAU3E-D2.0-L06 | suitable for Aluminum,DAU3E-D2.0-L06,,Carbide,DLC,Mist,50.0,0,4.0,6.0,2.0,3,6.0,2.0,0,0,0,0.0,0.0,0,60,0,0,0,Default,10000,300,100,150,300,True,0,None,millimeters
flat end mill,Dreanique,DAU3E-D2.5-L7.5 | suitable for Aluminum,DAU3E-D2.5-L7.5,,Carbide,DLC,Mist,50.0,0,4.0,7.5,2.5,3,7.5,2.5,0,0,0,0.0,0.0,0,60,0,0,0,Default,10000,300,100,150,300,True,0,None,millimeters
flat end mill,Dreanique,DAU3E-D3.0-L09 | suitable for Aluminum,DAU3E-D3.0-L09,,Carbide,DLC,Mist,50.0,0,4.0,9.0,3.0,3,9.0,3.0,0,0,0,0.0,0.0,0,60,0,0,0,Default,10000,300,100,150,300,True,0,None,millimeters
flat end mill,Dreanique,DAU3E-D3.5-L11 | suitable for Aluminum,DAU3E-D3.5-L11,,Carbide,DLC,Mist,50.0,0,4.0,11.0,3.5,3,11.0,3.5,0,0,0,0.0,0.0,0,60,0,0,0,Default,10000,300,100,150,300,True,0,None,millimeters
flat end mill,Dreanique,DAU3E-D4.0-L12 | suitable for Aluminum,DAU3E-D4.0-L12,,Carbide,DLC,Mist,50.0,0,4.0,12.0,4.0,3,12.0,4.0,0,0,0,0.0,0.0,0,60,0,0,0,Default,10000,300,100,150,300,True,0,None,millimeters
flat end mill,Dreanique,DAU3E-D5.0-L15 | suitable for Aluminum,DAU3E-D5.0-L15,,Carbide,DLC,Mist,50.0,0,6.0,15.0,5.0,3,15.0,5.0,0,0,0,0.0,0.0,0,60,0,0,0,Default,10000,300,100,150,300,True,0,None,millimeters
flat end mill,Dreanique,DAU3E-D6.0-L18 | suitable for Aluminum,DAU3E-D6.0-L18,,Carbide,DLC,Mist,50.0,0,6.0,18.0,6.0,3,18.0,6.0,0,0,0,0.0,0.0,0,60,0,0,0,Default,10000,300,100,150,300,True,0,None,millimeters
flat end mill,Dreanique,DAU3E-D8.0-L24 | suitable for Aluminum,DAU3E-D8.0-L24,,Carbide,DLC,Mist,60.0,0,8.0,24.0,8.0,3,24.0,8.0,0,0,0,0.0,0.0,0,60,0,0,0,Default,10000,300,100,150,300,True,0,None,millimeters
flat end mill,Dreanique,DAU3E-D10.0-L30 | suitable for Aluminum,DAU3E-D10.0-L30,,Carbide,DLC,Mist,75.0,0,10.0,30.0,10.0,3,30.0,10.0,0,0,0,0.0,0.0,0,60,0,0,0,Default,10000,300,100,150,300,True,0,None,millimeters
flat end mill,Dreanique,DAU3E-D12.0-L35 | suitable for Aluminum,DAU3E-D12.0-L35,,Carbide,DLC,Mist,75.0,0,12.0,35.0,12.0,3,35.0,12.0,0,0,0,0.0,0.0,0,60,0,0,0,Default,10000,300,100,150,300,True,0,None,millimeters
dovetail mill,Dreanique,"DCM-D1.5-45DEG | suitable for Non-standard materials, Plastics, Composites",DCM-D1.5-45DEG,,Carbide,Nano Coat,Mist,50.0,0,4.0,3.0,0.75,2,0.37500000000000006,1.5,0,0,0,45.0,0.0,0,60,0,0,0,Default,10000,300,100,150,300,True,0,None,millimeters
dovetail mill,Dreanique,"DCM-D1.5-60DEG | suitable for Non-standard materials, Plastics, Composites",DCM-D1.5-60DEG,,Carbide,Nano Coat,Mist,50.0,0,4.0,3.0,0.75,2,0.21650635094610973,1.5,0,0,0,60.0,0.0,0,60,0,0,0,Default,10000,300,100,150,300,True,0,None,millimeters
dovetail mill,Dreanique,"DCM-D2.0-30DEG | suitable for Non-standard materials, Plastics, Composites",DCM-D2.0-30DEG,,Carbide,Nano Coat,Mist,50.0,0,4.0,3.0,1.0,2,0.3,2.0,0,0,0,30.0,0.0,0,60,0,0,0,Default,10000,300,100,150,300,True,0,None,millimeters
dovetail mill,Dreanique,"DCM-D2.0-45DEG | suitable for Non-standard materials, Plastics, Composites",DCM-D2.0-45DEG,,Carbide,Nano Coat,Mist,50.0,0,4.0,3.0,1.0,2,0.5,2.0,0,0,0,45.0,0.0,0,60,0,0,0,Default,10000,300,100,150,300,True,0,None,millimeters
dovetail mill,Dreanique,"DCM-D2.0-60DEG | suitable for Non-standard materials, Plastics, Composites",DCM-D2.0-60DEG,,Carbide,Nano Coat,Mist,50.0,0,4.0,3.0,1.0,2,0.288675134594813,2.0,0,0,0,60.0,0.0,0,60,0,0,0,Default,10000,300,100,150,300,True,0,None,millimeters
dovetail mill,Dreanique,"DCM-D3.0-30DEG | suitable for Non-standard materials, Plastics, Composites",DCM-D3.0-30DEG,,Carbide,Nano Coat,Mist,50.0,0,4.0,4.0,1.5,2,0.4,3.0,0,0,0,30.0,0.0,0,60,0,0,0,Default,10000,300,100,150,300,True,0,None,millimeters
dovetail mill,Dreanique,"DCM-D3.0-45DEG | suitable for Non-standard materials, Plastics, Composites",DCM-D3.0-45DEG,,Carbide,Nano Coat,Mist,50.0,0,4.0,4.0,1.5,2,0.7,3.0,0,0,0,45.0,0.0,0,60,0,0,0,Default,10000,300,100,150,300,True,0,None,millimeters
dovetail mill,Dreanique,"DCM-D3.0-60DEG | suitable for Non-standard materials, Plastics, Composites",DCM-D3.0-60DEG,,Carbide,Nano Coat,Mist,50.0,0,4.0,4.0,1.5,2,0.43301270189221946,3.0,0,0,0,60.0,0.0,0,60,0,0,0,Default,10000,300,100,150,300,True,0,None,millimeters
dovetail mill,Dreanique,"DCM-D4.0-30DEG | suitable for Non-standard materials, Plastics, Composites",DCM-D4.0-30DEG,,Carbide,Nano Coat,Mist,50.0,0,4.0,6.0,2.0,2,0.6,4.0,0,0,0,30.0,0.0,0,60,0,0,0,Default,10000,300,100,150,300,True,0,None,millimeters
dovetail mill,Dreanique,"DCM-D4.0-45DEG | suitable for Non-standard materials, Plastics, Composites",DCM-D4.0-45DEG,,Carbide,Nano Coat,Mist,50.0,0,4.0,6.0,2.0,2,1.0,4.0,0,0,0,45.0,0.0,0,60,0,0,0,Default,10000,300,100,150,300,True,0,None,millimeters
dovetail mill,Dreanique,"DCM-D4.0-60DEG | suitable for Non-standard materials, Plastics, Composites",DCM-D4.0-60DEG,,Carbide,Nano Coat,Mist,50.0,0,4.0,6.0,2.0,2,0.577350269189626,4.0,0,0,0,60.0,0.0,0,60,0,0,0,Default,10000,300,100,150,300,True,0,None,millimeters
dovetail mill,Dreanique,"DCM-D5.0-45DEG | suitable for Non-standard materials, Plastics, Composites",DCM-D5.0-45DEG,,Carbide,Nano Coat,Mist,50.0,0,5.0,6.0,2.5,2,1.2,5.0,0,0,0,45.0,0.0,0,60,0,0,0,Default,10000,300,100,150,300,True,0,None,millimeters
dovetail mill,Dreanique,"DCM-D5.0-60DEG | suitable for Non-standard materials, Plastics, Composites",DCM-D5.0-60DEG,,Carbide,Nano Coat,Mist,50.0,0,5.0,6.0,2.5,2,0.7216878364870324,5.0,0,0,0,60.0,0.0,0,60,0,0,0,Default,10000,300,100,150,300,True,0,None,millimeters
dovetail mill,Dreanique,"DCM-D6.0-30DEG | suitable for Non-standard materials, Plastics, Composites",DCM-D6.0-30DEG,,Carbide,Nano Coat,Mist,50.0,0,6.0,8.0,3.0,2,0.9,6.0,0,0,0,30.0,0.0,0,60,0,0,0,Default,10000,300,100,150,300,True,0,None,millimeters
dovetail mill,Dreanique,"DCM-D6.0-45DEG | suitable for Non-standard materials, Plastics, Composites",DCM-D6.0-45DEG,,Carbide,Nano Coat,Mist,50.0,0,6.0,8.0,3.0,2,1.5,6.0,0,0,0,45.0,0.0,0,60,0,0,0,Default,10000,300,100,150,300,True,0,None,millimeters
dovetail mill,Dreanique,"DCM-D6.0-60DEG | suitable for Non-standard materials, Plastics, Composites",DCM-D6.0-60DEG,,Carbide,Nano Coat,Mist,50.0,0,6.0,8.0,3.0,2,0.8660254037844389,6.0,0,0,0,60.0,0.0,0,60,0,0,0,Default,10000,300,100,150,300,True,0,None,millimeters
dovetail mill,Dreanique,"DCM-D8.0-30DEG | suitable for Non-standard materials, Plastics, Composites",DCM-D8.0-30DEG,,Carbide,Nano Coat,Mist,60.0,0,8.0,10.0,4.0,2,1.1,8.0,0,0,0,30.0,0.0,0,60,0,0,0,Default,10000,300,100,150,300,True,0,None,millimeters
dovetail mill,Dreanique,"DCM-D8.0-45DEG | suitable for Non-standard materials, Plastics, Composites",DCM-D8.0-45DEG,,Carbide,Nano Coat,Mist,60.0,0,8.0,10.0,4.0,2,2.0,8.0,0,0,0,45.0,0.0,0,60,0,0,0,Default,10000,300,100,150,300,True,0,None,millimeters
dovetail mill,Dreanique,"DCM-D8.0-60DEG | suitable for Non-standard materials, Plastics, Composites",DCM-D8.0-60DEG,,Carbide,Nano Coat,Mist,60.0,0,8.0,10.0,4.0,2,1.154700538379252,8.0,0,0,0,60.0,0.0,0,60,0,0,0,Default,10000,300,100,150,300,True,0,None,millimeters
dovetail mill,Dreanique,"DCM-D10.0-30DEG | suitable for Non-standard materials, Plastics, Composites",DCM-D10.0-30DEG,,Carbide,Nano Coat,Mist,60.0,0,10.0,10.0,4.0,2,1.7,10.0,0,0,0,30.0,0.0,0,60,0,0,0,Default,10000,300,100,150,300,True,0,None,millimeters
dovetail mill,Dreanique,"DCM-D10.0-45DEG | suitable for Non-standard materials, Plastics, Composites",DCM-D10.0-45DEG,,Carbide,Nano Coat,Mist,60.0,0,10.0,10.0,4.0,2,3.0,10.0,0,0,0,45.0,0.0,0,60,0,0,0,Default,10000,300,100,150,300,True,0,None,millimeters
dovetail mill,Dreanique,"DCM-D10.0-60DEG | suitable for Non-standard materials, Plastics, Composites",DCM-D10.0-60DEG,,Carbide,Nano Coat,Mist,60.0,0,10.0,10.0,4.0,2,1.7320508075688779,10.0,0,0,0,60.0,0.0,0,60,0,0,0,Default,10000,300,100,150,300,True,0,None,millimeters
dovetail mill,Dreanique,"DCM-D12.0-30DEG | suitable for Non-standard materials, Plastics, Composites",DCM-D12.0-30DEG,,Carbide,Nano Coat,Mist,60.0,0,12.0,12.0,5.0,2,2.0,12.0,0,0,0,30.0,0.0,0,60,0,0,0,Default,10000,300,100,150,300,True,0,None,millimeters
dovetail mill,Dreanique,"DCM-D12.0-45DEG | suitable for Non-standard materials, Plastics, Composites",DCM-D12.0-45DEG,,Carbide,Nano Coat,Mist,60.0,0,12.0,12.0,5.0,2,3.5,12.0,0,0,0,45.0,0.0,0,60,0,0,0,Default,10000,300,100,150,300,True,0,None,millimeters
dovetail mill,Dreanique,"DCM-D12.0-60DEG | suitable for Non-standard materials, Plastics, Composites",DCM-D12.0-60DEG,,Carbide,Nano Coat,Mist,60.0,0,12.0,12.0,5.0,2,2.0207259421636907,12.0,0,0,0,60.0,0.0,0,60,0,0,0,Default,10000,300,100,150,300,True,0,None,millimeters
dovetail mill,Dreanique,"DCM-D14.0-30DEG | suitable for Non-standard materials, Plastics, Composites",DCM-D14.0-30DEG,,Carbide,Nano Coat,Mist,80.0,0,14.0,20.0,6.5,2,2.2,14.0,0,0,0,30.0,0.0,0,60,0,0,0,Default,10000,300,100,150,300,True,0,None,millimeters
dovetail mill,Dreanique,"DCM-D14.0-45DEG | suitable for Non-standard materials, Plastics, Composites",DCM-D14.0-45DEG,,Carbide,Nano Coat,Mist,80.0,0,14.0,20.0,6.5,2,3.7,14.0,0,0,0,45.0,0.0,0,60,0,0,0,Default,10000,300,100,150,300,True,0,None,millimeters
dovetail mill,Dreanique,"DCM-D14.0-60DEG | suitable for Non-standard materials, Plastics, Composites",DCM-D14.0-60DEG,,Carbide,Nano Coat,Mist,80.0,0,14.0,20.0,6.5,2,2.1650635094610973,14.0,0,0,0,60.0,0.0,0,60,0,0,0,Default,10000,300,100,150,300,True,0,None,millimeters
dovetail mill,Dreanique,"DCM-D16.0-30DEG | suitable for Non-standard materials, Plastics, Composites",DCM-D16.0-30DEG,,Carbide,Nano Coat,Mist,80.0,0,16.0,20.0,7.5,2,2.5,16.0,0,0,0,30.0,0.0,0,60,0,0,0,Default,10000,300,100,150,300,True,0,None,millimeters
dovetail mill,Dreanique,"DCM-D16.0-45DEG | suitable for Non-standard materials, Plastics, Composites",DCM-D16.0-45DEG,,Carbide,Nano Coat,Mist,80.0,0,16.0,20.0,7.5,2,4.250000000000001,16.0,0,0,0,45.0,0.0,0,60,0,0,0,Default,10000,300,100,150,300,True,0,None,millimeters
dovetail mill,Dreanique,"DCM-D16.0-60DEG | suitable for Non-standard materials, Plastics, Composites",DCM-D16.0-60DEG,,Carbide,Nano Coat,Mist,80.0,0,16.0,20.0,7.5,2,2.4537386440559104,16.0,0,0,0,60.0,0.0,0,60,0,0,0,Default,10000,300,100,150,300,True,0,None,millimeters
dovetail mill,Dreanique,"DCM-D20.0-30DEG | suitable for Non-standard materials, Plastics, Composites",DCM-D20.0-30DEG,,Carbide,Nano Coat,Mist,80.0,0,20.0,20.0,9.5,2,3.0,20.0,0,0,0,30.0,0.0,0,60,0,0,0,Default,10000,300,100,150,300,True,0,None,millimeters
dovetail mill,Dreanique,"DCM-D20.0-45DEG | suitable for Non-standard materials, Plastics, Composites",DCM-D20.0-45DEG,,Carbide,Nano Coat,Mist,80.0,0,20.0,20.0,9.5,2,5.250000000000001,20.0,0,0,0,45.0,0.0,0,60,0,0,0,Default,10000,300,100,150,300,True,0,None,millimeters
dovetail mill,Dreanique,"DCM-D20.0-60DEG | suitable for Non-standard materials, Plastics, Composites",DCM-D20.0-60DEG,,Carbide,Nano Coat,Mist,80.0,0,20.0,20.0,9.5,2,3.031088913245536,20.0,0,0,0,60.0,0.0,0,60,0,0,0,Default,10000,300,100,150,300,True,0,None,millimeters
flat end mill,Dreanique,DSA1F-D1.0-L04 | suitable for Aluminum,DSA1F-D1.0-L04,,Carbide,DLC,Mist,38.1,0,3.175,4.0,1.0,1,4.0,1.0,0,0,0,0.0,0.0,0,60,0,0,0,Default,10000,300,100,150,300,True,0,None,millimeters
flat end mill,Dreanique,DSA1F-D2.0-L06 | suitable for Aluminum,DSA1F-D2.0-L06,,Carbide,DLC,Mist,38.1,0,3.175,6.0,2.0,1,6.0,2.0,0,0,0,0.0,0.0,0,60,0,0,0,Default,10000,300,100,150,300,True,0,None,millimeters
flat end mill,Dreanique,DSA1F-D2.0-L08 | suitable for Aluminum,DSA1F-D2.0-L08,,Carbide,DLC,Mist,38.1,0,3.175,8.0,2.0,1,8.0,2.0,0,0,0,0.0,0.0,0,60,0,0,0,Default,10000,300,100,150,300,True,0,None,millimeters
flat end mill,Dreanique,DSA1F-D2.0-L12 | suitable for Aluminum,DSA1F-D2.0-L12,,Carbide,DLC,Mist,38.1,0,3.175,12.0,2.0,1,12.0,2.0,0,0,0,0.0,0.0,0,60,0,0,0,Default,10000,300,100,150,300,True,0,None,millimeters
flat end mill,Dreanique,DSA1F-D2.5-L12 | suitable for Aluminum,DSA1F-D2.5-L12,,Carbide,DLC,Mist,38.1,0,3.175,12.0,2.5,1,12.0,2.5,0,0,0,0.0,0.0,0,60,0,0,0,Default,10000,300,100,150,300,True,0,None,millimeters
flat end mill,Dreanique,DSA1F-D3.1-L08 | suitable for Aluminum,DSA1F-D3.1-L08,,Carbide,DLC,Mist,38.1,0,3.175,8.0,3.175,1,8.0,3.175,0,0,0,0.0,0.0,0,60,0,0,0,Default,10000,300,100,150,300,True,0,None,millimeters
flat end mill,Dreanique,DSA1F-D3.1-L12 | suitable for Aluminum,DSA1F-D3.1-L12,,Carbide,DLC,Mist,38.1,0,3.175,12.0,3.175,1,12.0,3.175,0,0,0,0.0,0.0,0,60,0,0,0,Default,10000,300,100,150,300,True,0,None,millimeters
flat end mill,Dreanique,DSA1F-D3.1-L17 | suitable for Aluminum,DSA1F-D3.1-L17,,Carbide,DLC,Mist,38.1,0,3.175,17.0,3.175,1,17.0,3.175,0,0,0,0.0,0.0,0,60,0,0,0,Default,10000,300,100,150,300,True,0,None,millimeters
flat end mill,Dreanique,DSA1F-D3.1-L22 | suitable for Aluminum,DSA1F-D3.1-L22,,Carbide,DLC,Mist,50.0,0,3.175,22.0,3.175,1,22.0,3.175,0,0,0,0.0,0.0,0,60,0,0,0,Default,10000,300,100,150,300,True,0,None,millimeters
flat end mill,Dreanique,DSA1F-D4.0-L08 | suitable for Aluminum,DSA1F-D4.0-L08,,Carbide,DLC,Mist,50.0,0,4.0,8.0,4.0,1,8.0,4.0,0,0,0,0.0,0.0,0,60,0,0,0,Default,10000,300,100,150,300,True,0,None,millimeters
flat end mill,Dreanique,DSA1F-D4.0-L12 | suitable for Aluminum,DSA1F-D4.0-L12,,Carbide,DLC,Mist,50.0,0,4.0,12.0,4.0,1,12.0,4.0,0,0,0,0.0,0.0,0,60,0,0,0,Default,10000,300,100,150,300,True,0,None,millimeters
flat end mill,Dreanique,DSA1F-D4.0-L15 | suitable for Aluminum,DSA1F-D4.0-L15,,Carbide,DLC,Mist,50.0,0,4.0,15.0,4.0,1,15.0,4.0,0,0,0,0.0,0.0,0,60,0,0,0,Default,10000,300,100,150,300,True,0,None,millimeters
flat end mill,Dreanique,DSA1F-D4.0-L17 | suitable for Aluminum,DSA1F-D4.0-L17,,Carbide,DLC,Mist,50.0,0,4.0,17.0,4.0,1,17.0,4.0,0,0,0,0.0,0.0,0,60,0,0,0,Default,10000,300,100,150,300,True,0,None,millimeters
flat end mill,Dreanique,DSA1F-D4.0-L22 | suitable for Aluminum,DSA1F-D4.0-L22,,Carbide,DLC,Mist,50.0,0,4.0,22.0,4.0,1,22.0,4.0,0,0,0,0.0,0.0,0,60,0,0,0,Default,10000,300,100,150,300,True,0,None,millimeters
flat end mill,Dreanique,DSA1F-D4.0-L25 | suitable for Aluminum,DSA1F-D4.0-L25,,Carbide,DLC,Mist,50.0,0,4.0,25.0,4.0,1,25.0,4.0,0,0,0,0.0,0.0,0,60,0,0,0,Default,10000,300,100,150,300,True,0,None,millimeters
flat end mill,Dreanique,DSA1F-D5.0-L22 | suitable for Aluminum,DSA1F-D5.0-L22,,Carbide,DLC,Mist,50.0,0,5.0,22.0,5.0,1,22.0,5.0,0,0,0,0.0,0.0,0,60,0,0,0,Default,10000,300,100,150,300,True,0,None,millimeters
flat end mill,Dreanique,DSA1F-D6.0-L12 | suitable for Aluminum,DSA1F-D6.0-L12,,Carbide,DLC,Mist,50.0,0,6.0,12.0,6.0,1,12.0,6.0,0,0,0,0.0,0.0,0,60,0,0,0,Default,10000,300,100,150,300,True,0,None,millimeters
flat end mill,Dreanique,DSA1F-D6.0-L15 | suitable for Aluminum,DSA1F-D6.0-L15,,Carbide,DLC,Mist,50.0,0,6.0,15.0,6.0,1,15.0,6.0,0,0,0,0.0,0.0,0,60,0,0,0,Default,10000,300,100,150,300,True,0,None,millimeters
flat end mill,Dreanique,DSA1F-D6.0-L17 | suitable for Aluminum,DSA1F-D6.0-L17,,Carbide,DLC,Mist,50.0,0,6.0,17.0,6.0,1,17.0,6.0,0,0,0,0.0,0.0,0,60,0,0,0,Default,10000,300,100,150,300,True,0,None,millimeters
flat end mill,Dreanique,DSA1F-D6.0-L22 | suitable for Aluminum,DSA1F-D6.0-L22,,Carbide,DLC,Mist,50.0,0,6.0,22.0,6.0,1,22.0,6.0,0,0,0,0.0,0.0,0,60,0,0,0,Default,10000,300,100,150,300,True,0,None,millimeters
flat end mill,Dreanique,DSA1F-D6.0-L25 | suitable for Aluminum,DSA1F-D6.0-L25,,Carbide,DLC,Mist,50.0,0,6.0,25.0,6.0,1,25.0,6.0,0,0,0,0.0,0.0,0,60,0,0,0,Default,10000,300,100,150,300,True,0,None,millimeters
flat end mill,Dreanique,DSA1F-D6.0-L32 | suitable for Aluminum,DSA1F-D6.0-L32,,Carbide,DLC,Mist,75.0,0,6.0,32.0,6.0,1,32.0,6.0,0,0,0,0.0,0.0,0,60,0,0,0,Default,10000,300,100,150,300,True,0,None,millimeters
flat end mill,Dreanique,DSA1F-D8.0-L17 | suitable for Aluminum,DSA1F-D8.0-L17,,Carbide,DLC,Mist,60.0,0,8.0,17.0,8.0,1,17.0,8.0,0,0,0,0.0,0.0,0,60,0,0,0,Default,10000,300,100,150,300,True,0,None,millimeters
flat end mill,Dreanique,DSA1F-D8.0-L22 | suitable for Aluminum,DSA1F-D8.0-L22,,Carbide,DLC,Mist,60.0,0,8.0,22.0,8.0,1,22.0,8.0,0,0,0,0.0,0.0,0,60,0,0,0,Default,10000,300,100,150,300,True,0,None,millimeters
flat end mill,Dreanique,DSA1F-D8.0-L25 | suitable for Aluminum,DSA1F-D8.0-L25,,Carbide,DLC,Mist,60.0,0,8.0,25.0,8.0,1,25.0,8.0,0,0,0,0.0,0.0,0,60,0,0,0,Default,10000,300,100,150,300,True,0,None,millimeters
flat end mill,Dreanique,DSA1F-D8.0-L32 | suitable for Aluminum,DSA1F-D8.0-L32,,Carbide,DLC,Mist,75.0,0,8.0,32.0,8.0,1,32.0,8.0,0,0,0,0.0,0.0,0,60,0,0,0,Default,10000,300,100,150,300,True,0,None,millimeters
flat end mill,Dreanique,DSA1F-D10.0-L32 | suitable for Aluminum,DSA1F-D10.0-L32,,Carbide,DLC,Mist,75.0,0,10.0,32.0,10.0,1,32.0,10.0,0,0,0,0.0,0.0,0,60,0,0,0,Default,10000,300,100,150,300,True,0,None,millimeters
flat end mill,Dreanique,DSA1F-D10.0-L42 | suitable for Aluminum,DSA1F-D10.0-L42,,Carbide,DLC,Mist,100.0,0,10.0,42.0,10.0,1,42.0,10.0,0,0,0,0.0,0.0,0,60,0,0,0,Default,10000,300,100,150,300,True,0,None,millimeters
flat end mill,Dreanique,DSA1F-D12.0-L32 | suitable for Aluminum,DSA1F-D12.0-L32,,Carbide,DLC,Mist,75.0,0,12.0,32.0,10.0,1,32.0,10.0,0,0,0,0.0,0.0,0,60,0,0,0,Default,10000,300,100,150,300,True,0,None,millimeters
flat end mill,Dreanique,DSA1F-D12.0-L42 | suitable for Aluminum,DSA1F-D12.0-L42,,Carbide,DLC,Mist,100.0,0,12.0,42.0,10.0,1,42.0,10.0,0,0,0,0.0,0.0,0,60,0,0,0,Default,10000,300,100,150,300,True,0,None,millimeters
flat end mill,Dreanique,DSP1F-D1.0-L03 | suitable for Acrylic,DSP1F-D1.0-L03,,Carbide,DLC,Mist,38.1,0,3.175,3.0,1.0,1,3.0,1.0,0,0,0,0.0,0.0,0,60,0,0,0,Default,10000,300,100,150,300,True,0,None,millimeters
flat end mill,Dreanique,DSP1F-D1.0-L04 | suitable for Acrylic,DSP1F-D1.0-L04,,Carbide,DLC,Mist,38.1,0,3.175,4.0,1.0,1,4.0,1.0,0,0,0,0.0,0.0,0,60,0,0,0,Default,10000,300,100,150,300,True,0,None,millimeters
flat end mill,Dreanique,DSP1F-D1.5-L05 | suitable for Acrylic,DSP1F-D1.5-L05,,Carbide,DLC,Mist,38.1,0,3.175,5.0,1.5,1,5.0,1.5,0,0,0,0.0,0.0,0,60,0,0,0,Default,10000,300,100,150,300,True,0,None,millimeters
flat end mill,Dreanique,DSP1F-D2.0-L04 | suitable for Acrylic,DSP1F-D2.0-L04,,Carbide,DLC,Mist,38.1,0,3.175,4.0,2.0,1,4.0,2.0,0,0,0,0.0,0.0,0,60,0,0,0,Default,10000,300,100,150,300,True,0,None,millimeters
flat end mill,Dreanique,DSP1F-D2.0-L06 | suitable for Acrylic,DSP1F-D2.0-L06,,Carbide,DLC,Mist,38.1,0,3.175,6.0,2.0,1,6.0,2.0,0,0,0,0.0,0.0,0,60,0,0,0,Default,10000,300,100,150,300,True,0,None,millimeters
flat end mill,Dreanique,DSP1F-D2.0-L08 | suitable for Acrylic,DSP1F-D2.0-L08,,Carbide,DLC,Mist,38.1,0,3.175,8.0,2.0,1,8.0,2.0,0,0,0,0.0,0.0,0,60,0,0,0,Default,10000,300,100,150,300,True,0,None,millimeters
flat end mill,Dreanique,DSP1F-D2.5-L06 | suitable for Acrylic,DSP1F-D2.5-L06,,Carbide,DLC,Mist,38.1,0,3.175,6.0,2.5,1,6.0,2.5,0,0,0,0.0,0.0,0,60,0,0,0,Default,10000,300,100,150,300,True,0,None,millimeters
flat end mill,Dreanique,DSP1F-D2.5-L08 | suitable for Acrylic,DSP1F-D2.5-L08,,Carbide,DLC,Mist,38.1,0,3.175,8.0,2.5,1,8.0,2.5,0,0,0,0.0,0.0,0,60,0,0,0,Default,10000,300,100,150,300,True,0,None,millimeters
flat end mill,Dreanique,DSP1F-D2.5-L10 | suitable for Acrylic,DSP1F-D2.5-L10,,Carbide,DLC,Mist,38.1,0,3.175,10.0,2.5,1,10.0,2.5,0,0,0,0.0,0.0,0,60,0,0,0,Default,10000,300,100,150,300,True,0,None,millimeters
flat end mill,Dreanique,DSP1F-D3.1-L06 | suitable for Acrylic,DSP1F-D3.1-L06,,Carbide,DLC,Mist,38.1,0,3.175,6.0,3.175,1,6.0,3.175,0,0,0,0.0,0.0,0,60,0,0,0,Default,10000,300,100,150,300,True,0,None,millimeters
flat end mill,Dreanique,DSP1F-D3.1-L08 | suitable for Acrylic,DSP1F-D3.1-L08,,Carbide,DLC,Mist,38.1,0,3.175,8.0,3.175,1,8.0,3.175,0,0,0,0.0,0.0,0,60,0,0,0,Default,10000,300,100,150,300,True,0,None,millimeters
flat end mill,Dreanique,DSP1F-D3.1-L10 | suitable for Acrylic,DSP1F-D3.1-L10,,Carbide,DLC,Mist,38.1,0,3.175,10.0,3.175,1,10.0,3.175,0,0,0,0.0,0.0,0,60,0,0,0,Default,10000,300,100,150,300,True,0,None,millimeters
flat end mill,Dreanique,DSP1F-D3.1-L12 | suitable for Acrylic,DSP1F-D3.1-L12,,Carbide,DLC,Mist,38.1,0,3.175,12.0,3.175,1,12.0,3.175,0,0,0,0.0,0.0,0,60,0,0,0,Default,10000,300,100,150,300,True,0,None,millimeters
flat end mill,Dreanique,DSP1F-D3.1-L15 | suitable for Acrylic,DSP1F-D3.1-L15,,Carbide,DLC,Mist,38.1,0,3.175,15.0,3.175,1,15.0,3.175,0,0,0,0.0,0.0,0,60,0,0,0,Default,10000,300,100,150,300,True,0,None,millimeters
flat end mill,Dreanique,DSP1F-D3.1-L17 | suitable for Acrylic,DSP1F-D3.1-L17,,Carbide,DLC,Mist,38.1,0,3.175,17.0,3.175,1,17.0,3.175,0,0,0,0.0,0.0,0,60,0,0,0,Default,10000,300,100,150,300,True,0,None,millimeters
flat end mill,Dreanique,DSP1F-D3.1-L22 | suitable for Acrylic,DSP1F-D3.1-L22,,Carbide,DLC,Mist,50.0,0,3.175,22.0,3.175,1,22.0,3.175,0,0,0,0.0,0.0,0,60,0,0,0,Default,10000,300,100,150,300,True,0,None,millimeters
flat end mill,Dreanique,DSP1F-D4.0-L08 | suitable for Acrylic,DSP1F-D4.0-L08,,Carbide,DLC,Mist,50.0,0,4.0,8.0,4.0,1,8.0,4.0,0,0,0,0.0,0.0,0,60,0,0,0,Default,10000,300,100,150,300,True,0,None,millimeters
flat end mill,Dreanique,DSP1F-D4.0-L12 | suitable for Acrylic,DSP1F-D4.0-L12,,Carbide,DLC,Mist,50.0,0,4.0,12.0,4.0,1,12.0,4.0,0,0,0,0.0,0.0,0,60,0,0,0,Default,10000,300,100,150,300,True,0,None,millimeters
flat end mill,Dreanique,DSP1F-D4.0-L15 | suitable for Acrylic,DSP1F-D4.0-L15,,Carbide,DLC,Mist,50.0,0,4.0,15.0,4.0,1,15.0,4.0,0,0,0,0.0,0.0,0,60,0,0,0,Default,10000,300,100,150,300,True,0,None,millimeters
flat end mill,Dreanique,DSP1F-D4.0-L17 | suitable for Acrylic,DSP1F-D4.0-L17,,Carbide,DLC,Mist,50.0,0,4.0,17.0,4.0,1,17.0,4.0,0,0,0,0.0,0.0,0,60,0,0,0,Default,10000,300,100,150,300,True,0,None,millimeters
flat end mill,Dreanique,DSP1F-D4.0-L22 | suitable for Acrylic,DSP1F-D4.0-L22,,Carbide,DLC,Mist,50.0,0,4.0,22.0,4.0,1,22.0,4.0,0,0,0,0.0,0.0,0,60,0,0,0,Default,10000,300,100,150,300,True,0,None,millimeters
flat end mill,Dreanique,DSP1F-D5.0-L20 | suitable for Acrylic,DSP1F-D5.0-L20,,Carbide,DLC,Mist,50.0,0,5.0,20.0,5.0,1,20.0,5.0,0,0,0,0.0,0.0,0,60,0,0,0,Default,10000,300,100,150,300,True,0,None,millimeters
flat end mill,Dreanique,DSP1F-D6.0-L12 | suitable for Acrylic,DSP1F-D6.0-L12,,Carbide,DLC,Mist,50.0,0,6.0,12.0,6.0,1,12.0,6.0,0,0,0,0.0,0.0,0,60,0,0,0,Default,10000,300,100,150,300,True,0,None,millimeters
flat end mill,Dreanique,DSP1F-D6.0-L15 | suitable for Acrylic,DSP1F-D6.0-L15,,Carbide,DLC,Mist,50.0,0,6.0,15.0,6.0,1,15.0,6.0,0,0,0,0.0,0.0,0,60,0,0,0,Default,10000,300,100,150,300,True,0,None,millimeters
flat end mill,Dreanique,DSP1F-D6.0-L17 | suitable for Acrylic,DSP1F-D6.0-L17,,Carbide,DLC,Mist,50.0,0,6.0,17.0,6.0,1,17.0,6.0,0,0,0,0.0,0.0,0,60,0,0,0,Default,10000,300,100,150,300,True,0,None,millimeters
flat end mill,Dreanique,DSP1F-D6.0-L22 | suitable for Acrylic,DSP1F-D6.0-L22,,Carbide,DLC,Mist,50.0,0,6.0,22.0,6.0,1,22.0,6.0,0,0,0,0.0,0.0,0,60,0,0,0,Default,10000,300,100,150,300,True,0,None,millimeters
flat end mill,Dreanique,DSP1F-D6.0-L32 | suitable for Acrylic,DSP1F-D6.0-L32,,Carbide,DLC,Mist,75.0,0,6.0,32.0,6.0,1,32.0,6.0,0,0,0,0.0,0.0,0,60,0,0,0,Default,10000,300,100,150,300,True,0,None,millimeters
flat end mill,Dreanique,DSP1F-D8.0-L32 | suitable for Acrylic,DSP1F-D8.0-L32,,Carbide,DLC,Mist,75.0,0,8.0,32.0,8.0,1,32.0,8.0,0,0,0,0.0,0.0,0,60,0,0,0,Default,10000,300,100,150,300,True,0,None,millimeters
flat end mill,Dreanique,DSP1F-D10.0-L45 | suitable for Acrylic,DSP1F-D10.0-L45,,Carbide,DLC,Mist,100.0,0,10.0,45.0,10.0,1,45.0,10.0,0,0,0,0.0,0.0,0,60,0,0,0,Default,10000,300,100,150,300,True,0,None,millimeters
flat end mill,Dreanique,DSP1F-D12.0-L45 | suitable for Acrylic,DSP1F-D12.0-L45,,Carbide,DLC,Mist,100.0,0,12.0,45.0,12.0,1,45.0,12.0,0,0,0,0.0,0.0,0,60,0,0,0,Default,10000,300,100,150,300,True,0,None,millimeters
flat end mill,Dreanique,"DSP2FC-D3.1-L12 | suitable for Hardwood, Softwood, Laminate, MDF, HDF, Veneered Plywood, Particle Board",DSP2FC-D3.1-L12,,Carbide,DLC,Mist,38.1,0,3.175,12.0,3.1,2,12.0,3.1,0,0,0,0.0,0.0,0,60,0,0,0,Default,10000,300,100,150,300,True,0,None,millimeters
flat end mill,Dreanique,"DSP2FC-D3.1-L17 | suitable for Hardwood, Softwood, Laminate, MDF, HDF, Veneered Plywood, Particle Board",DSP2FC-D3.1-L17,,Carbide,DLC,Mist,38.1,0,3.175,17.0,3.1,2,17.0,3.1,0,0,0,0.0,0.0,0,60,0,0,0,Default,10000,300,100,150,300,True,0,None,millimeters
flat end mill,Dreanique,"DSP2FC-D3.1-L22 | suitable for Hardwood, Softwood, Laminate, MDF, HDF, Veneered Plywood, Particle Board",DSP2FC-D3.1-L22,,Carbide,DLC,Mist,50.0,0,3.175,22.0,3.1,2,22.0,3.1,0,0,0,0.0,0.0,0,60,0,0,0,Default,10000,300,100,150,300,True,0,None,millimeters
flat end mill,Dreanique,"DSP2FC-D4.0-L17 | suitable for Hardwood, Softwood, Laminate, MDF, HDF, Veneered Plywood, Particle Board",DSP2FC-D4.0-L17,,Carbide,DLC,Mist,50.0,0,4.0,17.0,4.0,2,17.0,4.0,0,0,0,0.0,0.0,0,60,0,0,0,Default,10000,300,100,150,300,True,0,None,millimeters
flat end mill,Dreanique,"DSP2FC-D4.0-L22 | suitable for Hardwood, Softwood, Laminate, MDF, HDF, Veneered Plywood, Particle Board",DSP2FC-D4.0-L22,,Carbide,DLC,Mist,50.0,0,4.0,22.0,4.0,2,22.0,4.0,0,0,0,0.0,0.0,0,60,0,0,0,Default,10000,300,100,150,300,True,0,None,millimeters
flat end mill,Dreanique,"DSP2FC-D4.0-L25 | suitable for Hardwood, Softwood, Laminate, MDF, HDF, Veneered Plywood, Particle Board",DSP2FC-D4.0-L25,,Carbide,DLC,Mist,50.0,0,4.0,25.0,4.0,2,25.0,4.0,0,0,0,0.0,0.0,0,60,0,0,0,Default,10000,300,100,150,300,True,0,None,millimeters
flat end mill,Dreanique,"DSP2FC-D5.0-L17 | suitable for Hardwood, Softwood, Laminate, MDF, HDF, Veneered Plywood, Particle Board",DSP2FC-D5.0-L17,,Carbide,DLC,Mist,50.0,0,5.0,17.0,5.0,2,17.0,5.0,0,0,0,0.0,0.0,0,60,0,0,0,Default,10000,300,100,150,300,True,0,None,millimeters
flat end mill,Dreanique,"DSP2FC-D5.0-L22 | suitable for Hardwood, Softwood, Laminate, MDF, HDF, Veneered Plywood, Particle Board",DSP2FC-D5.0-L22,,Carbide,DLC,Mist,50.0,0,5.0,22.0,5.0,2,22.0,5.0,0,0,0,0.0,0.0,0,60,0,0,0,Default,10000,300,100,150,300,True,0,None,millimeters
flat end mill,Dreanique,"DSP2FC-D6.0-L17 | suitable for Hardwood, Softwood, Laminate, MDF, HDF, Veneered Plywood, Particle Board",DSP2FC-D6.0-L17,,Carbide,DLC,Mist,50.0,0,6.0,17.0,6.0,2,17.0,6.0,0,0,0,0.0,0.0,0,60,0,0,0,Default,10000,300,100,150,300,True,0,None,millimeters
flat end mill,Dreanique,"DSP2FC-D6.0-L22 | suitable for Hardwood, Softwood, Laminate, MDF, HDF, Veneered Plywood, Particle Board",DSP2FC-D6.0-L22,,Carbide,DLC,Mist,50.0,0,6.0,22.0,6.0,2,22.0,6.0,0,0,0,0.0,0.0,0,60,0,0,0,Default,10000,300,100,150,300,True,0,None,millimeters
flat end mill,Dreanique,"DSP2FC-D6.0-L25 | suitable for Hardwood, Softwood, Laminate, MDF, HDF, Veneered Plywood, Particle Board",DSP2FC-D6.0-L25,,Carbide,DLC,Mist,60.0,0,6.0,25.0,6.0,2,25.0,6.0,0,0,0,0.0,0.0,0,60,0,0,0,Default,10000,300,100,150,300,True,0,None,millimeters
flat end mill,Dreanique,"DSP2FC-D6.0-L32 | suitable for Hardwood, Softwood, Laminate, MDF, HDF, Veneered Plywood, Particle Board",DSP2FC-D6.0-L32,,Carbide,DLC,Mist,75.0,0,6.0,32.0,6.0,2,32.0,6.0,0,0,0,0.0,0.0,0,60,0,0,0,Default,10000,300,100,150,300,True,0,None,millimeters
flat end mill,Dreanique,"DSP2FC-D8.0-L22 | suitable for Hardwood, Softwood, Laminate, MDF, HDF, Veneered Plywood, Particle Board",DSP2FC-D8.0-L22,,Carbide,DLC,Mist,60.0,0,8.0,22.0,8.0,2,22.0,8.0,0,0,0,0.0,0.0,0,60,0,0,0,Default,10000,300,100,150,300,True,0,None,millimeters
flat end mill,Dreanique,"DSP2FC-D8.0-L32 | suitable for Hardwood, Softwood, Laminate, MDF, HDF, Veneered Plywood, Particle Board",DSP2FC-D8.0-L32,,Carbide,DLC,Mist,75.0,0,8.0,32.0,8.0,2,32.0,8.0,0,0,0,0.0,0.0,0,60,0,0,0,Default,10000,300,100,150,300,True,0,None,millimeters
flat end mill,Dreanique,"DSP2FC-D8.0-L45 | suitable for Hardwood, Softwood, Laminate, MDF, HDF, Veneered Plywood, Particle Board",DSP2FC-D8.0-L45,,Carbide,DLC,Mist,100.0,0,8.0,45.0,8.0,2,45.0,8.0,0,0,0,0.0,0.0,0,60,0,0,0,Default,10000,300,100,150,300,True,0,None,millimeters
flat end mill,Dreanique,"DSP2FC-D10.0-L35 | suitable for Hardwood, Softwood, Laminate, MDF, HDF, Veneered Plywood, Particle Board",DSP2FC-D10.0-L35,,Carbide,DLC,Mist,75.0,0,10.0,35.0,10.0,2,35.0,10.0,0,0,0,0.0,0.0,0,60,0,0,0,Default,10000,300,100,150,300,True,0,None,millimeters
flat end mill,Dreanique,"DSP2FC-D10.0-L45 | suitable for Hardwood, Softwood, Laminate, MDF, HDF, Veneered Plywood, Particle Board",DSP2FC-D10.0-L45,,Carbide,DLC,Mist,100.0,0,10.0,45.0,10.0,2,45.0,10.0,0,0,0,0.0,0.0,0,60,0,0,0,Default,10000,300,100,150,300,True,0,None,millimeters
flat end mill,Dreanique,"DSP2FC-D12.0-L35 | suitable for Hardwood, Softwood, Laminate, MDF, HDF, Veneered Plywood, Particle Board",DSP2FC-D12.0-L35,,Carbide,DLC,Mist,75.0,0,12.0,35.0,12.0,2,35.0,12.0,0,0,0,0.0,0.0,0,60,0,0,0,Default,10000,300,100,150,300,True,0,None,millimeters
flat end mill,Dreanique,"DSP2FC-D12.0-L45 | suitable for Hardwood, Softwood, Laminate, MDF, HDF, Veneered Plywood, Particle Board",DSP2FC-D12.0-L45,,Carbide,DLC,Mist,100.0,0,12.0,45.0,12.0,2,45.0,12.0,0,0,0,0.0,0.0,0,60,0,0,0,Default,10000,300,100,150,300,True,0,None,millimeters
flat end mill,Dreanique,"DSP2FC-D14.0-L52 | suitable for Hardwood, Softwood, Laminate, MDF, HDF, Veneered Plywood, Particle Board",DSP2FC-D14.0-L52,,Carbide,DLC,Mist,100.0,0,14.0,65.0,14.0,2,65.0,14.0,0,0,0,0.0,0.0,0,60,0,0,0,Default,10000,300,100,150,300,True,0,None,millimeters
flat end mill,Dreanique,"DSP2FC-D16.0-L52 | suitable for Hardwood, Softwood, Laminate, MDF, HDF, Veneered Plywood, Particle Board",DSP2FC-D16.0-L52,,Carbide,DLC,Mist,100.0,0,16.0,65.0,16.0,2,65.0,16.0,0,0,0,0.0,0.0,0,60,0,0,0,Default,10000,300,100,150,300,True,0,None,millimeters
flat end mill,Dreanique,"DST2F-D2.0-L12 | suitable for Hardwood, Softwood, Laminate, MDF, HDF, Veneered Plywood, Particle Board",DST2F-D2.0-L12,,Carbide,DLC,Mist,38.1,0,3.175,12.0,2.0,2,12.0,2.0,0,0,0,0.0,0.0,0,60,0,0,0,Default,10000,300,100,150,300,True,0,None,millimeters
flat end mill,Dreanique,"DST2F-D2.0-L17 | suitable for Hardwood, Softwood, Laminate, MDF, HDF, Veneered Plywood, Particle Board",DST2F-D2.0-L17,,Carbide,DLC,Mist,38.1,0,3.175,17.0,2.0,2,17.0,2.0,0,0,0,0.0,0.0,0,60,0,0,0,Default,10000,300,100,150,300,True,0,None,millimeters
flat end mill,Dreanique,"DST2F-D2.0-L22 | suitable for Hardwood, Softwood, Laminate, MDF, HDF, Veneered Plywood, Particle Board",DST2F-D2.0-L22,,Carbide,DLC,Mist,50.0,0,3.175,22.0,2.0,2,22.0,2.0,0,0,0,0.0,0.0,0,60,0,0,0,Default,10000,300,100,150,300,True,0,None,millimeters
flat end mill,Dreanique,"DST2F-D3.1-L12 | suitable for Hardwood, Softwood, Laminate, MDF, HDF, Veneered Plywood, Particle Board",DST2F-D3.1-L12,,Carbide,DLC,Mist,38.1,0,3.175,12.0,3.175,2,12.0,3.175,0,0,0,0.0,0.0,0,60,0,0,0,Default,10000,300,100,150,300,True,0,None,millimeters
flat end mill,Dreanique,"DST2F-D3.1-L15 | suitable for Hardwood, Softwood, Laminate, MDF, HDF, Veneered Plywood, Particle Board",DST2F-D3.1-L15,,Carbide,DLC,Mist,38.1,0,3.175,15.0,3.175,2,15.0,3.175,0,0,0,0.0,0.0,0,60,0,0,0,Default,10000,300,100,150,300,True,0,None,millimeters
flat end mill,Dreanique,"DST2F-D3.1-L17 | suitable for Hardwood, Softwood, Laminate, MDF, HDF, Veneered Plywood, Particle Board",DST2F-D3.1-L17,,Carbide,DLC,Mist,38.1,0,3.175,17.0,3.175,2,17.0,3.175,0,0,0,0.0,0.0,0,60,0,0,0,Default,10000,300,100,150,300,True,0,None,millimeters
flat end mill,Dreanique,"DST2F-D3.1-L22 | suitable for Hardwood, Softwood, Laminate, MDF, HDF, Veneered Plywood, Particle Board",DST2F-D3.1-L22,,Carbide,DLC,Mist,50.0,0,3.175,22.0,3.175,2,22.0,3.175,0,0,0,0.0,0.0,0,60,0,0,0,Default,10000,300,100,150,300,True,0,None,millimeters
flat end mill,Dreanique,"DST2F-D3.1-L25 | suitable for Hardwood, Softwood, Laminate, MDF, HDF, Veneered Plywood, Particle Board",DST2F-D3.1-L25,,Carbide,DLC,Mist,50.0,0,3.175,25.0,3.175,2,25.0,3.175,0,0,0,0.0,0.0,0,60,0,0,0,Default,10000,300,100,150,300,True,0,None,millimeters
flat end mill,Dreanique,"DST2F-D3.1-L28 | suitable for Hardwood, Softwood, Laminate, MDF, HDF, Veneered Plywood, Particle Board",DST2F-D3.1-L28,,Carbide,DLC,Mist,50.0,0,3.175,28.0,3.175,2,28.0,3.175,0,0,0,0.0,0.0,0,60,0,0,0,Default,10000,300,100,150,300,True,0,None,millimeters
flat end mill,Dreanique,"DST2F-D3.1-L32 | suitable for Hardwood, Softwood, Laminate, MDF, HDF, Veneered Plywood, Particle Board",DST2F-D3.1-L32,,Carbide,DLC,Mist,60.0,0,3.175,32.0,3.175,2,32.0,3.175,0,0,0,0.0,0.0,0,60,0,0,0,Default,10000,300,100,150,300,True,0,None,millimeters
flat end mill,Dreanique,"DST2F-D4.0-L12 | suitable for Hardwood, Softwood, Laminate, MDF, HDF, Veneered Plywood, Particle Board",DST2F-D4.0-L12,,Carbide,DLC,Mist,50.0,0,4.0,12.0,4.0,2,12.0,4.0,0,0,0,0.0,0.0,0,60,0,0,0,Default,10000,300,100,150,300,True,0,None,millimeters
flat end mill,Dreanique,"DST2F-D4.0-L17 | suitable for Hardwood, Softwood, Laminate, MDF, HDF, Veneered Plywood, Particle Board",DST2F-D4.0-L17,,Carbide,DLC,Mist,50.0,0,4.0,17.0,4.0,2,17.0,4.0,0,0,0,0.0,0.0,0,60,0,0,0,Default,10000,300,100,150,300,True,0,None,millimeters
flat end mill,Dreanique,"DST2F-D4.0-L22 | suitable for Hardwood, Softwood, Laminate, MDF, HDF, Veneered Plywood, Particle Board",DST2F-D4.0-L22,,Carbide,DLC,Mist,50.0,0,4.0,22.0,4.0,2,22.0,4.0,0,0,0,0.0,0.0,0,60,0,0,0,Default,10000,300,100,150,300,True,0,None,millimeters
flat end mill,Dreanique,"DST2F-D4.0-L25 | suitable for Hardwood, Softwood, Laminate, MDF, HDF, Veneered Plywood, Particle Board",DST2F-D4.0-L25,,Carbide,DLC,Mist,50.0,0,4.0,25.0,4.0,2,25.0,4.0,0,0,0,0.0,0.0,0,60,0,0,0,Default,10000,300,100,150,300,True,0,None,millimeters
flat end mill,Dreanique,"DST2F-D4.0-L28 | suitable for Hardwood, Softwood, Laminate, MDF, HDF, Veneered Plywood, Particle Board",DST2F-D4.0-L28,,Carbide,DLC,Mist,50.0,0,4.0,28.0,4.0,2,28.0,4.0,0,0,0,0.0,0.0,0,60,0,0,0,Default,10000,300,100,150,300,True,0,None,millimeters
flat end mill,Dreanique,"DST2F-D4.0-L32 | suitable for Hardwood, Softwood, Laminate, MDF, HDF, Veneered Plywood, Particle Board",DST2F-D4.0-L32,,Carbide,DLC,Mist,60.0,0,4.0,32.0,4.0,2,32.0,4.0,0,0,0,0.0,0.0,0,60,0,0,0,Default,10000,300,100,150,300,True,0,None,millimeters
flat end mill,Dreanique,"DST2F-D5.0-L22 | suitable for Hardwood, Softwood, Laminate, MDF, HDF, Veneered Plywood, Particle Board",DST2F-D5.0-L22,,Carbide,DLC,Mist,50.0,0,5.0,22.0,5.0,2,22.0,5.0,0,0,0,0.0,0.0,0,60,0,0,0,Default,10000,300,100,150,300,True,0,None,millimeters
flat end mill,Dreanique,"DST2F-D6.0-L22 | suitable for Hardwood, Softwood, Laminate, MDF, HDF, Veneered Plywood, Particle Board",DST2F-D6.0-L22,,Carbide,DLC,Mist,50.0,0,6.0,22.0,6.0,2,22.0,6.0,0,0,0,0.0,0.0,0,60,0,0,0,Default,10000,300,100,150,300,True,0,None,millimeters
flat end mill,Dreanique,"DST2F-D6.0-L25 | suitable for Hardwood, Softwood, Laminate, MDF, HDF, Veneered Plywood, Particle Board",DST2F-D6.0-L25,,Carbide,DLC,Mist,50.0,0,6.0,25.0,6.0,2,25.0,6.0,0,0,0,0.0,0.0,0,60,0,0,0,Default,10000,300,100,150,300,True,0,None,millimeters
flat end mill,Dreanique,"DST2F-D6.0-L28 | suitable for Hardwood, Softwood, Laminate, MDF, HDF, Veneered Plywood, Particle Board",DST2F-D6.0-L28,,Carbide,DLC,Mist,75.0,0,6.0,28.0,6.0,2,28.0,6.0,0,0,0,0.0,0.0,0,60,0,0,0,Default,10000,300,100,150,300,True,0,None,millimeters
flat end mill,Dreanique,"DST2F-D6.0-L32 | suitable for Hardwood, Softwood, Laminate, MDF, HDF, Veneered Plywood, Particle Board",DST2F-D6.0-L32,,Carbide,DLC,Mist,75.0,0,6.0,32.0,6.0,2,32.0,6.0,0,0,0,0.0,0.0,0,60,0,0,0,Default,10000,300,100,150,300,True,0,None,millimeters
flat end mill,Dreanique,"DST2F-D6.0-L42 | suitable for Hardwood, Softwood, Laminate, MDF, HDF, Veneered Plywood, Particle Board",DST2F-D6.0-L42,,Carbide,DLC,Mist,75.0,0,6.0,42.0,6.0,2,42.0,6.0,0,0,0,0.0,0.0,0,60,0,0,0,Default,10000,300,100,150,300,True,0,None,millimeters
flat end mill,Dreanique,"DST2F-D6.0-L52 | suitable for Hardwood, Softwood, Laminate, MDF, HDF, Veneered Plywood, Particle Board",DST2F-D6.0-L52,,Carbide,DLC,Mist,100.0,0,6.0,52.0,6.0,2,52.0,6.0,0,0,0,0.0,0.0,0,60,0,0,0,Default,10000,300,100,150,300,True,0,None,millimeters
flat end mill,Dreanique,"DST2F-D8.0-L32 | suitable for Hardwood, Softwood, Laminate, MDF, HDF, Veneered Plywood, Particle Board",DST2F-D8.0-L32,,Carbide,DLC,Mist,75.0,0,8.0,32.0,8.0,2,32.0,8.0,0,0,0,0.0,0.0,0,60,0,0,0,Default,10000,300,100,150,300,True,0,None,millimeters
flat end mill,Dreanique,"DST2F-D8.0-L42 | suitable for Hardwood, Softwood, Laminate, MDF, HDF, Veneered Plywood, Particle Board",DST2F-D8.0-L42,,Carbide,DLC,Mist,100.0,0,8.0,42.0,8.0,2,42.0,8.0,0,0,0,0.0,0.0,0,60,0,0,0,Default,10000,300,100,150,300,True,0,None,millimeters
flat end mill,Dreanique,"DST2F-D8.0-L52 | suitable for Hardwood, Softwood, Laminate, MDF, HDF, Veneered Plywood, Particle Board",DST2F-D8.0-L52,,Carbide,DLC,Mist,100.0,0,8.0,52.0,8.0,2,52.0,8.0,0,0,0,0.0,0.0,0,60,0,0,0,Default,10000,300,100,150,300,True,0,None,millimeters
flat end mill,Dreanique,"DST2F-D8.0-L62 | suitable for Hardwood, Softwood, Laminate, MDF, HDF, Veneered Plywood, Particle Board",DST2F-D8.0-L62,,Carbide,DLC,Mist,100.0,0,8.0,62.0,8.0,2,62.0,8.0,0,0,0,0.0,0.0,0,60,0,0,0,Default,10000,300,100,150,300,True,0,None,millimeters
flat end mill,Dreanique,"DST2F-D10.0-L52 | suitable for Hardwood, Softwood, Laminate, MDF, HDF, Veneered Plywood, Particle Board",DST2F-D10.0-L52,,Carbide,DLC,Mist,100.0,0,10.0,52.0,10.0,2,52.0,10.0,0,0,0,0.0,0.0,0,60,0,0,0,Default,10000,300,100,150,300,True,0,None,millimeters
flat end mill,Dreanique,"DST2F-D12.0-L52 | suitable for Hardwood, Softwood, Laminate, MDF, HDF, Veneered Plywood, Particle Board",DST2F-D12.0-L52,,Carbide,DLC,Mist,100.0,0,12.0,52.0,12.0,2,52.0,12.0,0,0,0,0.0,0.0,0,60,0,0,0,Default,10000,300,100,150,300,True,0,None,millimeters
flat end mill,Dreanique,DW1F-D3.0-L12-60 | suitable for Aluminum,DW1F-D3.0-L12-60,,Carbide,DLC,Mist,60.0,0,8.0,12.0,3.0,1,12.0,3.0,0,0,0,0.0,0.0,0,60,0,0,0,Default,10000,300,100,150,300,True,0,None,millimeters
flat end mill,Dreanique,DW1F-D4.0-L12-60 | suitable for Aluminum,DW1F-D4.0-L12-60,,Carbide,DLC,Mist,60.0,0,8.0,12.0,4.0,1,12.0,4.0,0,0,0,0.0,0.0,0,60,0,0,0,Default,10000,300,100,150,300,True,0,None,millimeters
flat end mill,Dreanique,DW1F-D4.0-L14(35)-80 | suitable for Aluminum,DW1F-D4.0-L14(35)-80,,Carbide,DLC,Mist,80.0,0,8.0,14.0,4.0,1,35.0,4.0,0,0,0,0.0,0.0,0,60,0,0,0,Default,10000,300,100,150,300,True,0,None,millimeters
flat end mill,Dreanique,DW1F-D5.0-L14(35)-80 | suitable for Aluminum,DW1F-D5.0-L14(35)-80,,Carbide,DLC,Mist,80.0,0,8.0,14.0,5.0,1,35.0,5.0,0,0,0,0.0,0.0,0,60,0,0,0,Default,10000,300,100,150,300,True,0,None,millimeters
flat end mill,Dreanique,DW1F-D5.0-L14-60 | suitable for Aluminum,DW1F-D5.0-L14-60,,Carbide,DLC,Mist,60.0,0,8.0,14.0,5.0,1,14.0,5.0,0,0,0,0.0,0.0,0,60,0,0,0,Default,10000,300,100,150,300,True,0,None,millimeters
flat end mill,Dreanique,DW1F-D5.0-L16(45)-100 | suitable for Aluminum,DW1F-D5.0-L16(45)-100,,Carbide,DLC,Mist,100.0,0,8.0,16.0,5.0,1,45.0,5.0,0,0,0,0.0,0.0,0,60,0,0,0,Default,10000,300,100,150,300,True,0,None,millimeters
flat end mill,Dreanique,DW1F-D5.0-L16(45)-80 | suitable for Aluminum,DW1F-D5.0-L16(45)-80,,Carbide,DLC,Mist,80.0,0,8.0,16.0,5.0,1,45.0,5.0,0,0,0,0.0,0.0,0,60,0,0,0,Default,10000,300,100,150,300,True,0,None,millimeters
flat end mill,Dreanique,DW1F-D6.0-L14(35)-80 | suitable for Aluminum,DW1F-D6.0-L14(35)-80,,Carbide,DLC,Mist,80.0,0,8.0,14.0,6.0,1,35.0,6.0,0,0,0,0.0,0.0,0,60,0,0,0,Default,10000,300,100,150,300,True,0,None,millimeters
flat end mill,Dreanique,DW1F-D6.0-L14-60 | suitable for Aluminum,DW1F-D6.0-L14-60,,Carbide,DLC,Mist,60.0,0,8.0,14.0,6.0,1,14.0,6.0,0,0,0,0.0,0.0,0,60,0,0,0,Default,10000,300,100,150,300,True,0,None,millimeters
flat end mill,Dreanique,DW1F-D6.0-L16(45)-100 | suitable for Aluminum,DW1F-D6.0-L16(45)-100,,Carbide,DLC,Mist,100.0,0,8.0,16.0,6.0,1,45.0,6.0,0,0,0,0.0,0.0,0,60,0,0,0,Default,10000,300,100,150,300,True,0,None,millimeters
flat end mill,Dreanique,DW1F-D6.0-L25(60)-100 | suitable for Aluminum,DW1F-D6.0-L25(60)-100,,Carbide,DLC,Mist,100.0,0,8.0,25.0,6.0,1,60.0,6.0,0,0,0,0.0,0.0,0,60,0,0,0,Default,10000,300,100,150,300,True,0,None,millimeters
flat end mill,Dreanique,DW1F-D7.0-L14(35)-80 | suitable for Aluminum,DW1F-D7.0-L14(35)-80,,Carbide,DLC,Mist,80.0,0,8.0,14.0,7.0,1,35.0,7.0,0,0,0,0.0,0.0,0,60,0,0,0,Default,10000,300,100,150,300,True,0,None,millimeters
flat end mill,Dreanique,DW1F-D7.0-L14-60 | suitable for Aluminum,DW1F-D7.0-L14-60,,Carbide,DLC,Mist,80.0,0,8.0,14.0,7.0,1,14.0,7.0,0,0,0,0.0,0.0,0,60,0,0,0,Default,10000,300,100,150,300,True,0,None,millimeters
flat end mill,Dreanique,DW1F-D8.0-L14-80 | suitable for Aluminum,DW1F-D8.0-L14-80,,Carbide,DLC,Mist,80.0,0,8.0,14.0,8.0,1,14.0,8.0,0,0,0,0.0,0.0,0,60,0,0,0,Default,10000,300,100,150,300,True,0,None,millimeters
flat end mill,Dreanique,DW1F-D8.0-L16-100 | suitable for Aluminum,DW1F-D8.0-L16-100,,Carbide,DLC,Mist,100.0,0,8.0,16.0,8.0,1,16.0,8.0,0,0,0,0.0,0.0,0,60,0,0,0,Default,10000,300,100,150,300,True,0,None,millimeters
flat end mill,Dreanique,DW1F-D8.0-L20-80 | suitable for Aluminum,DW1F-D8.0-L20-80,,Carbide,DLC,Mist,80.0,0,8.0,20.0,8.0,1,20.0,8.0,0,0,0,0.0,0.0,0,60,0,0,0,Default,10000,300,100,150,300,True,0,None,millimeters
flat end mill,Dreanique,DW1F-D8.0-L30(60)-100 | suitable for Aluminum,DW1F-D8.0-L30(60)-100,,Carbide,DLC,Mist,100.0,0,8.0,30.0,8.0,1,60.0,8.0,0,0,0,0.0,0.0,0,60,0,0,0,Default,10000,300,100,150,300,True,0,None,millimeters
flat end mill,Dreanique,DW1F-D8.0-L30-120 | suitable for Aluminum,DW1F-D8.0-L30-120,,Carbide,DLC,Mist,120.0,0,8.0,30.0,8.0,1,30.0,8.0,0,0,0,0.0,0.0,0,60,0,0,0,Default,10000,300,100,150,300,True,0,None,millimeters
flat end mill,Dreanique,DW1F-D10.0-L30(60)-100 | suitable for Aluminum,DW1F-D10.0-L30(60)-100,,Carbide,DLC,Mist,100.0,0,10.0,30.0,10.0,1,60.0,10.0,0,0,0,0.0,0.0,0,60,0,0,0,Default,10000,300,100,150,300,True,0,None,millimeters
flat end mill,Dreanique,DW1F-D10.0-L30(75)-120 | suitable for Aluminum,DW1F-D10.0-L30(75)-120,,Carbide,DLC,Mist,120.0,0,10.0,30.0,10.0,1,75.0,10.0,0,0,0,0.0,0.0,0,60,0,0,0,Default,10000,300,100,150,300,True,0,None,millimeters
flat end mill,Dreanique,"DWD2F-D2.0-L12 | suitable for Hardwood, Softwood, Laminate, MDF, HDF, Veneered Plywood, Particle Board",DWD2F-D2.0-L12,,Carbide,DLC,Mist,38.1,0,3.175,12.0,2.0,2,12.0,2.0,0,0,0,0.0,0.0,0,60,0,0,0,Default,10000,300,100,150,300,True,0,None,millimeters
flat end mill,Dreanique,"DWD2F-D2.0-L22 | suitable for Hardwood, Softwood, Laminate, MDF, HDF, Veneered Plywood, Particle Board",DWD2F-D2.0-L22,,Carbide,DLC,Mist,38.1,0,3.175,22.0,2.0,2,22.0,2.0,0,0,0,0.0,0.0,0,60,0,0,0,Default,10000,300,100,150,300,True,0,None,millimeters
flat end mill,Dreanique,"DWD2F-D3.1-L17 | suitable for Hardwood, Softwood, Laminate, MDF, HDF, Veneered Plywood, Particle Board",DWD2F-D3.1-L17,,Carbide,DLC,Mist,38.1,0,3.175,17.0,3.175,2,17.0,3.175,0,0,0,0.0,0.0,0,60,0,0,0,Default,10000,300,100,150,300,True,0,None,millimeters
flat end mill,Dreanique,"DWD2F-D3.1-L22 | suitable for Hardwood, Softwood, Laminate, MDF, HDF, Veneered Plywood, Particle Board",DWD2F-D3.1-L22,,Carbide,DLC,Mist,50.0,0,3.175,22.0,3.175,2,22.0,3.175,0,0,0,0.0,0.0,0,60,0,0,0,Default,10000,300,100,150,300,True,0,None,millimeters
flat end mill,Dreanique,"DWD2F-D4.0-L22 | suitable for Hardwood, Softwood, Laminate, MDF, HDF, Veneered Plywood, Particle Board",DWD2F-D4.0-L22,,Carbide,DLC,Mist,50.0,0,4.0,22.0,4.0,2,22.0,4.0,0,0,0,0.0,0.0,0,60,0,0,0,Default,10000,300,100,150,300,True,0,None,millimeters
flat end mill,Dreanique,"DWD2F-D4.0-L25 | suitable for Hardwood, Softwood, Laminate, MDF, HDF, Veneered Plywood, Particle Board",DWD2F-D4.0-L25,,Carbide,DLC,Mist,50.0,0,4.0,25.0,4.0,2,25.0,4.0,0,0,0,0.0,0.0,0,60,0,0,0,Default,10000,300,100,150,300,True,0,None,millimeters
flat end mill,Dreanique,"DWD2F-D4.0-L32 | suitable for Hardwood, Softwood, Laminate, MDF, HDF, Veneered Plywood, Particle Board",DWD2F-D4.0-L32,,Carbide,DLC,Mist,75.0,0,4.0,32.0,4.0,2,32.0,4.0,0,0,0,0.0,0.0,0,60,0,0,0,Default,10000,300,100,150,300,True,0,None,millimeters
flat end mill,Dreanique,"DWD2F-D5.0-L22 | suitable for Hardwood, Softwood, Laminate, MDF, HDF, Veneered Plywood, Particle Board",DWD2F-D5.0-L22,,Carbide,DLC,Mist,50.0,0,5.0,22.0,5.0,2,22.0,5.0,0,0,0,0.0,0.0,0,60,0,0,0,Default,10000,300,100,150,300,True,0,None,millimeters
flat end mill,Dreanique,"DWD2F-D6.0-L24 | suitable for Hardwood, Softwood, Laminate, MDF, HDF, Veneered Plywood, Particle Board",DWD2F-D6.0-L24,,Carbide,DLC,Mist,60.0,0,6.0,24.0,6.0,2,24.0,6.0,0,0,0,0.0,0.0,0,60,0,0,0,Default,10000,300,100,150,300,True,0,None,millimeters
flat end mill,Dreanique,"DWD2F-D6.0-L32 | suitable for Hardwood, Softwood, Laminate, MDF, HDF, Veneered Plywood, Particle Board",DWD2F-D6.0-L32,,Carbide,DLC,Mist,75.0,0,6.0,32.0,6.0,2,32.0,6.0,0,0,0,0.0,0.0,0,60,0,0,0,Default,10000,300,100,150,300,True,0,None,millimeters
flat end mill,Dreanique,"DWD2F-D6.0-L42 | suitable for Hardwood, Softwood, Laminate, MDF, HDF, Veneered Plywood, Particle Board",DWD2F-D6.0-L42,,Carbide,DLC,Mist,100.0,0,6.0,42.0,6.0,2,42.0,6.0,0,0,0,0.0,0.0,0,60,0,0,0,Default,10000,300,100,150,300,True,0,None,millimeters
flat end mill,Dreanique,"DWD2F-D6.0-L52 | suitable for Hardwood, Softwood, Laminate, MDF, HDF, Veneered Plywood, Particle Board",DWD2F-D6.0-L52,,Carbide,DLC,Mist,100.0,0,6.0,52.0,6.0,2,52.0,6.0,0,0,0,0.0,0.0,0,60,0,0,0,Default,10000,300,100,150,300,True,0,None,millimeters
flat end mill,Dreanique,"DWD2F-D8.0-L32 | suitable for Hardwood, Softwood, Laminate, MDF, HDF, Veneered Plywood, Particle Board",DWD2F-D8.0-L32,,Carbide,DLC,Mist,75.0,0,8.0,32.0,8.0,2,32.0,8.0,0,0,0,0.0,0.0,0,60,0,0,0,Default,10000,300,100,150,300,True,0,None,millimeters
flat end mill,Dreanique,"DWD2F-D8.0-L42 | suitable for Hardwood, Softwood, Laminate, MDF, HDF, Veneered Plywood, Particle Board",DWD2F-D8.0-L42,,Carbide,DLC,Mist,100.0,0,8.0,42.0,8.0,2,42.0,8.0,0,0,0,0.0,0.0,0,60,0,0,0,Default,10000,300,100,150,300,True,0,None,millimeters
flat end mill,Dreanique,"DWD2F-D8.0-L62 | suitable for Hardwood, Softwood, Laminate, MDF, HDF, Veneered Plywood, Particle Board",DWD2F-D8.0-L62,,Carbide,DLC,Mist,100.0,0,8.0,62.0,8.0,2,62.0,8.0,0,0,0,0.0,0.0,0,60,0,0,0,Default,10000,300,100,150,300,True,0,None,millimeters
flat end mill,Dreanique,"DWD2F-D10.0-L32 | suitable for Hardwood, Softwood, Laminate, MDF, HDF, Veneered Plywood, Particle Board",DWD2F-D10.0-L32,,Carbide,DLC,Mist,75.0,0,10.0,32.0,10.0,2,32.0,10.0,0,0,0,0.0,0.0,0,60,0,0,0,Default,10000,300,100,150,300,True,0,None,millimeters
flat end mill,Dreanique,"DWD2F-D10.0-L45 | suitable for Hardwood, Softwood, Laminate, MDF, HDF, Veneered Plywood, Particle Board",DWD2F-D10.0-L45,,Carbide,DLC,Mist,100.0,0,10.0,45.0,10.0,2,45.0,10.0,0,0,0,0.0,0.0,0,60,0,0,0,Default,10000,300,100,150,300,True,0,None,millimeters
flat end mill,Dreanique,"DWD2F-D12.0-L32 | suitable for Hardwood, Softwood, Laminate, MDF, HDF, Veneered Plywood, Particle Board",DWD2F-D12.0-L32,,Carbide,DLC,Mist,75.0,0,12.0,32.0,12.0,2,32.0,12.0,0,0,0,0.0,0.0,0,60,0,0,0,Default,10000,300,100,150,300,True,0,None,millimeters
flat end mill,Dreanique,"DWD2F-D12.0-L45 | suitable for Hardwood, Softwood, Laminate, MDF, HDF, Veneered Plywood, Particle Board",DWD2F-D12.0-L45,,Carbide,DLC,Mist,100.0,0,12.0,45.0,12.0,2,45.0,12.0,0,0,0,0.0,0.0,0,60,0,0,0,Default,10000,300,100,150,300,True,0,None,millimeters
flat end mill,Dreanique,"DWTUD2F-D6.0-L28 | suitable for Hardwood, Softwood, Laminate, Plywood",DWTUD2F-D6.0-L28,,Carbide,DLC,Mist,75.0,0,6.0,28.0,6.0,2,28.0,6.0,0,0,0,0.0,0.0,0,60,0,0,0,Default,10000,300,100,150,300,True,0,None,millimeters
flat end mill,Dreanique,"DWTUD2F-D6.35-L28 | suitable for Hardwood, Softwood, Laminate, Plywood",DWTUD2F-D6.35-L28,,Carbide,DLC,Mist,76.2,0,6.35,28.58,6.35,2,28.58,6.35,0,0,0,0.0,0.0,0,60,0,0,0,Default,10000,300,100,150,300,True,0,None,millimeters
flat end mill,Dreanique,"DWTUD2F-D8.0-L32 | suitable for Hardwood, Softwood, Laminate, Plywood",DWTUD2F-D8.0-L32,,Carbide,DLC,Mist,80.0,0,8.0,32.0,8.0,2,32.0,8.0,0,0,0,0.0,0.0,0,60,0,0,0,Default,10000,300,100,150,300,True,0,None,millimeters
flat end mill,Dreanique,"DWTUD2F-D8.0-L45 | suitable for Hardwood, Softwood, Laminate, Plywood",DWTUD2F-D8.0-L45,,Carbide,DLC,Mist,100.0,0,8.0,45.0,8.0,2,45.0,8.0,0,0,0,0.0,0.0,0,60,0,0,0,Default,10000,300,100,150,300,True,0,None,millimeters
chamfer mill,Dreanique,"ECP3F-D10.0-R120 | suitable for Steel, Carbon steel, Pre-hardened steel, Cast iron, Stainless steel",ECP3F-D10.0-R120,,Ti coated,TiAlN,Mist,75.0,0,10.0,5.0,10.0,3,5.0,10.0,0,0,0,60.0,0.0,0,60,0,0,0,Default,10000,300,100,150,300,True,0,None,millimeters
chamfer mill,Dreanique,"ECP3F-D10.0-R60 | suitable for Steel, Carbon steel, Pre-hardened steel, Cast iron, Stainless steel",ECP3F-D10.0-R60,,Ti coated,TiAlN,Mist,75.0,0,10.0,8.6603,10.0,3,8.6603,10.0,0,0,0,30.0,0.0,0,60,0,0,0,Default,10000,300,100,150,300,True,0,None,millimeters
chamfer mill,Dreanique,"ECP3F-D10.0-R90 | suitable for Steel, Carbon steel, Pre-hardened steel, Cast iron, Stainless steel",ECP3F-D10.0-R90,,Ti coated,TiAlN,Mist,75.0,0,10.0,7.0711,10.0,3,7.0711,10.0,0,0,0,45.0,0.0,0,60,0,0,0,Default,10000,300,100,150,300,True,0,None,millimeters
chamfer mill,Dreanique,"ECP3F-D12.0-R120 | suitable for Steel, Carbon steel, Pre-hardened steel, Cast iron, Stainless steel",ECP3F-D12.0-R120,,Ti coated,TiAlN,Mist,75.0,0,12.0,6.0,12.0,3,6.0,12.0,0,0,0,60.0,0.0,0,60,0,0,0,Default,10000,300,100,150,300,True,0,None,millimeters
chamfer mill,Dreanique,"ECP3F-D12.0-R60 | suitable for Steel, Carbon steel, Pre-hardened steel, Cast iron, Stainless steel",ECP3F-D12.0-R60,,Ti coated,TiAlN,Mist,75.0,0,12.0,10.3923,12.0,3,10.3923,12.0,0,0,0,30.0,0.0,0,60,0,0,0,Default,10000,300,100,150,300,True,0,None,millimeters
chamfer mill,Dreanique,"ECP3F-D12.0-R90 | suitable for Steel, Carbon steel, Pre-hardened steel, Cast iron, Stainless steel",ECP3F-D12.0-R90,,Ti coated,TiAlN,Mist,75.0,0,12.0,8.4853,12.0,3,8.4853,12.0,0,0,0,45.0,0.0,0,60,0,0,0,Default,10000,300,100,150,300,True,0,None,millimeters
chamfer mill,Dreanique,"ECP3F-D3.0-R120 | suitable for Steel, Carbon steel, Pre-hardened steel, Cast iron, Stainless steel",ECP3F-D3.0-R120,,Ti coated,TiAlN,Mist,50.0,0,3.0,1.5,3.0,3,1.5,3.0,0,0,0,60.0,0.0,0,60,0,0,0,Default,10000,300,100,150,300,True,0,None,millimeters
chamfer mill,Dreanique,"ECP3F-D3.0-R60 | suitable for Steel, Carbon steel, Pre-hardened steel, Cast iron, Stainless steel",ECP3F-D3.0-R60,,Ti coated,TiAlN,Mist,50.0,0,3.0,2.5981,3.0,3,2.5981,3.0,0,0,0,30.0,0.0,0,60,0,0,0,Default,10000,300,100,150,300,True,0,None,millimeters
chamfer mill,Dreanique,"ECP3F-D3.0-R90 | suitable for Steel, Carbon steel, Pre-hardened steel, Cast iron, Stainless steel",ECP3F-D3.0-R90,,Ti coated,TiAlN,Mist,50.0,0,3.0,2.1213,3.0,3,2.1213,3.0,0,0,0,45.0,0.0,0,60,0,0,0,Default,10000,300,100,150,300,True,0,None,millimeters
chamfer mill,Dreanique,"ECP3F-D4.0-R120 | suitable for Steel, Carbon steel, Pre-hardened steel, Cast iron, Stainless steel",ECP3F-D4.0-R120,,Ti coated,TiAlN,Mist,50.0,0,4.0,2.0,4.0,3,2.0,4.0,0,0,0,60.0,0.0,0,60,0,0,0,Default,10000,300,100,150,300,True,0,None,millimeters
chamfer mill,Dreanique,"ECP3F-D4.0-R60 | suitable for Steel, Carbon steel, Pre-hardened steel, Cast iron, Stainless steel",ECP3F-D4.0-R60,,Ti coated,TiAlN,Mist,50.0,0,4.0,3.4641,4.0,3,3.4641,4.0,0,0,0,30.0,0.0,0,60,0,0,0,Default,10000,300,100,150,300,True,0,None,millimeters
chamfer mill,Dreanique,"ECP3F-D4.0-R90 | suitable for Steel, Carbon steel, Pre-hardened steel, Cast iron, Stainless steel",ECP3F-D4.0-R90,,Ti coated,TiAlN,Mist,50.0,0,4.0,2.8284,4.0,3,2.8284,4.0,0,0,0,45.0,0.0,0,60,0,0,0,Default,10000,300,100,150,300,True,0,None,millimeters
chamfer mill,Dreanique,"ECP3F-D6.0-R120 | suitable for Steel, Carbon steel, Pre-hardened steel, Cast iron, Stainless steel",ECP3F-D6.0-R120,,Ti coated,TiAlN,Mist,50.0,0,6.0,3.0,6.0,3,3.0,6.0,0,0,0,60.0,0.0,0,60,0,0,0,Default,10000,300,100,150,300,True,0,None,millimeters
chamfer mill,Dreanique,"ECP3F-D6.0-R60 | suitable for Steel, Carbon steel, Pre-hardened steel, Cast iron, Stainless steel",ECP3F-D6.0-R60,,Ti coated,TiAlN,Mist,50.0,0,6.0,5.1962,6.0,3,5.1962,6.0,0,0,0,30.0,0.0,0,60,0,0,0,Default,10000,300,100,150,300,True,0,None,millimeters
chamfer mill,Dreanique,"ECP3F-D6.0-R90 | suitable for Steel, Carbon steel, Pre-hardened steel, Cast iron, Stainless steel",ECP3F-D6.0-R90,,Ti coated,TiAlN,Mist,50.0,0,6.0,4.2426,6.0,3,4.2426,6.0,0,0,0,45.0,0.0,0,60,0,0,0,Default,10000,300,100,150,300,True,0,None,millimeters
chamfer mill,Dreanique,"ECP3F-D8.0-R120 | suitable for Steel, Carbon steel, Pre-hardened steel, Cast iron, Stainless steel",ECP3F-D8.0-R120,,Ti coated,TiAlN,Mist,60.0,0,8.0,4.0,8.0,3,4.0,8.0,0,0,0,60.0,0.0,0,60,0,0,0,Default,10000,300,100,150,300,True,0,None,millimeters
chamfer mill,Dreanique,"ECP3F-D8.0-R60 | suitable for Steel, Carbon steel, Pre-hardened steel, Cast iron, Stainless steel",ECP3F-D8.0-R60,,Ti coated,TiAlN,Mist,60.0,0,8.0,6.9282,8.0,3,6.9282,8.0,0,0,0,30.0,0.0,0,60,0,0,0,Default,10000,300,100,150,300,True,0,None,millimeters
chamfer mill,Dreanique,"ECP3F-D8.0-R90 | suitable for Steel, Carbon steel, Pre-hardened steel, Cast iron, Stainless steel",ECP3F-D8.0-R90,,Ti coated,TiAlN,Mist,60.0,0,8.0,5.6569,8.0,3,5.6569,8.0,0,0,0,45.0,0.0,0,60,0,0,0,Default,10000,300,100,150,300,True,0,None,millimeters
drill,Dreanique,"ETG 0.5-0.6 | suitable for Hardened steel, High temperature alloy, Difficult-to-machine materials",ETG 0.5-0.6,,Ti coated,TiAlN,Mist,50.0,0,3.0,5.0,0.55,2,5.0,0.55,0,120,0,0.0,0.0,0,60,0,0,0,Default,10000,300,100,150,300,True,0,None,millimeters
drill,Dreanique,"ETG 0.7-0.9 | suitable for Hardened steel, High temperature alloy, Difficult-to-machine materials",ETG 0.7-0.9,,Ti coated,TiAlN,Mist,50.0,0,3.0,6.0,0.8,2,6.0,0.8,0,120,0,0.0,0.0,0,60,0,0,0,Default,10000,300,100,150,300,True,0,None,millimeters
drill,Dreanique,"ETG 1-1.5 | suitable for Hardened steel, High temperature alloy, Difficult-to-machine materials",ETG 1-1.5,,Ti coated,TiAlN,Mist,50.0,0,3.0,8.0,1.25,2,8.0,1.25,0,120,0,0.0,0.0,0,60,0,0,0,Default,10000,300,100,150,300,True,0,None,millimeters
drill,Dreanique,"ETG 1.6-2 | suitable for Hardened steel, High temperature alloy, Difficult-to-machine materials",ETG 1.6-2,,Ti coated,TiAlN,Mist,50.0,0,3.0,11.0,1.8,2,11.0,1.8,0,120,0,0.0,0.0,0,60,0,0,0,Default,10000,300,100,150,300,True,0,None,millimeters
drill,Dreanique,"ETG 2.1-2.5 | suitable for Hardened steel, High temperature alloy, Difficult-to-machine materials",ETG 2.1-2.5,,Ti coated,TiAlN,Mist,50.0,0,3.0,13.0,2.3,2,13.0,2.3,0,120,0,0.0,0.0,0,60,0,0,0,Default,10000,300,100,150,300,True,0,None,millimeters
drill,Dreanique,"ETG 2.6-3 | suitable for Hardened steel, High temperature alloy, Difficult-to-machine materials",ETG 2.6-3,,Ti coated,TiAlN,Mist,50.0,0,3.0,16.0,2.8,2,16.0,2.8,0,120,0,0.0,0.0,0,60,0,0,0,Default,10000,300,100,150,300,True,0,None,millimeters
drill,Dreanique,"ETG 3.1-3.5 | suitable for Hardened steel, High temperature alloy, Difficult-to-machine materials",ETG 3.1-3.5,,Ti coated,TiAlN,Mist,50.0,0,4.0,18.0,3.3,2,18.0,3.3,0,120,0,0.0,0.0,0,60,0,0,0,Default,10000,300,100,150,300,True,0,None,millimeters
drill,Dreanique,"ETG 3.6-4 | suitable for Hardened steel, High temperature alloy, Difficult-to-machine materials",ETG 3.6-4,,Ti coated,TiAlN,Mist,50.0,0,4.0,20.0,3.8,2,20.0,3.8,0,120,0,0.0,0.0,0,60,0,0,0,Default,10000,300,100,150,300,True,0,None,millimeters
drill,Dreanique,"ETG 4.1-4.5 | suitable for Hardened steel, High temperature alloy, Difficult-to-machine materials",ETG 4.1-4.5,,Ti coated,TiAlN,Mist,50.0,0,6.0,20.0,4.3,2,20.0,4.3,0,120,0,0.0,0.0,0,60,0,0,0,Default,10000,300,100,150,300,True,0,None,millimeters
drill,Dreanique,"ETG 4.6-5 | suitable for Hardened steel, High temperature alloy, Difficult-to-machine materials",ETG 4.6-5,,Ti coated,TiAlN,Mist,60.0,0,6.0,24.0,4.8,2,24.0,4.8,0,120,0,0.0,0.0,0,60,0,0,0,Default,10000,300,100,150,300,True,0,None,millimeters
drill,Dreanique,"ETG 5.1-5.5 | suitable for Hardened steel, High temperature alloy, Difficult-to-machine materials",ETG 5.1-5.5,,Ti coated,TiAlN,Mist,60.0,0,6.0,26.0,5.3,2,26.0,5.3,0,120,0,0.0,0.0,0,60,0,0,0,Default,10000,300,100,150,300,True,0,None,millimeters
drill,Dreanique,"ETG 5.6-6 | suitable for Hardened steel, High temperature alloy, Difficult-to-machine materials",ETG 5.6-6,,Ti coated,TiAlN,Mist,60.0,0,6.0,26.0,5.8,2,26.0,5.8,0,120,0,0.0,0.0,0,60,0,0,0,Default,10000,300,100,150,300,True,0,None,millimeters
drill,Dreanique,"ETG 6.1-6.5 | suitable for Hardened steel, High temperature alloy, Difficult-to-machine materials",ETG 6.1-6.5,,Ti coated,TiAlN,Mist,60.0,0,8.0,28.0,6.3,2,28.0,6.3,0,120,0,0.0,0.0,0,60,0,0,0,Default,10000,300,100,150,300,True,0,None,millimeters
drill,Dreanique,"ETG 6.6-7 | suitable for Hardened steel, High temperature alloy, Difficult-to-machine materials",ETG 6.6-7,,Ti coated,TiAlN,Mist,60.0,0,8.0,28.0,6.8,2,28.0,6.8,0,120,0,0.0,0.0,0,60,0,0,0,Default,10000,300,100,150,300,True,0,None,millimeters
drill,Dreanique,"ETG 7.1-7.5 | suitable for Hardened steel, High temperature alloy, Difficult-to-machine materials",ETG 7.1-7.5,,Ti coated,TiAlN,Mist,60.0,0,8.0,30.0,7.3,2,30.0,7.3,0,120,0,0.0,0.0,0,60,0,0,0,Default,10000,300,100,150,300,True,0,None,millimeters
drill,Dreanique,"ETG 7.6-8 | suitable for Hardened steel, High temperature alloy, Difficult-to-machine materials",ETG 7.6-8,,Ti coated,TiAlN,Mist,60.0,0,8.0,30.0,7.8,2,30.0,7.8,0,120,0,0.0,0.0,0,60,0,0,0,Default,10000,300,100,150,300,True,0,None,millimeters
drill,Dreanique,"ETG 8.1-8.5 | suitable for Hardened steel, High temperature alloy, Difficult-to-machine materials",ETG 8.1-8.5,,Ti coated,TiAlN,Mist,75.0,0,10.0,34.0,8.3,2,34.0,8.3,0,120,0,0.0,0.0,0,60,0,0,0,Default,10000,300,100,150,300,True,0,None,millimeters
drill,Dreanique,"ETG 8.6-9 | suitable for Hardened steel, High temperature alloy, Difficult-to-machine materials",ETG 8.6-9,,Ti coated,TiAlN,Mist,75.0,0,10.0,36.0,8.8,2,36.0,8.8,0,120,0,0.0,0.0,0,60,0,0,0,Default,10000,300,100,150,300,True,0,None,millimeters
drill,Dreanique,"ETG 9.1-9.5 | suitable for Hardened steel, High temperature alloy, Difficult-to-machine materials",ETG 9.1-9.5,,Ti coated,TiAlN,Mist,75.0,0,10.0,38.0,9.3,2,38.0,9.3,0,120,0,0.0,0.0,0,60,0,0,0,Default,10000,300,100,150,300,True,0,None,millimeters
drill,Dreanique,"ETG 9.6-10 | suitable for Hardened steel, High temperature alloy, Difficult-to-machine materials",ETG 9.6-10,,Ti coated,TiAlN,Mist,75.0,0,10.0,40.0,9.8,2,40.0,9.8,0,120,0,0.0,0.0,0,60,0,0,0,Default,10000,300,100,150,300,True,0,None,millimeters
drill,Dreanique,"ETG 10.1-10.5 | suitable for Hardened steel, High temperature alloy, Difficult-to-machine materials",ETG 10.1-10.5,,Ti coated,TiAlN,Mist,75.0,0,12.0,42.0,10.3,2,42.0,10.3,0,120,0,0.0,0.0,0,60,0,0,0,Default,10000,300,100,150,300,True,0,None,millimeters
drill,Dreanique,"ETG 10.6-11 | suitable for Hardened steel, High temperature alloy, Difficult-to-machine materials",ETG 10.6-11,,Ti coated,TiAlN,Mist,75.0,0,12.0,42.0,10.8,2,42.0,10.8,0,120,0,0.0,0.0,0,60,0,0,0,Default,10000,300,100,150,300,True,0,None,millimeters
drill,Dreanique,"ETG 11.1-11.5 | suitable for Hardened steel, High temperature alloy, Difficult-to-machine materials",ETG 11.1-11.5,,Ti coated,TiAlN,Mist,75.0,0,12.0,45.0,11.3,2,45.0,11.3,0,120,0,0.0,0.0,0,60,0,0,0,Default,10000,300,100,150,300,True,0,None,millimeters
drill,Dreanique,"ETG 11.6-12 | suitable for Hardened steel, High temperature alloy, Difficult-to-machine materials",ETG 11.6-12,,Ti coated,TiAlN,Mist,75.0,0,12.0,45.0,11.8,2,45.0,11.8,0,120,0,0.0,0.0,0,60,0,0,0,Default,10000,300,100,150,300,True,0,None,millimeters
drill,Dreanique,"ETG 12.5 | suitable for Hardened steel, High temperature alloy, Difficult-to-machine materials",ETG 12.5,,Ti coated,TiAlN,Mist,100.0,0,14.0,52.0,12.5,2,52.0,12.5,0,120,0,0.0,0.0,0,60,0,0,0,Default,10000,300,100,150,300,True,0,None,millimeters
drill,Dreanique,"ETG 13 | suitable for Hardened steel, High temperature alloy, Difficult-to-machine materials",ETG 13,,Ti coated,TiAlN,Mist,100.0,0,14.0,52.0,13.0,2,52.0,13.0,0,120,0,0.0,0.0,0,60,0,0,0,Default,10000,300,100,150,300,True,0,None,millimeters
drill,Dreanique,"ETG 13.5 | suitable for Hardened steel, High temperature alloy, Difficult-to-machine materials",ETG 13.5,,Ti coated,TiAlN,Mist,100.0,0,14.0,52.0,13.5,2,52.0,13.5,0,120,0,0.0,0.0,0,60,0,0,0,Default,10000,300,100,150,300,True,0,None,millimeters
drill,Dreanique,"ETG 14 | suitable for Hardened steel, High temperature alloy, Difficult-to-machine materials",ETG 14,,Ti coated,TiAlN,Mist,100.0,0,14.0,52.0,14.0,2,52.0,14.0,0,120,0,0.0,0.0,0,60,0,0,0,Default,10000,300,100,150,300,True,0,None,millimeters
drill,Dreanique,"ETG 14.5 | suitable for Hardened steel, High temperature alloy, Difficult-to-machine materials",ETG 14.5,,Ti coated,TiAlN,Mist,100.0,0,16.0,60.0,14.5,2,60.0,14.5,0,120,0,0.0,0.0,0,60,0,0,0,Default,10000,300,100,150,300,True,0,None,millimeters
drill,Dreanique,"ETG 15 | suitable for Hardened steel, High temperature alloy, Difficult-to-machine materials",ETG 15,,Ti coated,TiAlN,Mist,100.0,0,16.0,60.0,15.0,2,60.0,15.0,0,120,0,0.0,0.0,0,60,0,0,0,Default,10000,300,100,150,300,True,0,None,millimeters
drill,Dreanique,"ETG 15.5 | suitable for Hardened steel, High temperature alloy, Difficult-to-machine materials",ETG 15.5,,Ti coated,TiAlN,Mist,100.0,0,16.0,60.0,15.5,2,60.0,15.5,0,120,0,0.0,0.0,0,60,0,0,0,Default,10000,300,100,150,300,True,0,None,millimeters
drill,Dreanique,"ETG 16 | suitable for Hardened steel, High temperature alloy, Difficult-to-machine materials",ETG 16,,Ti coated,TiAlN,Mist,100.0,0,16.0,60.0,16.0,2,60.0,16.0,0,120,0,0.0,0.0,0,60,0,0,0,Default,10000,300,100,150,300,True,0,None,millimeters
chamfer mill,Dreanique,"3.175-20°-0.1 | suitable for Non-Ferrous, PCB, Engraving, V-carving",3.175-20°-0.1,,Ti coated,TiAlN,Mist,38.1,0,3.175,3.1268,3.175,1,3.1268,3.175,0,0,0,10.0,0.0,0,60,0,0,0,Default,10000,300,100,150,300,True,0,None,millimeters
chamfer mill,Dreanique,"3.175-30°-0.1 | suitable for Non-Ferrous, PCB, Engraving, V-carving",3.175-30°-0.1,,Ti coated,TiAlN,Mist,38.1,0,3.175,3.0668,3.175,1,3.0668,3.175,0,0,0,15.0,0.0,0,60,0,0,0,Default,10000,300,100,150,300,True,0,None,millimeters
chamfer mill,Dreanique,"3.175-45°-0.1 | suitable for Non-Ferrous, PCB, Engraving, V-carving",3.175-45°-0.1,,Ti coated,TiAlN,Mist,38.1,0,3.175,2.9333,3.175,1,2.9333,3.175,0,0,0,22.5,0.0,0,60,0,0,0,Default,10000,300,100,150,300,True,0,None,millimeters
chamfer mill,Dreanique,"6-30°-0.1 | suitable for Non-Ferrous, PCB, Engraving, V-carving",6-30°-0.1,,Ti coated,TiAlN,Mist,50.0,0,6.0,5.7956,6.0,1,5.7956,6.0,0,0,0,15.0,0.0,0,60,0,0,0,Default,10000,300,100,150,300,True,0,None,millimeters
chamfer mill,Dreanique,"6-60°-0.1 | suitable for Non-Ferrous, PCB, Engraving, V-carving",6-60°-0.1,,Ti coated,TiAlN,Mist,50.0,0,6.0,5.1962,6.0,1,5.1962,6.0,0,0,0,30.0,0.0,0,60,0,0,0,Default,10000,300,100,150,300,True,0,None,millimeters
chamfer mill,Dreanique,"6-90°-0.1 | suitable for Non-Ferrous, PCB, Engraving, V-carving",6-90°-0.1,,Ti coated,TiAlN,Mist,50.0,0,6.0,4.2426,6.0,1,4.2426,6.0,0,0,0,45.0,0.0,0,60,0,0,0,Default,10000,300,100,150,300,True,0,None,millimeters
chamfer mill,Dreanique,"3.175-20°-0.2 | suitable for Non-Ferrous, PCB, Engraving, V-carving",3.175-20°-0.2,,Ti coated,TiAlN,Mist,38.1,0,3.175,3.1268,3.175,1,3.1268,3.175,0,0,0,10.0,0.0,0,60,0,0,0,Default,10000,300,100,150,300,True,0,None,millimeters
chamfer mill,Dreanique,"3.175-30°-0.2 | suitable for Non-Ferrous, PCB, Engraving, V-carving",3.175-30°-0.2,,Ti coated,TiAlN,Mist,38.1,0,3.175,3.0668,3.175,1,3.0668,3.175,0,0,0,15.0,0.0,0,60,0,0,0,Default,10000,300,100,150,300,True,0,None,millimeters
chamfer mill,Dreanique,"3.175-45°-0.2 | suitable for Non-Ferrous, PCB, Engraving, V-carving",3.175-45°-0.2,,Ti coated,TiAlN,Mist,38.1,0,3.175,2.9333,3.175,1,2.9333,3.175,0,0,0,22.5,0.0,0,60,0,0,0,Default,10000,300,100,150,300,True,0,None,millimeters
chamfer mill,Dreanique,"3.175-60°-0.2 | suitable for Non-Ferrous, PCB, Engraving, V-carving",3.175-60°-0.2,,Ti coated,TiAlN,Mist,38.1,0,3.175,2.7496,3.175,1,2.7496,3.175,0,0,0,30.0,0.0,0,60,0,0,0,Default,10000,300,100,150,300,True,0,None,millimeters
chamfer mill,Dreanique,"3.175-90°-0.2 | suitable for Non-Ferrous, PCB, Engraving, V-carving",3.175-90°-0.2,,Ti coated,TiAlN,Mist,38.1,0,3.175,2.2451,3.175,1,2.2451,3.175,0,0,0,45.0,0.0,0,60,0,0,0,Default,10000,300,100,150,300,True,0,None,millimeters
chamfer mill,Dreanique,"6-30°-0.2 | suitable for Non-Ferrous, PCB, Engraving, V-carving",6-30°-0.2,,Ti coated,TiAlN,Mist,50.0,0,6.0,5.7956,6.0,1,5.7956,6.0,0,0,0,15.0,0.0,0,60,0,0,0,Default,10000,300,100,150,300,True,0,None,millimeters
chamfer mill,Dreanique,"6-60°-0.2 | suitable for Non-Ferrous, PCB, Engraving, V-carving",6-60°-0.2,,Ti coated,TiAlN,Mist,50.0,0,6.0,5.1962,6.0,1,5.1962,6.0,0,0,0,30.0,0.0,0,60,0,0,0,Default,10000,300,100,150,300,True,0,None,millimeters
chamfer mill,Dreanique,"6-90°-0.2 | suitable for Non-Ferrous, PCB, Engraving, V-carving",6-90°-0.2,,Ti coated,TiAlN,Mist,50.0,0,6.0,4.2426,6.0,1,4.2426,6.0,0,0,0,45.0,0.0,0,60,0,0,0,Default,10000,300,100,150,300,True,0,None,millimeters
chamfer mill,Dreanique,"3.175-20°-0.3 | suitable for Non-Ferrous, PCB, Engraving, V-carving",3.175-20°-0.3,,Ti coated,TiAlN,Mist,38.1,0,3.175,3.1268,3.175,1,3.1268,3.175,0,0,0,10.0,0.0,0,60,0,0,0,Default,10000,300,100,150,300,True,0,None,millimeters
chamfer mill,Dreanique,"3.175-30°-0.3 | suitable for Non-Ferrous, PCB, Engraving, V-carving",3.175-30°-0.3,,Ti coated,TiAlN,Mist,38.1,0,3.175,3.0668,3.175,1,3.0668,3.175,0,0,0,15.0,0.0,0,60,0,0,0,Default,10000,300,100,150,300,True,0,None,millimeters
chamfer mill,Dreanique,"3.175-45°-0.3 | suitable for Non-Ferrous, PCB, Engraving, V-carving",3.175-45°-0.3,,Ti coated,TiAlN,Mist,38.1,0,3.175,2.9333,3.175,1,2.9333,3.175,0,0,0,22.5,0.0,0,60,0,0,0,Default,10000,300,100,150,300,True,0,None,millimeters
chamfer mill,Dreanique,"6-30°-0.3 | suitable for Non-Ferrous, PCB, Engraving, V-carving",6-30°-0.3,,Ti coated,TiAlN,Mist,50.0,0,6.0,5.7956,6.0,1,5.7956,6.0,0,0,0,15.0,0.0,0,60,0,0,0,Default,10000,300,100,150,300,True,0,None,millimeters
chamfer mill,Dreanique,"6-60°-0.3 | suitable for Non-Ferrous, PCB, Engraving, V-carving",6-60°-0.3,,Ti coated,TiAlN,Mist,50.0,0,6.0,5.1962,6.0,1,5.1962,6.0,0,0,0,30.0,0.0,0,60,0,0,0,Default,10000,300,100,150,300,True,0,None,millimeters
chamfer mill,Dreanique,"6-90°-0.3 | suitable for Non-Ferrous, PCB, Engraving, V-carving",6-90°-0.3,,Ti coated,TiAlN,Mist,50.0,0,6.0,4.2426,6.0,1,4.2426,6.0,0,0,0,45.0,0.0,0,60,0,0,0,Default,10000,300,100,150,300,True,0,None,millimeters
radius mill,Dreanique,"ICT4F-R1.5-H4 | suitable for Steel, Carbon steel, Pre-hardened steel, Cast iron, Stainless steel",ICT4F-R1.5-H4,,Ti coated,TiAlN,Mist,50.0,47.0,4.0,3.0,1.0,4,3.0,1.0,0,0,0,0.0,1.5,0,60,0,0,0,Default,10000,300,100,150,300,True,0,None,millimeters
radius mill,Dreanique,"ICT4F-R1.0-H4 | suitable for Steel, Carbon steel, Pre-hardened steel, Cast iron, Stainless steel",ICT4F-R1.0-H4,,Ti coated,TiAlN,Mist,50.0,48.0,4.0,2.0,2.0,4,2.0,2.0,0,0,0,0.0,1.0,0,60,0,0,0,Default,10000,300,100,150,300,True,0,None,millimeters
radius mill,Dreanique,"ICT4F-R2.0-H6 | suitable for Steel, Carbon steel, Pre-hardened steel, Cast iron, Stainless steel",ICT4F-R2.0-H6,,Ti coated,TiAlN,Mist,50.0,46.0,6.0,4.0,2.0,4,4.0,2.0,0,0,0,0.0,2.0,0,60,0,0,0,Default,10000,300,100,150,300,True,0,None,millimeters
radius mill,Dreanique,"ICT4F-R3.0-H8 | suitable for Steel, Carbon steel, Pre-hardened steel, Cast iron, Stainless steel",ICT4F-R3.0-H8,,Ti coated,TiAlN,Mist,60.0,54.0,8.0,6.0,2.0,4,6.0,2.0,0,0,0,0.0,3.0,0,60,0,0,0,Default,10000,300,100,150,300,True,0,None,millimeters
radius mill,Dreanique,"ICT4F-R4.0-H10 | suitable for Steel, Carbon steel, Pre-hardened steel, Cast iron, Stainless steel",ICT4F-R4.0-H10,,Ti coated,TiAlN,Mist,75.0,67.0,10.0,8.0,2.0,4,8.0,2.0,0,0,0,0.0,4.0,0,60,0,0,0,Default,10000,300,100,150,300,True,0,None,millimeters
radius mill,Dreanique,"ICT4F-R5.0-H12 | suitable for Steel, Carbon steel, Pre-hardened steel, Cast iron, Stainless steel",ICT4F-R5.0-H12,,Ti coated,TiAlN,Mist,75.0,65.0,12.0,10.0,2.0,4,10.0,2.0,0,0,0,0.0,5.0,0,60,0,0,0,Default,10000,300,100,150,300,True,0,None,millimeters
radius mill,Dreanique,"ICT4F-R6.0-H14 | suitable for Steel, Carbon steel, Pre-hardened steel, Cast iron, Stainless steel",ICT4F-R6.0-H14,,Ti coated,TiAlN,Mist,100.0,88.0,14.0,12.0,2.0,4,12.0,2.0,0,0,0,0.0,6.0,0,60,0,0,0,Default,10000,300,100,150,300,True,0,None,millimeters
radius mill,Dreanique,"ICT4F-R0.75-H4 | suitable for Steel, Carbon steel, Pre-hardened steel, Cast iron, Stainless steel",ICT4F-R0.75-H4,,Ti coated,TiAlN,Mist,50.0,48.5,4.0,1.5,2.5,4,1.5,2.5,0,0,0,0.0,0.75,0,60,0,0,0,Default,10000,300,100,150,300,True,0,None,millimeters
radius mill,Dreanique,"ICT4F-R0.5-H4 | suitable for Steel, Carbon steel, Pre-hardened steel, Cast iron, Stainless steel",ICT4F-R0.5-H4,,Ti coated,TiAlN,Mist,50.0,49.0,4.0,1.0,3.0,4,1.0,3.0,0,0,0,0.0,0.5,0,60,0,0,0,Default,10000,300,100,150,300,True,0,None,millimeters
radius mill,Dreanique,"ICT4F-R1.5-H6 | suitable for Steel, Carbon steel, Pre-hardened steel, Cast iron, Stainless steel",ICT4F-R1.5-H6,,Ti coated,TiAlN,Mist,50.0,47.0,6.0,3.0,3.0,4,3.0,3.0,0,0,0,0.0,1.5,0,60,0,0,0,Default,10000,300,100,150,300,True,0,None,millimeters
radius mill,Dreanique,"ICT4F-R2.5-H8 | suitable for Steel, Carbon steel, Pre-hardened steel, Cast iron, Stainless steel",ICT4F-R2.5-H8,,Ti coated,TiAlN,Mist,60.0,55.0,8.0,5.0,3.0,4,5.0,3.0,0,0,0,0.0,2.5,0,60,0,0,0,Default,10000,300,100,150,300,True,0,None,millimeters
thread mill,Dreanique,"ISO TAT-M3.0*0.5-H6 | suitable for Carbon steel, Alloy steel, Cast iron, Stainless steel, Prehardened steel, Hardened steel",ISO TAT-M3.0*0.5-H6,,Carbide,DLC,Mist,50.0,0,6.0,9.0,2.4,3,9.0,2.4,0,0,0,0.0,0.0,0.5,60.0,1,0,0,Default,10000,300,100,150,300,True,0,None,millimeters
thread mill,Dreanique,"ISO TAT-M4.0*0.7-H6 | suitable for Carbon steel, Alloy steel, Cast iron, Stainless steel, Prehardened steel, Hardened steel",ISO TAT-M4.0*0.7-H6,,Carbide,DLC,Mist,50.0,0,6.0,11.0,3.2,3,11.0,3.2,0,0,0,0.0,0.0,0.7,60.0,1,0,0,Default,10000,300,100,150,300,True,0,None,millimeters
thread mill,Dreanique,"ISO TAT-M5.0*0.8-H6 | suitable for Carbon steel, Alloy steel, Cast iron, Stainless steel, Prehardened steel, Hardened steel",ISO TAT-M5.0*0.8-H6,,Carbide,DLC,Mist,50.0,0,6.0,12.0,3.9,3,12.0,3.9,0,0,0,0.0,0.0,0.8,60.0,1,0,0,Default,10000,300,100,150,300,True,0,None,millimeters
thread mill,Dreanique,"ISO TAT-M6.0*1.0-H6 | suitable for Carbon steel, Alloy steel, Cast iron, Stainless steel, Prehardened steel, Hardened steel",ISO TAT-M6.0*1.0-H6,,Carbide,DLC,Mist,50.0,0,6.0,14.0,4.7,3,14.0,4.7,0,0,0,0.0,0.0,1.0,60.0,1,0,0,Default,10000,300,100,150,300,True,0,None,millimeters
thread mill,Dreanique,"ISO TAT-M8.0*1.25-H8 | suitable for Carbon steel, Alloy steel, Cast iron, Stainless steel, Prehardened steel, Hardened steel",ISO TAT-M8.0*1.25-H8,,Carbide,DLC,Mist,60.0,0,8.0,18.0,6.5,4,18.0,6.5,0,0,0,0.0,0.0,1.25,60.0,1,0,0,Default,10000,300,100,150,300,True,0,None,millimeters
thread mill,Dreanique,"ISO TAT-M10*1.5-H8 | suitable for Carbon steel, Alloy steel, Cast iron, Stainless steel, Prehardened steel, Hardened steel",ISO TAT-M10*1.5-H8,,Carbide,DLC,Mist,60.0,0,8.0,23.0,7.8,4,23.0,7.8,0,0,0,0.0,0.0,1.5,60.0,1,0,0,Default,10000,300,100,150,300,True,0,None,millimeters
thread mill,Dreanique,"ISO TAT-M12*1.75-H10 | suitable for Carbon steel, Alloy steel, Cast iron, Stainless steel, Prehardened steel, Hardened steel",ISO TAT-M12*1.75-H10,,Carbide,DLC,Mist,75.0,0,10.0,26.0,9.6,4,26.0,9.6,0,0,0,0.0,0.0,1.75,60.0,1,0,0,Default,10000,300,100,150,300,True,0,None,millimeters
flat end mill,Dreanique,M4E-D1.0-H4 | suitable for Aluminum,M4E-D1.0-H4,,Ti coated,TiAlN,Mist,50.0,0,4.0,3.0,1.0,4,3.0,1.0,0,0,0,0.0,0.0,0,60,0,0,0,Default,10000,300,100,150,300,True,0,None,millimeters
flat end mill,Dreanique,M4E-D1.5-H4 | suitable for Aluminum,M4E-D1.5-H4,,Ti coated,TiAlN,Mist,50.0,0,4.0,4.0,1.5,4,4.0,1.5,0,0,0,0.0,0.0,0,60,0,0,0,Default,10000,300,100,150,300,True,0,None,millimeters
flat end mill,Dreanique,M4E-D2.0-H4 | suitable for Aluminum,M4E-D2.0-H4,,Ti coated,TiAlN,Mist,50.0,0,4.0,6.0,2.0,4,6.0,2.0,0,0,0,0.0,0.0,0,60,0,0,0,Default,10000,300,100,150,300,True,0,None,millimeters
flat end mill,Dreanique,M4E-D3.0-H4 | suitable for Aluminum,M4E-D3.0-H4,,Ti coated,TiAlN,Mist,50.0,0,4.0,8.0,3.0,4,8.0,3.0,0,0,0,0.0,0.0,0,60,0,0,0,Default,10000,300,100,150,300,True,0,None,millimeters
flat end mill,Dreanique,M4E-D4.0-H4 | suitable for Aluminum,M4E-D4.0-H4,,Ti coated,TiAlN,Mist,50.0,0,4.0,11.0,4.0,4,11.0,4.0,0,0,0,0.0,0.0,0,60,0,0,0,Default,10000,300,100,150,300,True,0,None,millimeters
flat end mill,Dreanique,M4E-D5.0-H6 | suitable for Aluminum,M4E-D5.0-H6,,Ti coated,TiAlN,Mist,50.0,0,6.0,13.0,5.0,4,13.0,5.0,0,0,0,0.0,0.0,0,60,0,0,0,Default,10000,300,100,150,300,True,0,None,millimeters
flat end mill,Dreanique,M4E-D6.0 | suitable for Aluminum,M4E-D6.0,,Ti coated,TiAlN,Mist,50.0,0,6.0,15.0,6.0,4,15.0,6.0,0,0,0,0.0,0.0,0,60,0,0,0,Default,10000,300,100,150,300,True,0,None,millimeters
flat end mill,Dreanique,M4E-D8.0 | suitable for Aluminum,M4E-D8.0,,Ti coated,TiAlN,Mist,60.0,0,8.0,22.0,8.0,4,22.0,8.0,0,0,0,0.0,0.0,0,60,0,0,0,Default,10000,300,100,150,300,True,0,None,millimeters
flat end mill,Dreanique,M4E-D10.0 | suitable for Aluminum,M4E-D10.0,,Ti coated,TiAlN,Mist,75.0,0,10.0,25.0,10.0,4,25.0,10.0,0,0,0,0.0,0.0,0,60,0,0,0,Default,10000,300,100,150,300,True,0,None,millimeters
flat end mill,Dreanique,M4E-D12.0 | suitable for Aluminum,M4E-D12.0,,Ti coated,TiAlN,Mist,75.0,0,12.0,30.0,12.0,4,30.0,12.0,0,0,0,0.0,0.0,0,60,0,0,0,Default,10000,300,100,150,300,True,0,None,millimeters
ball end mill,Dreanique,"P2B-R0.5 | suitable for Steel, Carbon steel, Pre-hardened steel, Cast iron, Stainless steel",P2B-R0.5,,Ti coated,TiAlXN,Mist,50.0,0,6.0,2.0,1.0,2,2.0,1.0,0,0,0,0.0,0.0,0,60,0,0,0,Default,10000,300,100,150,300,True,0,None,millimeters
ball end mill,Dreanique,"P2B-R0.5-H4 | suitable for Steel, Carbon steel, Pre-hardened steel, Cast iron, Stainless steel",P2B-R0.5-H4,,Ti coated,TiAlXN,Mist,50.0,0,4.0,2.0,1.0,2,2.0,1.0,0,0,0,0.0,0.0,0,60,0,0,0,Default,10000,300,100,150,300,True,0,None,millimeters
ball end mill,Dreanique,"P2B-R0.75 | suitable for Steel, Carbon steel, Pre-hardened steel, Cast iron, Stainless steel",P2B-R0.75,,Ti coated,TiAlXN,Mist,50.0,0,6.0,3.0,1.5,2,3.0,1.5,0,0,0,0.0,0.0,0,60,0,0,0,Default,10000,300,100,150,300,True,0,None,millimeters
ball end mill,Dreanique,"P2B-R0.75-H4 | suitable for Steel, Carbon steel, Pre-hardened steel, Cast iron, Stainless steel",P2B-R0.75-H4,,Ti coated,TiAlXN,Mist,50.0,0,4.0,3.0,1.5,2,3.0,1.5,0,0,0,0.0,0.0,0,60,0,0,0,Default,10000,300,100,150,300,True,0,None,millimeters
ball end mill,Dreanique,"P2B-R1 | suitable for Steel, Carbon steel, Pre-hardened steel, Cast iron, Stainless steel",P2B-R1,,Ti coated,TiAlXN,Mist,50.0,0,6.0,4.0,2.0,2,4.0,2.0,0,0,0,0.0,0.0,0,60,0,0,0,Default,10000,300,100,150,300,True,0,None,millimeters
ball end mill,Dreanique,"P2B-R1.0-H4 | suitable for Steel, Carbon steel, Pre-hardened steel, Cast iron, Stainless steel",P2B-R1.0-H4,,Ti coated,TiAlXN,Mist,50.0,0,4.0,4.0,2.0,2,4.0,2.0,0,0,0,0.0,0.0,0,60,0,0,0,Default,10000,300,100,150,300,True,0,None,millimeters
ball end mill,Dreanique,"P2B-R1.25 | suitable for Steel, Carbon steel, Pre-hardened steel, Cast iron, Stainless steel",P2B-R1.25,,Ti coated,TiAlXN,Mist,50.0,0,6.0,5.0,2.5,2,5.0,2.5,0,0,0,0.0,0.0,0,60,0,0,0,Default,10000,300,100,150,300,True,0,None,millimeters
ball end mill,Dreanique,"P2B-R1.25-H4 | suitable for Steel, Carbon steel, Pre-hardened steel, Cast iron, Stainless steel",P2B-R1.25-H4,,Ti coated,TiAlXN,Mist,50.0,0,4.0,5.0,2.5,2,5.0,2.5,0,0,0,0.0,0.0,0,60,0,0,0,Default,10000,300,100,150,300,True,0,None,millimeters
ball end mill,Dreanique,"P2B-R1.5 | suitable for Steel, Carbon steel, Pre-hardened steel, Cast iron, Stainless steel",P2B-R1.5,,Ti coated,TiAlXN,Mist,50.0,0,6.0,6.0,3.0,2,6.0,3.0,0,0,0,0.0,0.0,0,60,0,0,0,Default,10000,300,100,150,300,True,0,None,millimeters
ball end mill,Dreanique,"P2B-R1.5-H4 | suitable for Steel, Carbon steel, Pre-hardened steel, Cast iron, Stainless steel",P2B-R1.5-H4,,Ti coated,TiAlXN,Mist,50.0,0,4.0,6.0,3.0,2,6.0,3.0,0,0,0,0.0,0.0,0,60,0,0,0,Default,10000,300,100,150,300,True,0,None,millimeters
ball end mill,Dreanique,"P2B-R1.75 | suitable for Steel, Carbon steel, Pre-hardened steel, Cast iron, Stainless steel",P2B-R1.75,,Ti coated,TiAlXN,Mist,50.0,0,6.0,8.0,3.5,2,8.0,3.5,0,0,0,0.0,0.0,0,60,0,0,0,Default,10000,300,100,150,300,True,0,None,millimeters
ball end mill,Dreanique,"P2B-R2 | suitable for Steel, Carbon steel, Pre-hardened steel, Cast iron, Stainless steel",P2B-R2,,Ti coated,TiAlXN,Mist,50.0,0,6.0,8.0,4.0,2,8.0,4.0,0,0,0,0.0,0.0,0,60,0,0,0,Default,10000,300,100,150,300,True,0,None,millimeters
ball end mill,Dreanique,"P2B-R2-H4 | suitable for Steel, Carbon steel, Pre-hardened steel, Cast iron, Stainless steel",P2B-R2-H4,,Ti coated,TiAlXN,Mist,50.0,0,4.0,8.0,4.0,2,8.0,4.0,0,0,0,0.0,0.0,0,60,0,0,0,Default,10000,300,100,150,300,True,0,None,millimeters
ball end mill,Dreanique,"P2B-R2.5 | suitable for Steel, Carbon steel, Pre-hardened steel, Cast iron, Stainless steel",P2B-R2.5,,Ti coated,TiAlXN,Mist,50.0,0,6.0,10.0,5.0,2,10.0,5.0,0,0,0,0.0,0.0,0,60,0,0,0,Default,10000,300,100,150,300,True,0,None,millimeters
ball end mill,Dreanique,"P2B-R2.75 | suitable for Steel, Carbon steel, Pre-hardened steel, Cast iron, Stainless steel",P2B-R2.75,,Ti coated,TiAlXN,Mist,50.0,0,6.0,12.0,5.5,2,12.0,5.5,0,0,0,0.0,0.0,0,60,0,0,0,Default,10000,300,100,150,300,True,0,None,millimeters
ball end mill,Dreanique,"P2B-R3 | suitable for Steel, Carbon steel, Pre-hardened steel, Cast iron, Stainless steel",P2B-R3,,Ti coated,TiAlXN,Mist,50.0,0,6.0,12.0,6.0,2,12.0,6.0,0,0,0,0.0,0.0,0,60,0,0,0,Default,10000,300,100,150,300,True,0,None,millimeters
ball end mill,Dreanique,"P2B-R3.5 | suitable for Steel, Carbon steel, Pre-hardened steel, Cast iron, Stainless steel",P2B-R3.5,,Ti coated,TiAlXN,Mist,60.0,0,8.0,14.0,7.0,2,14.0,7.0,0,0,0,0.0,0.0,0,60,0,0,0,Default,10000,300,100,150,300,True,0,None,millimeters
ball end mill,Dreanique,"P2B-R4 | suitable for Steel, Carbon steel, Pre-hardened steel, Cast iron, Stainless steel",P2B-R4,,Ti coated,TiAlXN,Mist,60.0,0,8.0,16.0,8.0,2,16.0,8.0,0,0,0,0.0,0.0,0,60,0,0,0,Default,10000,300,100,150,300,True,0,None,millimeters
ball end mill,Dreanique,"P2B-R4.5 | suitable for Steel, Carbon steel, Pre-hardened steel, Cast iron, Stainless steel",P2B-R4.5,,Ti coated,TiAlXN,Mist,75.0,0,10.0,18.0,9.0,2,18.0,9.0,0,0,0,0.0,0.0,0,60,0,0,0,Default,10000,300,100,150,300,True,0,None,millimeters
ball end mill,Dreanique,"P2B-R5 | suitable for Steel, Carbon steel, Pre-hardened steel, Cast iron, Stainless steel",P2B-R5,,Ti coated,TiAlXN,Mist,75.0,0,10.0,20.0,10.0,2,20.0,10.0,0,0,0,0.0,0.0,0,60,0,0,0,Default,10000,300,100,150,300,True,0,None,millimeters
ball end mill,Dreanique,"P2B-R6 | suitable for Steel, Carbon steel, Pre-hardened steel, Cast iron, Stainless steel",P2B-R6,,Ti coated,TiAlXN,Mist,75.0,0,12.0,24.0,12.0,2,24.0,12.0,0,0,0,0.0,0.0,0,60,0,0,0,Default,10000,300,100,150,300,True,0,None,millimeters
ball end mill,Dreanique,"P2B-R7 | suitable for Steel, Carbon steel, Pre-hardened steel, Cast iron, Stainless steel",P2B-R7,,Ti coated,TiAlXN,Mist,75.0,0,14.0,28.0,14.0,2,28.0,14.0,0,0,0,0.0,0.0,0,60,0,0,0,Default,10000,300,100,150,300,True,0,None,millimeters
ball end mill,Dreanique,"P2B-R8 | suitable for Steel, Carbon steel, Pre-hardened steel, Cast iron, Stainless steel",P2B-R8,,Ti coated,TiAlXN,Mist,100.0,0,16.0,32.0,16.0,2,32.0,16.0,0,0,0,0.0,0.0,0,60,0,0,0,Default,10000,300,100,150,300,True,0,None,millimeters
ball end mill,Dreanique,"P2B-R9 | suitable for Steel, Carbon steel, Pre-hardened steel, Cast iron, Stainless steel",P2B-R9,,Ti coated,TiAlXN,Mist,100.0,0,18.0,36.0,18.0,2,36.0,18.0,0,0,0,0.0,0.0,0,60,0,0,0,Default,10000,300,100,150,300,True,0,None,millimeters
ball end mill,Dreanique,"P2B-R10 | suitable for Steel, Carbon steel, Pre-hardened steel, Cast iron, Stainless steel",P2B-R10,,Ti coated,TiAlXN,Mist,100.0,0,20.0,40.0,20.0,2,40.0,20.0,0,0,0,0.0,0.0,0,60,0,0,0,Default,10000,300,100,150,300,True,0,None,millimeters
tapered mill,Dreanique,"P2BC-R0.25-15-H4 | suitable for Steel, Carbon steel, Pre-hardened steel, Cast iron, Stainless steel",P2BC-R0.25-15-H4,,Ti coated,TiAlN,Mist,50.0,0,4.0,15.0,0.25,2,15.0,0.25,0,0,0,6.7,0.25,0,60,0,0,0,Default,10000,300,100,150,300,True,0,tapered_ball,millimeters
tapered mill,Dreanique,"P2BC-R0.25-20-H6 | suitable for Steel, Carbon steel, Pre-hardened steel, Cast iron, Stainless steel",P2BC-R0.25-20-H6,,Ti coated,TiAlN,Mist,50.0,0,6.0,20.0,0.25,2,20.0,0.25,0,0,0,7.8,0.25,0,60,0,0,0,Default,10000,300,100,150,300,True,0,tapered_ball,millimeters
tapered mill,Dreanique,"P2BC-R0.25-20.5-H4 | suitable for Steel, Carbon steel, Pre-hardened steel, Cast iron, Stainless steel",P2BC-R0.25-20.5-H4,,Ti coated,TiAlN,Mist,50.0,0,4.0,20.5,0.25,2,20.5,0.25,0,0,0,4.9,0.25,0,60,0,0,0,Default,10000,300,100,150,300,True,0,tapered_ball,millimeters
tapered mill,Dreanique,"P2BC-R0.25-30.5-H6 | suitable for Steel, Carbon steel, Pre-hardened steel, Cast iron, Stainless steel",P2BC-R0.25-30.5-H6,,Ti coated,TiAlN,Mist,75.0,0,6.0,30.5,0.25,2,30.5,0.25,0,0,0,5.2,0.25,0,60,0,0,0,Default,10000,300,100,150,300,True,0,tapered_ball,millimeters
tapered mill,Dreanique,"P2BC-R0.5-15-H4 | suitable for Steel, Carbon steel, Pre-hardened steel, Cast iron, Stainless steel",P2BC-R0.5-15-H4,,Ti coated,TiAlN,Mist,50.0,0,4.0,15.0,0.5,2,15.0,0.5,0,0,0,5.7,0.5,0,60,0,0,0,Default,10000,300,100,150,300,True,0,tapered_ball,millimeters
tapered mill,Dreanique,"P2BC-R0.5-20-H6 | suitable for Steel, Carbon steel, Pre-hardened steel, Cast iron, Stainless steel",P2BC-R0.5-20-H6,,Ti coated,TiAlN,Mist,50.0,0,6.0,20.0,0.5,2,20.0,0.5,0,0,0,7.1,0.5,0,60,0,0,0,Default,10000,300,100,150,300,True,0,tapered_ball,millimeters
tapered mill,Dreanique,"P2BC-R0.5-20.5-H4 | suitable for Steel, Carbon steel, Pre-hardened steel, Cast iron, Stainless steel",P2BC-R0.5-20.5-H4,,Ti coated,TiAlN,Mist,50.0,0,4.0,20.5,0.5,2,20.5,0.5,0,0,0,4.2,0.5,0,60,0,0,0,Default,10000,300,100,150,300,True,0,tapered_ball,millimeters
tapered mill,Dreanique,"P2BC-R0.5-30.5-H6 | suitable for Steel, Carbon steel, Pre-hardened steel, Cast iron, Stainless steel",P2BC-R0.5-30.5-H6,,Ti coated,TiAlN,Mist,75.0,0,6.0,30.5,0.5,2,30.5,0.5,0,0,0,4.7,0.5,0,60,0,0,0,Default,10000,300,100,150,300,True,0,tapered_ball,millimeters
tapered mill,Dreanique,"P2BC-R0.5-47-H8 | suitable for Steel, Carbon steel, Pre-hardened steel, Cast iron, Stainless steel",P2BC-R0.5-47-H8,,Ti coated,TiAlN,Mist,100.0,0,8.0,47.0,0.5,2,47.0,0.5,0,0,0,4.3,0.5,0,60,0,0,0,Default,10000,300,100,150,300,True,0,tapered_ball,millimeters
tapered mill,Dreanique,"P2BC-R0.75-15-H4 | suitable for Steel, Carbon steel, Pre-hardened steel, Cast iron, Stainless steel",P2BC-R0.75-15-H4,,Ti coated,TiAlN,Mist,50.0,0,4.0,15.0,0.75,2,15.0,0.75,0,0,0,4.8,0.75,0,60,0,0,0,Default,10000,300,100,150,300,True,0,tapered_ball,millimeters
tapered mill,Dreanique,"P2BC-R0.75-20-H6 | suitable for Steel, Carbon steel, Pre-hardened steel, Cast iron, Stainless steel",P2BC-R0.75-20-H6,,Ti coated,TiAlN,Mist,50.0,0,6.0,20.0,0.75,2,20.0,0.75,0,0,0,6.4,0.75,0,60,0,0,0,Default,10000,300,100,150,300,True,0,tapered_ball,millimeters
tapered mill,Dreanique,"P2BC-R0.75-20.5-H4 | suitable for Steel, Carbon steel, Pre-hardened steel, Cast iron, Stainless steel",P2BC-R0.75-20.5-H4,,Ti coated,TiAlN,Mist,50.0,0,4.0,20.5,0.75,2,20.5,0.75,0,0,0,3.5,0.75,0,60,0,0,0,Default,10000,300,100,150,300,True,0,tapered_ball,millimeters
tapered mill,Dreanique,"P2BC-R0.75-30.5-H6 | suitable for Steel, Carbon steel, Pre-hardened steel, Cast iron, Stainless steel",P2BC-R0.75-30.5-H6,,Ti coated,TiAlN,Mist,75.0,0,6.0,30.5,0.75,2,30.5,0.75,0,0,0,4.2,0.75,0,60,0,0,0,Default,10000,300,100,150,300,True,0,tapered_ball,millimeters
tapered mill,Dreanique,"P2BC-R0.75-47-H8 | suitable for Steel, Carbon steel, Pre-hardened steel, Cast iron, Stainless steel",P2BC-R0.75-47-H8,,Ti coated,TiAlN,Mist,100.0,0,8.0,47.0,0.75,2,47.0,0.75,0,0,0,4.0,0.75,0,60,0,0,0,Default,10000,300,100,150,300,True,0,tapered_ball,millimeters
tapered mill,Dreanique,"P2BC-R1-15-H4 | suitable for Steel, Carbon steel, Pre-hardened steel, Cast iron, Stainless steel",P2BC-R1-15-H4,,Ti coated,TiAlN,Mist,50.0,0,4.0,15.0,1.0,2,15.0,1.0,0,0,0,3.8,1.0,0,60,0,0,0,Default,10000,300,100,150,300,True,0,tapered_ball,millimeters
tapered mill,Dreanique,"P2BC-R1-20-H6 | suitable for Steel, Carbon steel, Pre-hardened steel, Cast iron, Stainless steel",P2BC-R1-20-H6,,Ti coated,TiAlN,Mist,50.0,0,6.0,20.0,1.0,2,20.0,1.0,0,0,0,5.7,1.0,0,60,0,0,0,Default,10000,300,100,150,300,True,0,tapered_ball,millimeters
tapered mill,Dreanique,"P2BC-R1-20.5-H4 | suitable for Steel, Carbon steel, Pre-hardened steel, Cast iron, Stainless steel",P2BC-R1-20.5-H4,,Ti coated,TiAlN,Mist,50.0,0,4.0,20.5,1.0,2,20.5,1.0,0,0,0,2.8,1.0,0,60,0,0,0,Default,10000,300,100,150,300,True,0,tapered_ball,millimeters
tapered mill,Dreanique,"P2BC-R1-30.5-H6 | suitable for Steel, Carbon steel, Pre-hardened steel, Cast iron, Stainless steel",P2BC-R1-30.5-H6,,Ti coated,TiAlN,Mist,75.0,0,6.0,30.5,1.0,2,30.5,1.0,0,0,0,3.8,1.0,0,60,0,0,0,Default,10000,300,100,150,300,True,0,tapered_ball,millimeters
tapered mill,Dreanique,"P2BC-R1-47-H8 | suitable for Steel, Carbon steel, Pre-hardened steel, Cast iron, Stainless steel",P2BC-R1-47-H8,,Ti coated,TiAlN,Mist,100.0,0,8.0,47.0,1.0,2,47.0,1.0,0,0,0,3.7,1.0,0,60,0,0,0,Default,10000,300,100,150,300,True,0,tapered_ball,millimeters
tapered mill,Dreanique,"P2BC-R1.5-20-H6 | suitable for Steel, Carbon steel, Pre-hardened steel, Cast iron, Stainless steel",P2BC-R1.5-20-H6,,Ti coated,TiAlN,Mist,50.0,0,6.0,20.0,1.5,2,20.0,1.5,0,0,0,4.3,1.5,0,60,0,0,0,Default,10000,300,100,150,300,True,0,tapered_ball,millimeters
tapered mill,Dreanique,"P2BC-R1.5-30.5-H6 | suitable for Steel, Carbon steel, Pre-hardened steel, Cast iron, Stainless steel",P2BC-R1.5-30.5-H6,,Ti coated,TiAlN,Mist,75.0,0,6.0,30.5,1.5,2,30.5,1.5,0,0,0,2.8,1.5,0,60,0,0,0,Default,10000,300,100,150,300,True,0,tapered_ball,millimeters
tapered mill,Dreanique,"P2BC-R1.5-47-H8 | suitable for Steel, Carbon steel, Pre-hardened steel, Cast iron, Stainless steel",P2BC-R1.5-47-H8,,Ti coated,TiAlN,Mist,100.0,0,8.0,47.0,1.5,2,47.0,1.5,0,0,0,3.0,1.5,0,60,0,0,0,Default,10000,300,100,150,300,True,0,tapered_ball,millimeters
tapered mill,Dreanique,"P2BC-R2-20-H6 | suitable for Steel, Carbon steel, Pre-hardened steel, Cast iron, Stainless steel",P2BC-R2-20-H6,,Ti coated,TiAlN,Mist,50.0,0,6.0,20.0,2.0,2,20.0,2.0,0,0,0,2.9,2.0,0,60,0,0,0,Default,10000,300,100,150,300,True,0,tapered_ball,millimeters
tapered mill,Dreanique,"P2BC-R2-30.5-H6 | suitable for Steel, Carbon steel, Pre-hardened steel, Cast iron, Stainless steel",P2BC-R2-30.5-H6,,Ti coated,TiAlN,Mist,75.0,0,6.0,30.5,2.0,2,30.5,2.0,0,0,0,1.9,2.0,0,60,0,0,0,Default,10000,300,100,150,300,True,0,tapered_ball,millimeters
tapered mill,Dreanique,"P2BC-R2-47-H8 | suitable for Steel, Carbon steel, Pre-hardened steel, Cast iron, Stainless steel",P2BC-R2-47-H8,,Ti coated,TiAlN,Mist,100.0,0,8.0,47.0,2.0,2,47.0,2.0,0,0,0,2.4,2.0,0,60,0,0,0,Default,10000,300,100,150,300,True,0,tapered_ball,millimeters
ball end mill,Dreanique,"P2BL-R1 | suitable for Steel, Carbon steel, Pre-hardened steel, Cast iron, Stainless steel",P2BL-R1,,Ti coated,TiAlXN,Mist,75.0,0,6.0,4.0,2.0,2,4.0,2.0,0,0,0,0.0,0.0,0,60,0,0,0,Default,10000,300,100,150,300,True,0,None,millimeters
ball end mill,Dreanique,"P2BL-R1.25 | suitable for Steel, Carbon steel, Pre-hardened steel, Cast iron, Stainless steel",P2BL-R1.25,,Ti coated,TiAlXN,Mist,75.0,0,6.0,5.0,2.5,2,5.0,2.5,0,0,0,0.0,0.0,0,60,0,0,0,Default,10000,300,100,150,300,True,0,None,millimeters
ball end mill,Dreanique,"P2BL-R1.5 | suitable for Steel, Carbon steel, Pre-hardened steel, Cast iron, Stainless steel",P2BL-R1.5,,Ti coated,TiAlXN,Mist,75.0,0,6.0,6.0,3.0,2,6.0,3.0,0,0,0,0.0,0.0,0,60,0,0,0,Default,10000,300,100,150,300,True,0,None,millimeters
ball end mill,Dreanique,"P2BL-R1.75 | suitable for Steel, Carbon steel, Pre-hardened steel, Cast iron, Stainless steel",P2BL-R1.75,,Ti coated,TiAlXN,Mist,75.0,0,6.0,8.0,3.5,2,8.0,3.5,0,0,0,0.0,0.0,0,60,0,0,0,Default,10000,300,100,150,300,True,0,None,millimeters
ball end mill,Dreanique,"P2BL-R2 | suitable for Steel, Carbon steel, Pre-hardened steel, Cast iron, Stainless steel",P2BL-R2,,Ti coated,TiAlXN,Mist,75.0,0,6.0,8.0,4.0,2,8.0,4.0,0,0,0,0.0,0.0,0,60,0,0,0,Default,10000,300,100,150,300,True,0,None,millimeters
ball end mill,Dreanique,"P2BL-R2.5 | suitable for Steel, Carbon steel, Pre-hardened steel, Cast iron, Stainless steel",P2BL-R2.5,,Ti coated,TiAlXN,Mist,75.0,0,6.0,10.0,5.0,2,10.0,5.0,0,0,0,0.0,0.0,0,60,0,0,0,Default,10000,300,100,150,300,True,0,None,millimeters
ball end mill,Dreanique,"P2BL-R2.75 | suitable for Steel, Carbon steel, Pre-hardened steel, Cast iron, Stainless steel",P2BL-R2.75,,Ti coated,TiAlXN,Mist,75.0,0,6.0,12.0,5.5,2,12.0,5.5,0,0,0,0.0,0.0,0,60,0,0,0,Default,10000,300,100,150,300,True,0,None,millimeters
ball end mill,Dreanique,"P2BL-R3 | suitable for Steel, Carbon steel, Pre-hardened steel, Cast iron, Stainless steel",P2BL-R3,,Ti coated,TiAlXN,Mist,75.0,0,6.0,12.0,6.0,2,12.0,6.0,0,0,0,0.0,0.0,0,60,0,0,0,Default,10000,300,100,150,300,True,0,None,millimeters
ball end mill,Dreanique,"P2BL-R3.5 | suitable for Steel, Carbon steel, Pre-hardened steel, Cast iron, Stainless steel",P2BL-R3.5,,Ti coated,TiAlXN,Mist,75.0,0,8.0,14.0,7.0,2,14.0,7.0,0,0,0,0.0,0.0,0,60,0,0,0,Default,10000,300,100,150,300,True,0,None,millimeters
ball end mill,Dreanique,"P2BL-R4 | suitable for Steel, Carbon steel, Pre-hardened steel, Cast iron, Stainless steel",P2BL-R4,,Ti coated,TiAlXN,Mist,100.0,0,8.0,16.0,8.0,2,16.0,8.0,0,0,0,0.0,0.0,0,60,0,0,0,Default,10000,300,100,150,300,True,0,None,millimeters
ball end mill,Dreanique,"P2BL-R4.5 | suitable for Steel, Carbon steel, Pre-hardened steel, Cast iron, Stainless steel",P2BL-R4.5,,Ti coated,TiAlXN,Mist,100.0,0,10.0,18.0,9.0,2,18.0,9.0,0,0,0,0.0,0.0,0,60,0,0,0,Default,10000,300,100,150,300,True,0,None,millimeters
ball end mill,Dreanique,"P2BL-R5 | suitable for Steel, Carbon steel, Pre-hardened steel, Cast iron, Stainless steel",P2BL-R5,,Ti coated,TiAlXN,Mist,100.0,0,10.0,20.0,10.0,2,20.0,10.0,0,0,0,0.0,0.0,0,60,0,0,0,Default,10000,300,100,150,300,True,0,None,millimeters
ball end mill,Dreanique,"P2BL-R6 | suitable for Steel, Carbon steel, Pre-hardened steel, Cast iron, Stainless steel",P2BL-R6,,Ti coated,TiAlXN,Mist,100.0,0,12.0,24.0,12.0,2,24.0,12.0,0,0,0,0.0,0.0,0,60,0,0,0,Default,10000,300,100,150,300,True,0,None,millimeters
ball end mill,Dreanique,"P2BL-R7 | suitable for Steel, Carbon steel, Pre-hardened steel, Cast iron, Stainless steel",P2BL-R7,,Ti coated,TiAlXN,Mist,100.0,0,14.0,28.0,14.0,2,28.0,14.0,0,0,0,0.0,0.0,0,60,0,0,0,Default,10000,300,100,150,300,True,0,None,millimeters
ball end mill,Dreanique,"P2BL-R8 | suitable for Steel, Carbon steel, Pre-hardened steel, Cast iron, Stainless steel",P2BL-R8,,Ti coated,TiAlXN,Mist,150.0,0,16.0,32.0,16.0,2,32.0,16.0,0,0,0,0.0,0.0,0,60,0,0,0,Default,10000,300,100,150,300,True,0,None,millimeters
ball end mill,Dreanique,"P2BL-R9 | suitable for Steel, Carbon steel, Pre-hardened steel, Cast iron, Stainless steel",P2BL-R9,,Ti coated,TiAlXN,Mist,150.0,0,18.0,36.0,18.0,2,36.0,18.0,0,0,0,0.0,0.0,0,60,0,0,0,Default,10000,300,100,150,300,True,0,None,millimeters
ball end mill,Dreanique,"P2BL-R10 | suitable for Steel, Carbon steel, Pre-hardened steel, Cast iron, Stainless steel",P2BL-R10,,Ti coated,TiAlXN,Mist,150.0,0,20.0,40.0,20.0,2,40.0,20.0,0,0,0,0.0,0.0,0,60,0,0,0,Default,10000,300,100,150,300,True,0,None,millimeters
flat end mill,Dreanique,"P4C-D6.0 | suitable for Steel, Carbon steel, Pre-hardened steel, Cast iron, Stainless steel",P4C-D6.0,,Ti coated,TiAlN,Mist,50.0,0,6.0,15.0,6.0,4,15.0,6.0,0,0,0,0.0,0.0,0,60,0,0,0,Default,10000,300,100,150,300,True,0,None,millimeters
flat end mill,Dreanique,"P4C-D8.0 | suitable for Steel, Carbon steel, Pre-hardened steel, Cast iron, Stainless steel",P4C-D8.0,,Ti coated,TiAlN,Mist,60.0,0,8.0,20.0,8.0,4,20.0,8.0,0,0,0,0.0,0.0,0,60,0,0,0,Default,10000,300,100,150,300,True,0,None,millimeters
flat end mill,Dreanique,"P4C-D10.0 | suitable for Steel, Carbon steel, Pre-hardened steel, Cast iron, Stainless steel",P4C-D10.0,,Ti coated,TiAlN,Mist,75.0,0,10.0,25.0,10.0,4,25.0,10.0,0,0,0,0.0,0.0,0,60,0,0,0,Default,10000,300,100,150,300,True,0,None,millimeters
flat end mill,Dreanique,"P4C-D12.0 | suitable for Steel, Carbon steel, Pre-hardened steel, Cast iron, Stainless steel",P4C-D12.0,,Ti coated,TiAlN,Mist,75.0,0,12.0,30.0,12.0,4,30.0,12.0,0,0,0,0.0,0.0,0,60,0,0,0,Default,10000,300,100,150,300,True,0,None,millimeters
flat end mill,Dreanique,"P4C-D14.0 | suitable for Steel, Carbon steel, Pre-hardened steel, Cast iron, Stainless steel",P4C-D14.0,,Ti coated,TiAlN,Mist,100.0,0,14.0,35.0,14.0,4,35.0,14.0,0,0,0,0.0,0.0,0,60,0,0,0,Default,10000,300,100,150,300,True,0,None,millimeters
flat end mill,Dreanique,"P4C-D16.0 | suitable for Steel, Carbon steel, Pre-hardened steel, Cast iron, Stainless steel",P4C-D16.0,,Ti coated,TiAlN,Mist,100.0,0,16.0,40.0,16.0,4,40.0,16.0,0,0,0,0.0,0.0,0,60,0,0,0,Default,10000,300,100,150,300,True,0,None,millimeters
flat end mill,Dreanique,"P4C-D18.0 | suitable for Steel, Carbon steel, Pre-hardened steel, Cast iron, Stainless steel",P4C-D18.0,,Ti coated,TiAlN,Mist,100.0,0,18.0,45.0,18.0,4,45.0,18.0,0,0,0,0.0,0.0,0,60,0,0,0,Default,10000,300,100,150,300,True,0,None,millimeters
flat end mill,Dreanique,"P4C-D20.0 | suitable for Steel, Carbon steel, Pre-hardened steel, Cast iron, Stainless steel",P4C-D20.0,,Ti coated,TiAlN,Mist,100.0,0,20.0,50.0,20.0,4,50.0,20.0,0,0,0,0.0,0.0,0,60,0,0,0,Default,10000,300,100,150,300,True,0,None,millimeters
flat end mill,Dreanique,"P4CFL-D8.0 | suitable for Steel, Carbon steel, Pre-hardened steel, Cast iron, Stainless steel",P4CFL-D8.0,,Ti coated,TiAlN,Mist,100.0,0,8.0,30.0,8.0,4,30.0,8.0,0,0,0,0.0,0.0,0,60,0,0,0,Default,10000,300,100,150,300,True,0,None,millimeters
flat end mill,Dreanique,"P4CFL-D12.0 | suitable for Steel, Carbon steel, Pre-hardened steel, Cast iron, Stainless steel",P4CFL-D12.0,,Ti coated,TiAlN,Mist,150.0,0,12.0,55.0,12.0,4,55.0,12.0,0,0,0,0.0,0.0,0,60,0,0,0,Default,10000,300,100,150,300,True,0,None,millimeters
flat end mill,Dreanique,"P4CL-D6.0 | suitable for Steel, Carbon steel, Pre-hardened steel, Cast iron, Stainless steel",P4CL-D6.0,,Ti coated,TiAlN,Mist,75.0,0,6.0,15.0,6.0,4,15.0,6.0,0,0,0,0.0,0.0,0,60,0,0,0,Default,10000,300,100,150,300,True,0,None,millimeters
flat end mill,Dreanique,"P4CL-D8.0 | suitable for Steel, Carbon steel, Pre-hardened steel, Cast iron, Stainless steel",P4CL-D8.0,,Ti coated,TiAlN,Mist,75.0,0,8.0,30.0,8.0,4,30.0,8.0,0,0,0,0.0,0.0,0,60,0,0,0,Default,10000,300,100,150,300,True,0,None,millimeters
flat end mill,Dreanique,"P4CL-D10.0 | suitable for Steel, Carbon steel, Pre-hardened steel, Cast iron, Stainless steel",P4CL-D10.0,,Ti coated,TiAlN,Mist,100.0,0,10.0,40.0,10.0,4,40.0,10.0,0,0,0,0.0,0.0,0,60,0,0,0,Default,10000,300,100,150,300,True,0,None,millimeters
flat end mill,Dreanique,"P4CL-D12.0 | suitable for Steel, Carbon steel, Pre-hardened steel, Cast iron, Stainless steel",P4CL-D12.0,,Ti coated,TiAlN,Mist,100.0,0,12.0,45.0,12.0,4,45.0,12.0,0,0,0,0.0,0.0,0,60,0,0,0,Default,10000,300,100,150,300,True,0,None,millimeters
flat end mill,Dreanique,"P4CL-D14.0 | suitable for Steel, Carbon steel, Pre-hardened steel, Cast iron, Stainless steel",P4CL-D14.0,,Ti coated,TiAlN,Mist,150.0,0,14.0,60.0,14.0,4,60.0,14.0,0,0,0,0.0,0.0,0,60,0,0,0,Default,10000,300,100,150,300,True,0,None,millimeters
flat end mill,Dreanique,"P4CL-D16.0 | suitable for Steel, Carbon steel, Pre-hardened steel, Cast iron, Stainless steel",P4CL-D16.0,,Ti coated,TiAlN,Mist,150.0,0,16.0,70.0,16.0,4,70.0,16.0,0,0,0,0.0,0.0,0,60,0,0,0,Default,10000,300,100,150,300,True,0,None,millimeters
flat end mill,Dreanique,"P4CL-D18.0 | suitable for Steel, Carbon steel, Pre-hardened steel, Cast iron, Stainless steel",P4CL-D18.0,,Ti coated,TiAlN,Mist,150.0,0,18.0,70.0,18.0,4,70.0,18.0,0,0,0,0.0,0.0,0,60,0,0,0,Default,10000,300,100,150,300,True,0,None,millimeters
flat end mill,Dreanique,"P4CL-D20.0 | suitable for Steel, Carbon steel, Pre-hardened steel, Cast iron, Stainless steel",P4CL-D20.0,,Ti coated,TiAlN,Mist,150.0,0,20.0,80.0,20.0,4,80.0,20.0,0,0,0,0.0,0.0,0,60,0,0,0,Default,10000,300,100,150,300,True,0,None,millimeters
flat end mill,Dreanique,"P4E-D1.0 | suitable for Steel, Carbon steel, Pre-hardened steel, Cast iron, Stainless steel",P4E-D1.0,,Ti coated,TiAlN,Mist,50.0,0,6.0,3.0,1.0,4,3.0,1.0,0,0,0,0.0,0.0,0,60,0,0,0,Default,10000,300,100,150,300,True,0,None,millimeters
flat end mill,Dreanique,"P4E-D1.0-H4 | suitable for Steel, Carbon steel, Pre-hardened steel, Cast iron, Stainless steel",P4E-D1.0-H4,,Ti coated,TiAlN,Mist,50.0,0,4.0,3.0,1.0,4,3.0,1.0,0,0,0,0.0,0.0,0,60,0,0,0,Default,10000,300,100,150,300,True,0,None,millimeters
flat end mill,Dreanique,"P4E-D1.5 | suitable for Steel, Carbon steel, Pre-hardened steel, Cast iron, Stainless steel",P4E-D1.5,,Ti coated,TiAlN,Mist,50.0,0,6.0,4.0,1.5,4,4.0,1.5,0,0,0,0.0,0.0,0,60,0,0,0,Default,10000,300,100,150,300,True,0,None,millimeters
flat end mill,Dreanique,"P4E-D1.5-H4 | suitable for Steel, Carbon steel, Pre-hardened steel, Cast iron, Stainless steel",P4E-D1.5-H4,,Ti coated,TiAlN,Mist,50.0,0,4.0,4.0,1.5,4,4.0,1.5,0,0,0,0.0,0.0,0,60,0,0,0,Default,10000,300,100,150,300,True,0,None,millimeters
flat end mill,Dreanique,"P4E-D2.0 | suitable for Steel, Carbon steel, Pre-hardened steel, Cast iron, Stainless steel",P4E-D2.0,,Ti coated,TiAlN,Mist,50.0,0,6.0,6.0,2.0,4,6.0,2.0,0,0,0,0.0,0.0,0,60,0,0,0,Default,10000,300,100,150,300,True,0,None,millimeters
flat end mill,Dreanique,"P4E-D2.0-H4 | suitable for Steel, Carbon steel, Pre-hardened steel, Cast iron, Stainless steel",P4E-D2.0-H4,,Ti coated,TiAlN,Mist,50.0,0,4.0,6.0,2.0,4,6.0,2.0,0,0,0,0.0,0.0,0,60,0,0,0,Default,10000,300,100,150,300,True,0,None,millimeters
flat end mill,Dreanique,"P4E-D2.5 | suitable for Steel, Carbon steel, Pre-hardened steel, Cast iron, Stainless steel",P4E-D2.5,,Ti coated,TiAlN,Mist,50.0,0,6.0,8.0,2.5,4,8.0,2.5,0,0,0,0.0,0.0,0,60,0,0,0,Default,10000,300,100,150,300,True,0,None,millimeters
flat end mill,Dreanique,"P4E-D2.5-H4 | suitable for Steel, Carbon steel, Pre-hardened steel, Cast iron, Stainless steel",P4E-D2.5-H4,,Ti coated,TiAlN,Mist,50.0,0,4.0,8.0,2.5,4,8.0,2.5,0,0,0,0.0,0.0,0,60,0,0,0,Default,10000,300,100,150,300,True,0,None,millimeters
flat end mill,Dreanique,"P4E-D3.0 | suitable for Steel, Carbon steel, Pre-hardened steel, Cast iron, Stainless steel",P4E-D3.0,,Ti coated,TiAlN,Mist,50.0,0,6.0,8.0,3.0,4,8.0,3.0,0,0,0,0.0,0.0,0,60,0,0,0,Default,10000,300,100,150,300,True,0,None,millimeters
flat end mill,Dreanique,"P4E-D3.0-H4 | suitable for Steel, Carbon steel, Pre-hardened steel, Cast iron, Stainless steel",P4E-D3.0-H4,,Ti coated,TiAlN,Mist,50.0,0,4.0,8.0,3.0,4,8.0,3.0,0,0,0,0.0,0.0,0,60,0,0,0,Default,10000,300,100,150,300,True,0,None,millimeters
flat end mill,Dreanique,"P4E-D3.5 | suitable for Steel, Carbon steel, Pre-hardened steel, Cast iron, Stainless steel",P4E-D3.5,,Ti coated,TiAlN,Mist,50.0,0,6.0,10.0,3.5,4,10.0,3.5,0,0,0,0.0,0.0,0,60,0,0,0,Default,10000,300,100,150,300,True,0,None,millimeters
flat end mill,Dreanique,"P4E-D4.0 | suitable for Steel, Carbon steel, Pre-hardened steel, Cast iron, Stainless steel",P4E-D4.0,,Ti coated,TiAlN,Mist,50.0,0,6.0,11.0,4.0,4,11.0,4.0,0,0,0,0.0,0.0,0,60,0,0,0,Default,10000,300,100,150,300,True,0,None,millimeters
flat end mill,Dreanique,"P4E-D4.0-H4 | suitable for Steel, Carbon steel, Pre-hardened steel, Cast iron, Stainless steel",P4E-D4.0-H4,,Ti coated,TiAlN,Mist,50.0,0,4.0,11.0,4.0,4,11.0,4.0,0,0,0,0.0,0.0,0,60,0,0,0,Default,10000,300,100,150,300,True,0,None,millimeters
flat end mill,Dreanique,"P4E-D4.5 | suitable for Steel, Carbon steel, Pre-hardened steel, Cast iron, Stainless steel",P4E-D4.5,,Ti coated,TiAlN,Mist,50.0,0,6.0,11.0,4.5,4,11.0,4.5,0,0,0,0.0,0.0,0,60,0,0,0,Default,10000,300,100,150,300,True,0,None,millimeters
flat end mill,Dreanique,"P4E-D5.0 | suitable for Steel, Carbon steel, Pre-hardened steel, Cast iron, Stainless steel",P4E-D5.0,,Ti coated,TiAlN,Mist,50.0,0,6.0,13.0,5.0,4,13.0,5.0,0,0,0,0.0,0.0,0,60,0,0,0,Default,10000,300,100,150,300,True,0,None,millimeters
flat end mill,Dreanique,"P4E-D5.5 | suitable for Steel, Carbon steel, Pre-hardened steel, Cast iron, Stainless steel",P4E-D5.5,,Ti coated,TiAlN,Mist,50.0,0,6.0,16.0,5.5,4,16.0,5.5,0,0,0,0.0,0.0,0,60,0,0,0,Default,10000,300,100,150,300,True,0,None,millimeters
flat end mill,Dreanique,"P4E-D6.0 | suitable for Steel, Carbon steel, Pre-hardened steel, Cast iron, Stainless steel",P4E-D6.0,,Ti coated,TiAlN,Mist,50.0,0,6.0,16.0,6.0,4,16.0,6.0,0,0,0,0.0,0.0,0,60,0,0,0,Default,10000,300,100,150,300,True,0,None,millimeters
flat end mill,Dreanique,"P4E-D8.0 | suitable for Steel, Carbon steel, Pre-hardened steel, Cast iron, Stainless steel",P4E-D8.0,,Ti coated,TiAlN,Mist,60.0,0,8.0,20.0,8.0,4,20.0,8.0,0,0,0,0.0,0.0,0,60,0,0,0,Default,10000,300,100,150,300,True,0,None,millimeters
flat end mill,Dreanique,"P4E-D10.0 | suitable for Steel, Carbon steel, Pre-hardened steel, Cast iron, Stainless steel",P4E-D10.0,,Ti coated,TiAlN,Mist,75.0,0,10.0,25.0,10.0,4,25.0,10.0,0,0,0,0.0,0.0,0,60,0,0,0,Default,10000,300,100,150,300,True,0,None,millimeters
flat end mill,Dreanique,"P4E-D12.0 | suitable for Steel, Carbon steel, Pre-hardened steel, Cast iron, Stainless steel",P4E-D12.0,,Ti coated,TiAlN,Mist,75.0,0,12.0,30.0,12.0,4,30.0,12.0,0,0,0,0.0,0.0,0,60,0,0,0,Default,10000,300,100,150,300,True,0,None,millimeters
flat end mill,Dreanique,"P4EL-D3.0 | suitable for Steel, Carbon steel, Pre-hardened steel, Cast iron, Stainless steel",P4EL-D3.0,,Ti coated,TiAlN,Mist,75.0,0,6.0,12.0,3.0,4,12.0,3.0,0,0,0,0.0,0.0,0,60,0,0,0,Default,10000,300,100,150,300,True,0,None,millimeters
flat end mill,Dreanique,"P4EL-D3.0-H4 | suitable for Steel, Carbon steel, Pre-hardened steel, Cast iron, Stainless steel",P4EL-D3.0-H4,,Ti coated,TiAlN,Mist,75.0,0,4.0,12.0,3.0,4,12.0,3.0,0,0,0,0.0,0.0,0,60,0,0,0,Default,10000,300,100,150,300,True,0,None,millimeters
flat end mill,Dreanique,"P4EL-D4.0 | suitable for Steel, Carbon steel, Pre-hardened steel, Cast iron, Stainless steel",P4EL-D4.0,,Ti coated,TiAlN,Mist,75.0,0,6.0,15.0,4.0,4,15.0,4.0,0,0,0,0.0,0.0,0,60,0,0,0,Default,10000,300,100,150,300,True,0,None,millimeters
flat end mill,Dreanique,"P4EL-D4.0-H4 | suitable for Steel, Carbon steel, Pre-hardened steel, Cast iron, Stainless steel",P4EL-D4.0-H4,,Ti coated,TiAlN,Mist,75.0,0,4.0,15.0,4.0,4,15.0,4.0,0,0,0,0.0,0.0,0,60,0,0,0,Default,10000,300,100,150,300,True,0,None,millimeters
flat end mill,Dreanique,"P4EL-D5.0 | suitable for Steel, Carbon steel, Pre-hardened steel, Cast iron, Stainless steel",P4EL-D5.0,,Ti coated,TiAlN,Mist,75.0,0,6.0,20.0,5.0,4,20.0,5.0,0,0,0,0.0,0.0,0,60,0,0,0,Default,10000,300,100,150,300,True,0,None,millimeters
flat end mill,Dreanique,"P4EL-D6.0 | suitable for Steel, Carbon steel, Pre-hardened steel, Cast iron, Stainless steel",P4EL-D6.0,,Ti coated,TiAlN,Mist,75.0,0,6.0,20.0,6.0,4,20.0,6.0,0,0,0,0.0,0.0,0,60,0,0,0,Default,10000,300,100,150,300,True,0,None,millimeters
flat end mill,Dreanique,"P4EL-D8.0 | suitable for Steel, Carbon steel, Pre-hardened steel, Cast iron, Stainless steel",P4EL-D8.0,,Ti coated,TiAlN,Mist,75.0,0,8.0,25.0,8.0,4,25.0,8.0,0,0,0,0.0,0.0,0,60,0,0,0,Default,10000,300,100,150,300,True,0,None,millimeters
flat end mill,Dreanique,"P4EL-D10.0 | suitable for Steel, Carbon steel, Pre-hardened steel, Cast iron, Stainless steel",P4EL-D10.0,,Ti coated,TiAlN,Mist,100.0,0,10.0,30.0,10.0,4,30.0,10.0,0,0,0,0.0,0.0,0,60,0,0,0,Default,10000,300,100,150,300,True,0,None,millimeters
flat end mill,Dreanique,"P4EL-D12.0 | suitable for Steel, Carbon steel, Pre-hardened steel, Cast iron, Stainless steel",P4EL-D12.0,,Ti coated,TiAlN,Mist,100.0,0,12.0,35.0,12.0,4,35.0,12.0,0,0,0,0.0,0.0,0,60,0,0,0,Default,10000,300,100,150,300,True,0,None,millimeters
flat end mill,Dreanique,"P4EL-D14.0 | suitable for Steel, Carbon steel, Pre-hardened steel, Cast iron, Stainless steel",P4EL-D14.0,,Ti coated,TiAlN,Mist,100.0,0,14.0,40.0,14.0,4,40.0,14.0,0,0,0,0.0,0.0,0,60,0,0,0,Default,10000,300,100,150,300,True,0,None,millimeters
flat end mill,Dreanique,"P4EL-D16.0 | suitable for Steel, Carbon steel, Pre-hardened steel, Cast iron, Stainless steel",P4EL-D16.0,,Ti coated,TiAlN,Mist,150.0,0,16.0,50.0,16.0,4,50.0,16.0,0,0,0,0.0,0.0,0,60,0,0,0,Default,10000,300,100,150,300,True,0,None,millimeters
flat end mill,Dreanique,"P4EL-D20.0 | suitable for Steel, Carbon steel, Pre-hardened steel, Cast iron, Stainless steel",P4EL-D20.0,,Ti coated,TiAlN,Mist,150.0,0,18.0,55.0,20.0,4,55.0,20.0,0,0,0,0.0,0.0,0,60,0,0,0,Default,10000,300,100,150,300,True,0,None,millimeters
flat end mill,Dreanique,"PCB-D3.1-12-D3.175 | suitable for PCB Board, Carbon Fiber, Composites, Fiberglass",PCB-D3.1-12-D3.175,,Carbide,Uncoated,Mist,38.1,0,3.175,12.0,3.175,2,12.0,3.175,0,0,0,0.0,0.0,0,60,0,0,0,Default,10000,300,100,150,300,True,0,None,millimeters
flat end mill,Dreanique,"PCB-D3.1-15-D3.175 | suitable for PCB Board, Carbon Fiber, Composites, Fiberglass",PCB-D3.1-15-D3.175,,Carbide,Uncoated,Mist,38.1,0,3.175,15.0,3.175,2,15.0,3.175,0,0,0,0.0,0.0,0,60,0,0,0,Default,10000,300,100,150,300,True,0,None,millimeters
flat end mill,Dreanique,"PCB-D3.1-17-D3.175 | suitable for PCB Board, Carbon Fiber, Composites, Fiberglass",PCB-D3.1-17-D3.175,,Carbide,Uncoated,Mist,38.1,0,3.175,17.0,3.175,2,17.0,3.175,0,0,0,0.0,0.0,0,60,0,0,0,Default,10000,300,100,150,300,True,0,None,millimeters
flat end mill,Dreanique,"PCB-D3.1-22-D3.175 | suitable for PCB Board, Carbon Fiber, Composites, Fiberglass",PCB-D3.1-22-D3.175,,Carbide,Uncoated,Mist,50.0,0,3.175,22.0,3.175,2,22.0,3.175,0,0,0,0.0,0.0,0,60,0,0,0,Default,10000,300,100,150,300,True,0,None,millimeters
flat end mill,Dreanique,"PCB-D3.1-25-D3.175 | suitable for PCB Board, Carbon Fiber, Composites, Fiberglass",PCB-D3.1-25-D3.175,,Carbide,Uncoated,Mist,50.0,0,3.175,25.0,3.175,2,25.0,3.175,0,0,0,0.0,0.0,0,60,0,0,0,Default,10000,300,100,150,300,True,0,None,millimeters
flat end mill,Dreanique,"PCB-D4.0-12-D4 | suitable for PCB Board, Carbon Fiber, Composites, Fiberglass",PCB-D4.0-12-D4,,Carbide,Uncoated,Mist,50.0,0,4.0,12.0,4.0,2,12.0,4.0,0,0,0,0.0,0.0,0,60,0,0,0,Default,10000,300,100,150,300,True,0,None,millimeters
flat end mill,Dreanique,"PCB-D4.0-17-D4 | suitable for PCB Board, Carbon Fiber, Composites, Fiberglass",PCB-D4.0-17-D4,,Carbide,Uncoated,Mist,50.0,0,4.0,17.0,4.0,2,17.0,4.0,0,0,0,0.0,0.0,0,60,0,0,0,Default,10000,300,100,150,300,True,0,None,millimeters
flat end mill,Dreanique,"PCB-D4.0-22-D4 | suitable for PCB Board, Carbon Fiber, Composites, Fiberglass",PCB-D4.0-22-D4,,Carbide,Uncoated,Mist,50.0,0,4.0,22.0,4.0,2,22.0,4.0,0,0,0,0.0,0.0,0,60,0,0,0,Default,10000,300,100,150,300,True,0,None,millimeters
flat end mill,Dreanique,"PCB-D4.0-25-D4 | suitable for PCB Board, Carbon Fiber, Composites, Fiberglass",PCB-D4.0-25-D4,,Carbide,Uncoated,Mist,50.0,0,4.0,25.0,4.0,2,25.0,4.0,0,0,0,0.0,0.0,0,60,0,0,0,Default,10000,300,100,150,300,True,0,None,millimeters
flat end mill,Dreanique,"PCB-D4.0-32-D4 | suitable for PCB Board, Carbon Fiber, Composites, Fiberglass",PCB-D4.0-32-D4,,Carbide,Uncoated,Mist,55.0,0,4.0,32.0,4.0,2,32.0,4.0,0,0,0,0.0,0.0,0,60,0,0,0,Default,10000,300,100,150,300,True,0,None,millimeters
flat end mill,Dreanique,"PCB-D6.0-22-D6 | suitable for PCB Board, Carbon Fiber, Composites, Fiberglass",PCB-D6.0-22-D6,,Carbide,Uncoated,Mist,50.0,0,6.0,22.0,6.0,2,22.0,6.0,0,0,0,0.0,0.0,0,60,0,0,0,Default,10000,300,100,150,300,True,0,None,millimeters
flat end mill,Dreanique,"PCB-D6.0-32-D6 | suitable for PCB Board, Carbon Fiber, Composites, Fiberglass",PCB-D6.0-32-D6,,Carbide,Uncoated,Mist,60.0,0,6.0,32.0,6.0,2,32.0,6.0,0,0,0,0.0,0.0,0,60,0,0,0,Default,10000,300,100,150,300,True,0,None,millimeters
flat end mill,Dreanique,"PCB-D6.0-42-D6 | suitable for PCB Board, Carbon Fiber, Composites, Fiberglass",PCB-D6.0-42-D6,,Carbide,Uncoated,Mist,75.0,0,6.0,42.0,6.0,2,42.0,6.0,0,0,0,0.0,0.0,0,60,0,0,0,Default,10000,300,100,150,300,True,0,None,millimeters
flat end mill,Dreanique,"PCB-D6.0-52-D6 | suitable for PCB Board, Carbon Fiber, Composites, Fiberglass",PCB-D6.0-52-D6,,Carbide,Uncoated,Mist,85.0,0,6.0,52.0,6.0,2,52.0,6.0,0,0,0,0.0,0.0,0,60,0,0,0,Default,10000,300,100,150,300,True,0,None,millimeters
flat end mill,Dreanique,"PCB-D6.0-62-D6 | suitable for PCB Board, Carbon Fiber, Composites, Fiberglass",PCB-D6.0-62-D6,,Carbide,Uncoated,Mist,100.0,0,6.0,62.0,6.0,2,62.0,6.0,0,0,0,0.0,0.0,0,60,0,0,0,Default,10000,300,100,150,300,True,0,None,millimeters
flat end mill,Dreanique,"PCB-D8.0-25-D8 | suitable for PCB Board, Carbon Fiber, Composites, Fiberglass",PCB-D8.0-25-D8,,Carbide,Uncoated,Mist,75.0,0,8.0,25.0,8.0,2,25.0,8.0,0,0,0,0.0,0.0,0,60,0,0,0,Default,10000,300,100,150,300,True,0,None,millimeters
flat end mill,Dreanique,"PCB-D8.0-32-D8 | suitable for PCB Board, Carbon Fiber, Composites, Fiberglass",PCB-D8.0-32-D8,,Carbide,Uncoated,Mist,75.0,0,8.0,32.0,8.0,2,32.0,8.0,0,0,0,0.0,0.0,0,60,0,0,0,Default,10000,300,100,150,300,True,0,None,millimeters
flat end mill,Dreanique,"PCB-D8.0-42-D8 | suitable for PCB Board, Carbon Fiber, Composites, Fiberglass",PCB-D8.0-42-D8,,Carbide,Uncoated,Mist,75.0,0,8.0,42.0,8.0,2,42.0,8.0,0,0,0,0.0,0.0,0,60,0,0,0,Default,10000,300,100,150,300,True,0,None,millimeters
flat end mill,Dreanique,"PCB-D10.0-42-D10 | suitable for PCB Board, Carbon Fiber, Composites, Fiberglass",PCB-D10.0-42-D10,,Carbide,Uncoated,Mist,75.0,0,10.0,42.0,10.0,2,42.0,10.0,0,0,0,0.0,0.0,0,60,0,0,0,Default,10000,300,100,150,300,True,0,None,millimeters
flat end mill,Dreanique,"PCB-D10.0-52-D10 | suitable for PCB Board, Carbon Fiber, Composites, Fiberglass",PCB-D10.0-52-D10,,Carbide,Uncoated,Mist,100.0,0,10.0,52.0,10.0,2,52.0,10.0,0,0,0,0.0,0.0,0,60,0,0,0,Default,10000,300,100,150,300,True,0,None,millimeters
flat end mill,Dreanique,"PCB-D12.0-40-D12 | suitable for PCB Board, Carbon Fiber, Composites, Fiberglass",PCB-D12.0-40-D12,,Carbide,Uncoated,Mist,75.0,0,12.0,40.0,12.0,2,40.0,12.0,0,0,0,0.0,0.0,0,60,0,0,0,Default,10000,300,100,150,300,True,0,None,millimeters
flat end mill,Dreanique,"PCB-D12.0-52-D12 | suitable for PCB Board, Carbon Fiber, Composites, Fiberglass",PCB-D12.0-52-D12,,Carbide,Uncoated,Mist,100.0,0,12.0,52.0,12.0,2,52.0,12.0,0,0,0,0.0,0.0,0,60,0,0,0,Default,10000,300,100,150,300,True,0,None,millimeters
flat end mill,Dreanique,SA1F-D1.0-L04 | suitable for Aluminum,SA1F-D1.0-L04,,Carbide,Uncoated,Mist,38.1,0,3.175,4.0,1.0,1,4.0,1.0,0,0,0,0.0,0.0,0,60,0,0,0,Default,10000,300,100,150,300,True,0,None,millimeters
flat end mill,Dreanique,SA1F-D2.0-L06 | suitable for Aluminum,SA1F-D2.0-L06,,Carbide,Uncoated,Mist,38.1,0,3.175,6.0,2.0,1,6.0,2.0,0,0,0,0.0,0.0,0,60,0,0,0,Default,10000,300,100,150,300,True,0,None,millimeters
flat end mill,Dreanique,SA1F-D2.0-L08 | suitable for Aluminum,SA1F-D2.0-L08,,Carbide,Uncoated,Mist,38.1,0,3.175,8.0,2.0,1,8.0,2.0,0,0,0,0.0,0.0,0,60,0,0,0,Default,10000,300,100,150,300,True,0,None,millimeters
flat end mill,Dreanique,SA1F-D2.0-L12 | suitable for Aluminum,SA1F-D2.0-L12,,Carbide,Uncoated,Mist,38.1,0,3.175,12.0,2.0,1,12.0,2.0,0,0,0,0.0,0.0,0,60,0,0,0,Default,10000,300,100,150,300,True,0,None,millimeters
flat end mill,Dreanique,SA1F-D2.5-L12 | suitable for Aluminum,SA1F-D2.5-L12,,Carbide,Uncoated,Mist,38.1,0,3.175,12.0,2.5,1,12.0,2.5,0,0,0,0.0,0.0,0,60,0,0,0,Default,10000,300,100,150,300,True,0,None,millimeters
flat end mill,Dreanique,SA1F-D3.1-L08 | suitable for Aluminum,SA1F-D3.1-L08,,Carbide,Uncoated,Mist,38.1,0,3.175,8.0,3.175,1,8.0,3.175,0,0,0,0.0,0.0,0,60,0,0,0,Default,10000,300,100,150,300,True,0,None,millimeters
flat end mill,Dreanique,SA1F-D3.1-L12 | suitable for Aluminum,SA1F-D3.1-L12,,Carbide,Uncoated,Mist,38.1,0,3.175,12.0,3.175,1,12.0,3.175,0,0,0,0.0,0.0,0,60,0,0,0,Default,10000,300,100,150,300,True,0,None,millimeters
flat end mill,Dreanique,SA1F-D3.1-L17 | suitable for Aluminum,SA1F-D3.1-L17,,Carbide,Uncoated,Mist,38.1,0,3.175,17.0,3.175,1,17.0,3.175,0,0,0,0.0,0.0,0,60,0,0,0,Default,10000,300,100,150,300,True,0,None,millimeters
flat end mill,Dreanique,SA1F-D3.1-L22 | suitable for Aluminum,SA1F-D3.1-L22,,Carbide,Uncoated,Mist,50.0,0,3.175,22.0,3.175,1,22.0,3.175,0,0,0,0.0,0.0,0,60,0,0,0,Default,10000,300,100,150,300,True,0,None,millimeters
flat end mill,Dreanique,SA1F-D4.0-L08 | suitable for Aluminum,SA1F-D4.0-L08,,Carbide,Uncoated,Mist,50.0,0,4.0,8.0,4.0,1,8.0,4.0,0,0,0,0.0,0.0,0,60,0,0,0,Default,10000,300,100,150,300,True,0,None,millimeters
flat end mill,Dreanique,SA1F-D4.0-L12 | suitable for Aluminum,SA1F-D4.0-L12,,Carbide,Uncoated,Mist,50.0,0,4.0,12.0,4.0,1,12.0,4.0,0,0,0,0.0,0.0,0,60,0,0,0,Default,10000,300,100,150,300,True,0,None,millimeters
flat end mill,Dreanique,SA1F-D4.0-L15 | suitable for Aluminum,SA1F-D4.0-L15,,Carbide,Uncoated,Mist,50.0,0,4.0,15.0,4.0,1,15.0,4.0,0,0,0,0.0,0.0,0,60,0,0,0,Default,10000,300,100,150,300,True,0,None,millimeters
flat end mill,Dreanique,SA1F-D4.0-L17 | suitable for Aluminum,SA1F-D4.0-L17,,Carbide,Uncoated,Mist,50.0,0,4.0,17.0,4.0,1,17.0,4.0,0,0,0,0.0,0.0,0,60,0,0,0,Default,10000,300,100,150,300,True,0,None,millimeters
flat end mill,Dreanique,SA1F-D4.0-L22 | suitable for Aluminum,SA1F-D4.0-L22,,Carbide,Uncoated,Mist,50.0,0,4.0,22.0,4.0,1,22.0,4.0,0,0,0,0.0,0.0,0,60,0,0,0,Default,10000,300,100,150,300,True,0,None,millimeters
flat end mill,Dreanique,SA1F-D4.0-L25 | suitable for Aluminum,SA1F-D4.0-L25,,Carbide,Uncoated,Mist,50.0,0,4.0,25.0,4.0,1,25.0,4.0,0,0,0,0.0,0.0,0,60,0,0,0,Default,10000,300,100,150,300,True,0,None,millimeters
flat end mill,Dreanique,SA1F-D5.0-L22 | suitable for Aluminum,SA1F-D5.0-L22,,Carbide,Uncoated,Mist,50.0,0,5.0,22.0,5.0,1,22.0,5.0,0,0,0,0.0,0.0,0,60,0,0,0,Default,10000,300,100,150,300,True,0,None,millimeters
flat end mill,Dreanique,SA1F-D6.0-L12 | suitable for Aluminum,SA1F-D6.0-L12,,Carbide,Uncoated,Mist,50.0,0,6.0,12.0,6.0,1,12.0,6.0,0,0,0,0.0,0.0,0,60,0,0,0,Default,10000,300,100,150,300,True,0,None,millimeters
flat end mill,Dreanique,SA1F-D6.0-L15 | suitable for Aluminum,SA1F-D6.0-L15,,Carbide,Uncoated,Mist,50.0,0,6.0,15.0,6.0,1,15.0,6.0,0,0,0,0.0,0.0,0,60,0,0,0,Default,10000,300,100,150,300,True,0,None,millimeters
flat end mill,Dreanique,SA1F-D6.0-L17 | suitable for Aluminum,SA1F-D6.0-L17,,Carbide,Uncoated,Mist,50.0,0,6.0,17.0,6.0,1,17.0,6.0,0,0,0,0.0,0.0,0,60,0,0,0,Default,10000,300,100,150,300,True,0,None,millimeters
flat end mill,Dreanique,SA1F-D6.0-L22 | suitable for Aluminum,SA1F-D6.0-L22,,Carbide,Uncoated,Mist,50.0,0,6.0,22.0,6.0,1,22.0,6.0,0,0,0,0.0,0.0,0,60,0,0,0,Default,10000,300,100,150,300,True,0,None,millimeters
flat end mill,Dreanique,SA1F-D6.0-L25 | suitable for Aluminum,SA1F-D6.0-L25,,Carbide,Uncoated,Mist,50.0,0,6.0,25.0,6.0,1,25.0,6.0,0,0,0,0.0,0.0,0,60,0,0,0,Default,10000,300,100,150,300,True,0,None,millimeters
flat end mill,Dreanique,SA1F-D6.0-L32 | suitable for Aluminum,SA1F-D6.0-L32,,Carbide,Uncoated,Mist,75.0,0,6.0,32.0,6.0,1,32.0,6.0,0,0,0,0.0,0.0,0,60,0,0,0,Default,10000,300,100,150,300,True,0,None,millimeters
flat end mill,Dreanique,SA1F-D8.0-L17 | suitable for Aluminum,SA1F-D8.0-L17,,Carbide,Uncoated,Mist,60.0,0,8.0,17.0,8.0,1,17.0,8.0,0,0,0,0.0,0.0,0,60,0,0,0,Default,10000,300,100,150,300,True,0,None,millimeters
flat end mill,Dreanique,SA1F-D8.0-L22 | suitable for Aluminum,SA1F-D8.0-L22,,Carbide,Uncoated,Mist,60.0,0,8.0,22.0,8.0,1,22.0,8.0,0,0,0,0.0,0.0,0,60,0,0,0,Default,10000,300,100,150,300,True,0,None,millimeters
flat end mill,Dreanique,SA1F-D8.0-L25 | suitable for Aluminum,SA1F-D8.0-L25,,Carbide,Uncoated,Mist,60.0,0,8.0,25.0,8.0,1,25.0,8.0,0,0,0,0.0,0.0,0,60,0,0,0,Default,10000,300,100,150,300,True,0,None,millimeters
flat end mill,Dreanique,SA1F-D8.0-L32 | suitable for Aluminum,SA1F-D8.0-L32,,Carbide,Uncoated,Mist,75.0,0,8.0,32.0,8.0,1,32.0,8.0,0,0,0,0.0,0.0,0,60,0,0,0,Default,10000,300,100,150,300,True,0,None,millimeters
flat end mill,Dreanique,SA1F-D10.0-L32 | suitable for Aluminum,SA1F-D10.0-L32,,Carbide,Uncoated,Mist,75.0,0,10.0,32.0,10.0,1,32.0,10.0,0,0,0,0.0,0.0,0,60,0,0,0,Default,10000,300,100,150,300,True,0,None,millimeters
flat end mill,Dreanique,SA1F-D10.0-L42 | suitable for Aluminum,SA1F-D10.0-L42,,Carbide,Uncoated,Mist,100.0,0,10.0,42.0,10.0,1,42.0,10.0,0,0,0,0.0,0.0,0,60,0,0,0,Default,10000,300,100,150,300,True,0,None,millimeters
flat end mill,Dreanique,SA1F-D12.0-L32 | suitable for Aluminum,SA1F-D12.0-L32,,Carbide,Uncoated,Mist,75.0,0,12.0,32.0,10.0,1,32.0,10.0,0,0,0,0.0,0.0,0,60,0,0,0,Default,10000,300,100,150,300,True,0,None,millimeters
flat end mill,Dreanique,SA1F-D12.0-L42 | suitable for Aluminum,SA1F-D12.0-L42,,Carbide,Uncoated,Mist,100.0,0,12.0,42.0,10.0,1,42.0,10.0,0,0,0,0.0,0.0,0,60,0,0,0,Default,10000,300,100,150,300,True,0,None,millimeters
flat end mill,Dreanique,SP1F-D1.0-L03 | suitable for Acrylic,SP1F-D1.0-L03,,Carbide,Uncoated,Mist,38.1,0,3.175,3.0,1.0,1,3.0,1.0,0,0,0,0.0,0.0,0,60,0,0,0,Default,10000,300,100,150,300,True,0,None,millimeters
flat end mill,Dreanique,SP1F-D1.0-L04 | suitable for Acrylic,SP1F-D1.0-L04,,Carbide,Uncoated,Mist,38.1,0,3.175,4.0,1.0,1,4.0,1.0,0,0,0,0.0,0.0,0,60,0,0,0,Default,10000,300,100,150,300,True,0,None,millimeters
flat end mill,Dreanique,SP1F-D1.5-L05 | suitable for Acrylic,SP1F-D1.5-L05,,Carbide,Uncoated,Mist,38.1,0,3.175,5.0,1.5,1,5.0,1.5,0,0,0,0.0,0.0,0,60,0,0,0,Default,10000,300,100,150,300,True,0,None,millimeters
flat end mill,Dreanique,SP1F-D2.0-L04 | suitable for Acrylic,SP1F-D2.0-L04,,Carbide,Uncoated,Mist,38.1,0,3.175,4.0,2.0,1,4.0,2.0,0,0,0,0.0,0.0,0,60,0,0,0,Default,10000,300,100,150,300,True,0,None,millimeters
flat end mill,Dreanique,SP1F-D2.0-L06 | suitable for Acrylic,SP1F-D2.0-L06,,Carbide,Uncoated,Mist,38.1,0,3.175,6.0,2.0,1,6.0,2.0,0,0,0,0.0,0.0,0,60,0,0,0,Default,10000,300,100,150,300,True,0,None,millimeters
flat end mill,Dreanique,SP1F-D2.0-L08 | suitable for Acrylic,SP1F-D2.0-L08,,Carbide,Uncoated,Mist,38.1,0,3.175,8.0,2.0,1,8.0,2.0,0,0,0,0.0,0.0,0,60,0,0,0,Default,10000,300,100,150,300,True,0,None,millimeters
flat end mill,Dreanique,SP1F-D2.5-L06 | suitable for Acrylic,SP1F-D2.5-L06,,Carbide,Uncoated,Mist,38.1,0,3.175,6.0,2.5,1,6.0,2.5,0,0,0,0.0,0.0,0,60,0,0,0,Default,10000,300,100,150,300,True,0,None,millimeters
flat end mill,Dreanique,SP1F-D2.5-L08 | suitable for Acrylic,SP1F-D2.5-L08,,Carbide,Uncoated,Mist,38.1,0,3.175,8.0,2.5,1,8.0,2.5,0,0,0,0.0,0.0,0,60,0,0,0,Default,10000,300,100,150,300,True,0,None,millimeters
flat end mill,Dreanique,SP1F-D2.5-L10 | suitable for Acrylic,SP1F-D2.5-L10,,Carbide,Uncoated,Mist,38.1,0,3.175,10.0,2.5,1,10.0,2.5,0,0,0,0.0,0.0,0,60,0,0,0,Default,10000,300,100,150,300,True,0,None,millimeters
flat end mill,Dreanique,SP1F-D3.1-L06 | suitable for Acrylic,SP1F-D3.1-L06,,Carbide,Uncoated,Mist,38.1,0,3.175,6.0,3.175,1,6.0,3.175,0,0,0,0.0,0.0,0,60,0,0,0,Default,10000,300,100,150,300,True,0,None,millimeters
flat end mill,Dreanique,SP1F-D3.1-L08 | suitable for Acrylic,SP1F-D3.1-L08,,Carbide,Uncoated,Mist,38.1,0,3.175,8.0,3.175,1,8.0,3.175,0,0,0,0.0,0.0,0,60,0,0,0,Default,10000,300,100,150,300,True,0,None,millimeters
flat end mill,Dreanique,SP1F-D3.1-L10 | suitable for Acrylic,SP1F-D3.1-L10,,Carbide,Uncoated,Mist,38.1,0,3.175,10.0,3.175,1,10.0,3.175,0,0,0,0.0,0.0,0,60,0,0,0,Default,10000,300,100,150,300,True,0,None,millimeters
flat end mill,Dreanique,SP1F-D3.1-L12 | suitable for Acrylic,SP1F-D3.1-L12,,Carbide,Uncoated,Mist,38.1,0,3.175,12.0,3.175,1,12.0,3.175,0,0,0,0.0,0.0,0,60,0,0,0,Default,10000,300,100,150,300,True,0,None,millimeters
flat end mill,Dreanique,SP1F-D3.1-L15 | suitable for Acrylic,SP1F-D3.1-L15,,Carbide,Uncoated,Mist,38.1,0,3.175,15.0,3.175,1,15.0,3.175,0,0,0,0.0,0.0,0,60,0,0,0,Default,10000,300,100,150,300,True,0,None,millimeters
flat end mill,Dreanique,SP1F-D3.1-L17 | suitable for Acrylic,SP1F-D3.1-L17,,Carbide,Uncoated,Mist,38.1,0,3.175,17.0,3.175,1,17.0,3.175,0,0,0,0.0,0.0,0,60,0,0,0,Default,10000,300,100,150,300,True,0,None,millimeters
flat end mill,Dreanique,SP1F-D3.1-L22 | suitable for Acrylic,SP1F-D3.1-L22,,Carbide,Uncoated,Mist,50.0,0,3.175,22.0,3.175,1,22.0,3.175,0,0,0,0.0,0.0,0,60,0,0,0,Default,10000,300,100,150,300,True,0,None,millimeters
flat end mill,Dreanique,SP1F-D4.0-L08 | suitable for Acrylic,SP1F-D4.0-L08,,Carbide,Uncoated,Mist,50.0,0,4.0,8.0,4.0,1,8.0,4.0,0,0,0,0.0,0.0,0,60,0,0,0,Default,10000,300,100,150,300,True,0,None,millimeters
flat end mill,Dreanique,SP1F-D4.0-L12 | suitable for Acrylic,SP1F-D4.0-L12,,Carbide,Uncoated,Mist,50.0,0,4.0,12.0,4.0,1,12.0,4.0,0,0,0,0.0,0.0,0,60,0,0,0,Default,10000,300,100,150,300,True,0,None,millimeters
flat end mill,Dreanique,SP1F-D4.0-L15 | suitable for Acrylic,SP1F-D4.0-L15,,Carbide,Uncoated,Mist,50.0,0,4.0,15.0,4.0,1,15.0,4.0,0,0,0,0.0,0.0,0,60,0,0,0,Default,10000,300,100,150,300,True,0,None,millimeters
flat end mill,Dreanique,SP1F-D4.0-L17 | suitable for Acrylic,SP1F-D4.0-L17,,Carbide,Uncoated,Mist,50.0,0,4.0,17.0,4.0,1,17.0,4.0,0,0,0,0.0,0.0,0,60,0,0,0,Default,10000,300,100,150,300,True,0,None,millimeters
flat end mill,Dreanique,SP1F-D4.0-L22 | suitable for Acrylic,SP1F-D4.0-L22,,Carbide,Uncoated,Mist,50.0,0,4.0,22.0,4.0,1,22.0,4.0,0,0,0,0.0,0.0,0,60,0,0,0,Default,10000,300,100,150,300,True,0,None,millimeters
flat end mill,Dreanique,SP1F-D5.0-L20 | suitable for Acrylic,SP1F-D5.0-L20,,Carbide,Uncoated,Mist,50.0,0,5.0,20.0,5.0,1,20.0,5.0,0,0,0,0.0,0.0,0,60,0,0,0,Default,10000,300,100,150,300,True,0,None,millimeters
flat end mill,Dreanique,SP1F-D6.0-L12 | suitable for Acrylic,SP1F-D6.0-L12,,Carbide,Uncoated,Mist,50.0,0,6.0,12.0,6.0,1,12.0,6.0,0,0,0,0.0,0.0,0,60,0,0,0,Default,10000,300,100,150,300,True,0,None,millimeters
flat end mill,Dreanique,SP1F-D6.0-L15 | suitable for Acrylic,SP1F-D6.0-L15,,Carbide,Uncoated,Mist,50.0,0,6.0,15.0,6.0,1,15.0,6.0,0,0,0,0.0,0.0,0,60,0,0,0,Default,10000,300,100,150,300,True,0,None,millimeters
flat end mill,Dreanique,SP1F-D6.0-L17 | suitable for Acrylic,SP1F-D6.0-L17,,Carbide,Uncoated,Mist,50.0,0,6.0,17.0,6.0,1,17.0,6.0,0,0,0,0.0,0.0,0,60,0,0,0,Default,10000,300,100,150,300,True,0,None,millimeters
flat end mill,Dreanique,SP1F-D6.0-L22 | suitable for Acrylic,SP1F-D6.0-L22,,Carbide,Uncoated,Mist,50.0,0,6.0,22.0,6.0,1,22.0,6.0,0,0,0,0.0,0.0,0,60,0,0,0,Default,10000,300,100,150,300,True,0,None,millimeters
flat end mill,Dreanique,SP1F-D6.0-L32 | suitable for Acrylic,SP1F-D6.0-L32,,Carbide,Uncoated,Mist,75.0,0,6.0,32.0,6.0,1,32.0,6.0,0,0,0,0.0,0.0,0,60,0,0,0,Default,10000,300,100,150,300,True,0,None,millimeters
flat end mill,Dreanique,SP1F-D8.0-L32 | suitable for Acrylic,SP1F-D8.0-L32,,Carbide,Uncoated,Mist,75.0,0,8.0,32.0,8.0,1,32.0,8.0,0,0,0,0.0,0.0,0,60,0,0,0,Default,10000,300,100,150,300,True,0,None,millimeters
flat end mill,Dreanique,SP1F-D10.0-L45 | suitable for Acrylic,SP1F-D10.0-L45,,Carbide,Uncoated,Mist,100.0,0,10.0,45.0,10.0,1,45.0,10.0,0,0,0,0.0,0.0,0,60,0,0,0,Default,10000,300,100,150,300,True,0,None,millimeters
flat end mill,Dreanique,SP1F-D12.0-L45 | suitable for Acrylic,SP1F-D12.0-L45,,Carbide,Uncoated,Mist,100.0,0,12.0,45.0,12.0,1,45.0,12.0,0,0,0,0.0,0.0,0,60,0,0,0,Default,10000,300,100,150,300,True,0,None,millimeters
flat end mill,Dreanique,"SP1FC-D3.1-L12 | suitable for Hardwood, Softwood, Laminate, MDF, HDF, Veneered Plywood, Particle Board",SP1FC-D3.1-L12,,Carbide,Uncoated,Mist,38.1,0,3.175,12.0,3.1,1,12.0,3.1,0,0,0,0.0,0.0,0,60,0,0,0,Default,10000,300,100,150,300,True,0,None,millimeters
flat end mill,Dreanique,"SP1FC-D3.1-L17 | suitable for Hardwood, Softwood, Laminate, MDF, HDF, Veneered Plywood, Particle Board",SP1FC-D3.1-L17,,Carbide,Uncoated,Mist,38.1,0,3.175,17.0,3.1,1,17.0,3.1,0,0,0,0.0,0.0,0,60,0,0,0,Default,10000,300,100,150,300,True,0,None,millimeters
flat end mill,Dreanique,"SP1FC-D3.1-L22 | suitable for Hardwood, Softwood, Laminate, MDF, HDF, Veneered Plywood, Particle Board",SP1FC-D3.1-L22,,Carbide,Uncoated,Mist,50.0,0,3.175,22.0,3.1,1,22.0,3.1,0,0,0,0.0,0.0,0,60,0,0,0,Default,10000,300,100,150,300,True,0,None,millimeters
flat end mill,Dreanique,"SP1FC-D4.0-L17 | suitable for Hardwood, Softwood, Laminate, MDF, HDF, Veneered Plywood, Particle Board",SP1FC-D4.0-L17,,Carbide,Uncoated,Mist,50.0,0,4.0,17.0,4.0,1,17.0,4.0,0,0,0,0.0,0.0,0,60,0,0,0,Default,10000,300,100,150,300,True,0,None,millimeters
flat end mill,Dreanique,"SP1FC-D4.0-L22 | suitable for Hardwood, Softwood, Laminate, MDF, HDF, Veneered Plywood, Particle Board",SP1FC-D4.0-L22,,Carbide,Uncoated,Mist,50.0,0,4.0,22.0,4.0,1,22.0,4.0,0,0,0,0.0,0.0,0,60,0,0,0,Default,10000,300,100,150,300,True,0,None,millimeters
flat end mill,Dreanique,"SP1FC-D4.0-L25 | suitable for Hardwood, Softwood, Laminate, MDF, HDF, Veneered Plywood, Particle Board",SP1FC-D4.0-L25,,Carbide,Uncoated,Mist,50.0,0,4.0,25.0,4.0,1,25.0,4.0,0,0,0,0.0,0.0,0,60,0,0,0,Default,10000,300,100,150,300,True,0,None,millimeters
flat end mill,Dreanique,"SP1FC-D5.0-L22 | suitable for Hardwood, Softwood, Laminate, MDF, HDF, Veneered Plywood, Particle Board",SP1FC-D5.0-L22,,Carbide,Uncoated,Mist,50.0,0,5.0,22.0,5.0,1,22.0,5.0,0,0,0,0.0,0.0,0,60,0,0,0,Default,10000,300,100,150,300,True,0,None,millimeters
flat end mill,Dreanique,"SP1FC-D6.0-L17 | suitable for Hardwood, Softwood, Laminate, MDF, HDF, Veneered Plywood, Particle Board",SP1FC-D6.0-L17,,Carbide,Uncoated,Mist,50.0,0,6.0,17.0,6.0,1,17.0,6.0,0,0,0,0.0,0.0,0,60,0,0,0,Default,10000,300,100,150,300,True,0,None,millimeters
flat end mill,Dreanique,"SP1FC-D6.0-L22 | suitable for Hardwood, Softwood, Laminate, MDF, HDF, Veneered Plywood, Particle Board",SP1FC-D6.0-L22,,Carbide,Uncoated,Mist,50.0,0,6.0,22.0,6.0,1,22.0,6.0,0,0,0,0.0,0.0,0,60,0,0,0,Default,10000,300,100,150,300,True,0,None,millimeters
flat end mill,Dreanique,"SP1FC-D6.0-L25 | suitable for Hardwood, Softwood, Laminate, MDF, HDF, Veneered Plywood, Particle Board",SP1FC-D6.0-L25,,Carbide,Uncoated,Mist,60.0,0,6.0,25.0,6.0,1,25.0,6.0,0,0,0,0.0,0.0,0,60,0,0,0,Default,10000,300,100,150,300,True,0,None,millimeters
flat end mill,Dreanique,"SP1FC-D6.0-L32 | suitable for Hardwood, Softwood, Laminate, MDF, HDF, Veneered Plywood, Particle Board",SP1FC-D6.0-L32,,Carbide,Uncoated,Mist,75.0,0,6.0,32.0,6.0,1,32.0,6.0,0,0,0,0.0,0.0,0,60,0,0,0,Default,10000,300,100,150,300,True,0,None,millimeters
flat end mill,Dreanique,"SP1FC-D8.0-L22 | suitable for Hardwood, Softwood, Laminate, MDF, HDF, Veneered Plywood, Particle Board",SP1FC-D8.0-L22,,Carbide,Uncoated,Mist,60.0,0,8.0,22.0,8.0,1,22.0,8.0,0,0,0,0.0,0.0,0,60,0,0,0,Default,10000,300,100,150,300,True,0,None,millimeters
flat end mill,Dreanique,"SP1FC-D8.0-L32 | suitable for Hardwood, Softwood, Laminate, MDF, HDF, Veneered Plywood, Particle Board",SP1FC-D8.0-L32,,Carbide,Uncoated,Mist,75.0,0,8.0,32.0,8.0,1,32.0,8.0,0,0,0,0.0,0.0,0,60,0,0,0,Default,10000,300,100,150,300,True,0,None,millimeters
flat end mill,Dreanique,"SP1FC-D8.0-L45 | suitable for Hardwood, Softwood, Laminate, MDF, HDF, Veneered Plywood, Particle Board",SP1FC-D8.0-L45,,Carbide,Uncoated,Mist,100.0,0,8.0,45.0,8.0,1,45.0,8.0,0,0,0,0.0,0.0,0,60,0,0,0,Default,10000,300,100,150,300,True,0,None,millimeters
flat end mill,Dreanique,"SP1FC-D10.0-L35 | suitable for Hardwood, Softwood, Laminate, MDF, HDF, Veneered Plywood, Particle Board",SP1FC-D10.0-L35,,Carbide,Uncoated,Mist,75.0,0,10.0,35.0,10.0,1,35.0,10.0,0,0,0,0.0,0.0,0,60,0,0,0,Default,10000,300,100,150,300,True,0,None,millimeters
flat end mill,Dreanique,"SP1FC-D10.0-L45 | suitable for Hardwood, Softwood, Laminate, MDF, HDF, Veneered Plywood, Particle Board",SP1FC-D10.0-L45,,Carbide,Uncoated,Mist,100.0,0,10.0,45.0,10.0,1,45.0,10.0,0,0,0,0.0,0.0,0,60,0,0,0,Default,10000,300,100,150,300,True,0,None,millimeters
flat end mill,Dreanique,"SP1FC-D12.0-L45 | suitable for Hardwood, Softwood, Laminate, MDF, HDF, Veneered Plywood, Particle Board",SP1FC-D12.0-L45,,Carbide,Uncoated,Mist,100.0,0,12.0,45.0,12.0,1,45.0,12.0,0,0,0,0.0,0.0,0,60,0,0,0,Default,10000,300,100,150,300,True,0,None,millimeters
flat end mill,Dreanique,"SP2FC-D3.1-L12 | suitable for Hardwood, Softwood, Laminate, MDF, HDF, Veneered Plywood, Particle Board",SP2FC-D3.1-L12,,Carbide,Uncoated,Mist,38.1,0,3.175,12.0,3.1,2,12.0,3.1,0,0,0,0.0,0.0,0,60,0,0,0,Default,10000,300,100,150,300,True,0,None,millimeters
flat end mill,Dreanique,"SP2FC-D3.1-L17 | suitable for Hardwood, Softwood, Laminate, MDF, HDF, Veneered Plywood, Particle Board",SP2FC-D3.1-L17,,Carbide,Uncoated,Mist,38.1,0,3.175,17.0,3.1,2,17.0,3.1,0,0,0,0.0,0.0,0,60,0,0,0,Default,10000,300,100,150,300,True,0,None,millimeters
flat end mill,Dreanique,"SP2FC-D3.1-L22 | suitable for Hardwood, Softwood, Laminate, MDF, HDF, Veneered Plywood, Particle Board",SP2FC-D3.1-L22,,Carbide,Uncoated,Mist,50.0,0,3.175,22.0,3.1,2,22.0,3.1,0,0,0,0.0,0.0,0,60,0,0,0,Default,10000,300,100,150,300,True,0,None,millimeters
flat end mill,Dreanique,"SP2FC-D4.0-L17 | suitable for Hardwood, Softwood, Laminate, MDF, HDF, Veneered Plywood, Particle Board",SP2FC-D4.0-L17,,Carbide,Uncoated,Mist,50.0,0,4.0,17.0,4.0,2,17.0,4.0,0,0,0,0.0,0.0,0,60,0,0,0,Default,10000,300,100,150,300,True,0,None,millimeters
flat end mill,Dreanique,"SP2FC-D4.0-L22 | suitable for Hardwood, Softwood, Laminate, MDF, HDF, Veneered Plywood, Particle Board",SP2FC-D4.0-L22,,Carbide,Uncoated,Mist,50.0,0,4.0,22.0,4.0,2,22.0,4.0,0,0,0,0.0,0.0,0,60,0,0,0,Default,10000,300,100,150,300,True,0,None,millimeters
flat end mill,Dreanique,"SP2FC-D4.0-L25 | suitable for Hardwood, Softwood, Laminate, MDF, HDF, Veneered Plywood, Particle Board",SP2FC-D4.0-L25,,Carbide,Uncoated,Mist,50.0,0,4.0,25.0,4.0,2,25.0,4.0,0,0,0,0.0,0.0,0,60,0,0,0,Default,10000,300,100,150,300,True,0,None,millimeters
flat end mill,Dreanique,"SP2FC-D5.0-L17 | suitable for Hardwood, Softwood, Laminate, MDF, HDF, Veneered Plywood, Particle Board",SP2FC-D5.0-L17,,Carbide,Uncoated,Mist,50.0,0,5.0,17.0,5.0,2,17.0,5.0,0,0,0,0.0,0.0,0,60,0,0,0,Default,10000,300,100,150,300,True,0,None,millimeters
flat end mill,Dreanique,"SP2FC-D5.0-L22 | suitable for Hardwood, Softwood, Laminate, MDF, HDF, Veneered Plywood, Particle Board",SP2FC-D5.0-L22,,Carbide,Uncoated,Mist,50.0,0,5.0,22.0,5.0,2,22.0,5.0,0,0,0,0.0,0.0,0,60,0,0,0,Default,10000,300,100,150,300,True,0,None,millimeters
flat end mill,Dreanique,"SP2FC-D6.0-L17 | suitable for Hardwood, Softwood, Laminate, MDF, HDF, Veneered Plywood, Particle Board",SP2FC-D6.0-L17,,Carbide,Uncoated,Mist,50.0,0,6.0,17.0,6.0,2,17.0,6.0,0,0,0,0.0,0.0,0,60,0,0,0,Default,10000,300,100,150,300,True,0,None,millimeters
flat end mill,Dreanique,"SP2FC-D6.0-L22 | suitable for Hardwood, Softwood, Laminate, MDF, HDF, Veneered Plywood, Particle Board",SP2FC-D6.0-L22,,Carbide,Uncoated,Mist,50.0,0,6.0,22.0,6.0,2,22.0,6.0,0,0,0,0.0,0.0,0,60,0,0,0,Default,10000,300,100,150,300,True,0,None,millimeters
flat end mill,Dreanique,"SP2FC-D6.0-L25 | suitable for Hardwood, Softwood, Laminate, MDF, HDF, Veneered Plywood, Particle Board",SP2FC-D6.0-L25,,Carbide,Uncoated,Mist,60.0,0,6.0,25.0,6.0,2,25.0,6.0,0,0,0,0.0,0.0,0,60,0,0,0,Default,10000,300,100,150,300,True,0,None,millimeters
flat end mill,Dreanique,"SP2FC-D6.0-L32 | suitable for Hardwood, Softwood, Laminate, MDF, HDF, Veneered Plywood, Particle Board",SP2FC-D6.0-L32,,Carbide,Uncoated,Mist,75.0,0,6.0,32.0,6.0,2,32.0,6.0,0,0,0,0.0,0.0,0,60,0,0,0,Default,10000,300,100,150,300,True,0,None,millimeters
flat end mill,Dreanique,"SP2FC-D8.0-L22 | suitable for Hardwood, Softwood, Laminate, MDF, HDF, Veneered Plywood, Particle Board",SP2FC-D8.0-L22,,Carbide,Uncoated,Mist,60.0,0,8.0,22.0,8.0,2,22.0,8.0,0,0,0,0.0,0.0,0,60,0,0,0,Default,10000,300,100,150,300,True,0,None,millimeters
flat end mill,Dreanique,"SP2FC-D8.0-L32 | suitable for Hardwood, Softwood, Laminate, MDF, HDF, Veneered Plywood, Particle Board",SP2FC-D8.0-L32,,Carbide,Uncoated,Mist,75.0,0,8.0,32.0,8.0,2,32.0,8.0,0,0,0,0.0,0.0,0,60,0,0,0,Default,10000,300,100,150,300,True,0,None,millimeters
flat end mill,Dreanique,"SP2FC-D8.0-L45 | suitable for Hardwood, Softwood, Laminate, MDF, HDF, Veneered Plywood, Particle Board",SP2FC-D8.0-L45,,Carbide,Uncoated,Mist,100.0,0,8.0,45.0,8.0,2,45.0,8.0,0,0,0,0.0,0.0,0,60,0,0,0,Default,10000,300,100,150,300,True,0,None,millimeters
flat end mill,Dreanique,"SP2FC-D10.0-L35 | suitable for Hardwood, Softwood, Laminate, MDF, HDF, Veneered Plywood, Particle Board",SP2FC-D10.0-L35,,Carbide,Uncoated,Mist,75.0,0,10.0,35.0,10.0,2,35.0,10.0,0,0,0,0.0,0.0,0,60,0,0,0,Default,10000,300,100,150,300,True,0,None,millimeters
flat end mill,Dreanique,"SP2FC-D10.0-L45 | suitable for Hardwood, Softwood, Laminate, MDF, HDF, Veneered Plywood, Particle Board",SP2FC-D10.0-L45,,Carbide,Uncoated,Mist,100.0,0,10.0,45.0,10.0,2,45.0,10.0,0,0,0,0.0,0.0,0,60,0,0,0,Default,10000,300,100,150,300,True,0,None,millimeters
flat end mill,Dreanique,"SP2FC-D12.0-L35 | suitable for Hardwood, Softwood, Laminate, MDF, HDF, Veneered Plywood, Particle Board",SP2FC-D12.0-L35,,Carbide,Uncoated,Mist,75.0,0,12.0,35.0,12.0,2,35.0,12.0,0,0,0,0.0,0.0,0,60,0,0,0,Default,10000,300,100,150,300,True,0,None,millimeters
flat end mill,Dreanique,"SP2FC-D12.0-L45 | suitable for Hardwood, Softwood, Laminate, MDF, HDF, Veneered Plywood, Particle Board",SP2FC-D12.0-L45,,Carbide,Uncoated,Mist,100.0,0,12.0,45.0,12.0,2,45.0,12.0,0,0,0,0.0,0.0,0,60,0,0,0,Default,10000,300,100,150,300,True,0,None,millimeters
flat end mill,Dreanique,"SP2FC-D14.0-L52 | suitable for Hardwood, Softwood, Laminate, MDF, HDF, Veneered Plywood, Particle Board",SP2FC-D14.0-L52,,Carbide,Uncoated,Mist,100.0,0,14.0,65.0,14.0,2,65.0,14.0,0,0,0,0.0,0.0,0,60,0,0,0,Default,10000,300,100,150,300,True,0,None,millimeters
flat end mill,Dreanique,"SP2FC-D16.0-L52 | suitable for Hardwood, Softwood, Laminate, MDF, HDF, Veneered Plywood, Particle Board",SP2FC-D16.0-L52,,Carbide,Uncoated,Mist,100.0,0,16.0,65.0,16.0,2,65.0,16.0,0,0,0,0.0,0.0,0,60,0,0,0,Default,10000,300,100,150,300,True,0,None,millimeters
flat end mill,Dreanique,"SP3FC-D3.1-L12 | suitable for Hardwood, Softwood, Laminate, MDF, HDF, Veneered Plywood, Particle Board",SP3FC-D3.1-L12,,Carbide,Uncoated,Mist,38.1,0,3.175,12.0,3.1,3,12.0,3.1,0,0,0,0.0,0.0,0,60,0,0,0,Default,10000,300,100,150,300,True,0,None,millimeters
flat end mill,Dreanique,"SP3FC-D3.1-L17 | suitable for Hardwood, Softwood, Laminate, MDF, HDF, Veneered Plywood, Particle Board",SP3FC-D3.1-L17,,Carbide,Uncoated,Mist,38.1,0,3.175,17.0,3.1,3,17.0,3.1,0,0,0,0.0,0.0,0,60,0,0,0,Default,10000,300,100,150,300,True,0,None,millimeters
flat end mill,Dreanique,"SP3FC-D3.1-L22 | suitable for Hardwood, Softwood, Laminate, MDF, HDF, Veneered Plywood, Particle Board",SP3FC-D3.1-L22,,Carbide,Uncoated,Mist,50.0,0,3.175,22.0,3.1,3,22.0,3.1,0,0,0,0.0,0.0,0,60,0,0,0,Default,10000,300,100,150,300,True,0,None,millimeters
flat end mill,Dreanique,"SP3FC-D4.0-L17 | suitable for Hardwood, Softwood, Laminate, MDF, HDF, Veneered Plywood, Particle Board",SP3FC-D4.0-L17,,Carbide,Uncoated,Mist,50.0,0,4.0,17.0,4.0,3,17.0,4.0,0,0,0,0.0,0.0,0,60,0,0,0,Default,10000,300,100,150,300,True,0,None,millimeters
flat end mill,Dreanique,"SP3FC-D4.0-L22 | suitable for Hardwood, Softwood, Laminate, MDF, HDF, Veneered Plywood, Particle Board",SP3FC-D4.0-L22,,Carbide,Uncoated,Mist,50.0,0,4.0,22.0,4.0,3,22.0,4.0,0,0,0,0.0,0.0,0,60,0,0,0,Default,10000,300,100,150,300,True,0,None,millimeters
flat end mill,Dreanique,"SP3FC-D4.0-L25 | suitable for Hardwood, Softwood, Laminate, MDF, HDF, Veneered Plywood, Particle Board",SP3FC-D4.0-L25,,Carbide,Uncoated,Mist,50.0,0,4.0,25.0,4.0,3,25.0,4.0,0,0,0,0.0,0.0,0,60,0,0,0,Default,10000,300,100,150,300,True,0,None,millimeters
flat end mill,Dreanique,"SP3FC-D5.0-L17 | suitable for Hardwood, Softwood, Laminate, MDF, HDF, Veneered Plywood, Particle Board",SP3FC-D5.0-L17,,Carbide,Uncoated,Mist,50.0,0,5.0,17.0,5.0,3,17.0,5.0,0,0,0,0.0,0.0,0,60,0,0,0,Default,10000,300,100,150,300,True,0,None,millimeters
flat end mill,Dreanique,"SP3FC-D5.0-L22 | suitable for Hardwood, Softwood, Laminate, MDF, HDF, Veneered Plywood, Particle Board",SP3FC-D5.0-L22,,Carbide,Uncoated,Mist,50.0,0,5.0,22.0,5.0,3,22.0,5.0,0,0,0,0.0,0.0,0,60,0,0,0,Default,10000,300,100,150,300,True,0,None,millimeters
flat end mill,Dreanique,"SP3FC-D6.0-L17 | suitable for Hardwood, Softwood, Laminate, MDF, HDF, Veneered Plywood, Particle Board",SP3FC-D6.0-L17,,Carbide,Uncoated,Mist,50.0,0,6.0,17.0,6.0,3,17.0,6.0,0,0,0,0.0,0.0,0,60,0,0,0,Default,10000,300,100,150,300,True,0,None,millimeters
flat end mill,Dreanique,"SP3FC-D6.0-L22 | suitable for Hardwood, Softwood, Laminate, MDF, HDF, Veneered Plywood, Particle Board",SP3FC-D6.0-L22,,Carbide,Uncoated,Mist,50.0,0,6.0,22.0,6.0,3,22.0,6.0,0,0,0,0.0,0.0,0,60,0,0,0,Default,10000,300,100,150,300,True,0,None,millimeters
flat end mill,Dreanique,"SP3FC-D6.0-L25 | suitable for Hardwood, Softwood, Laminate, MDF, HDF, Veneered Plywood, Particle Board",SP3FC-D6.0-L25,,Carbide,Uncoated,Mist,50.0,0,6.0,25.0,6.0,3,25.0,6.0,0,0,0,0.0,0.0,0,60,0,0,0,Default,10000,300,100,150,300,True,0,None,millimeters
flat end mill,Dreanique,"SP3FC-D6.0-L32 | suitable for Hardwood, Softwood, Laminate, MDF, HDF, Veneered Plywood, Particle Board",SP3FC-D6.0-L32,,Carbide,Uncoated,Mist,75.0,0,6.0,32.0,6.0,3,32.0,6.0,0,0,0,0.0,0.0,0,60,0,0,0,Default,10000,300,100,150,300,True,0,None,millimeters
flat end mill,Dreanique,"SP3FC-D8.0-L22 | suitable for Hardwood, Softwood, Laminate, MDF, HDF, Veneered Plywood, Particle Board",SP3FC-D8.0-L22,,Carbide,Uncoated,Mist,60.0,0,8.0,22.0,8.0,3,22.0,8.0,0,0,0,0.0,0.0,0,60,0,0,0,Default,10000,300,100,150,300,True,0,None,millimeters
flat end mill,Dreanique,"SP3FC-D8.0-L32 | suitable for Hardwood, Softwood, Laminate, MDF, HDF, Veneered Plywood, Particle Board",SP3FC-D8.0-L32,,Carbide,Uncoated,Mist,75.0,0,8.0,32.0,8.0,3,32.0,8.0,0,0,0,0.0,0.0,0,60,0,0,0,Default,10000,300,100,150,300,True,0,None,millimeters
flat end mill,Dreanique,"SP3FC-D8.0-L45 | suitable for Hardwood, Softwood, Laminate, MDF, HDF, Veneered Plywood, Particle Board",SP3FC-D8.0-L45,,Carbide,Uncoated,Mist,75.0,0,8.0,45.0,8.0,3,45.0,8.0,0,0,0,0.0,0.0,0,60,0,0,0,Default,10000,300,100,150,300,True,0,None,millimeters
flat end mill,Dreanique,"SP3FC-D10.0-L32 | suitable for Hardwood, Softwood, Laminate, MDF, HDF, Veneered Plywood, Particle Board",SP3FC-D10.0-L32,,Carbide,Uncoated,Mist,75.0,0,10.0,32.0,10.0,3,32.0,10.0,0,0,0,0.0,0.0,0,60,0,0,0,Default,10000,300,100,150,300,True,0,None,millimeters
flat end mill,Dreanique,"SP3FC-D10.0-L42 | suitable for Hardwood, Softwood, Laminate, MDF, HDF, Veneered Plywood, Particle Board",SP3FC-D10.0-L42,,Carbide,Uncoated,Mist,80.0,0,10.0,42.0,10.0,3,42.0,10.0,0,0,0,0.0,0.0,0,60,0,0,0,Default,10000,300,100,150,300,True,0,None,millimeters
flat end mill,Dreanique,"SP3FC-D10.0-L45 | suitable for Hardwood, Softwood, Laminate, MDF, HDF, Veneered Plywood, Particle Board",SP3FC-D10.0-L45,,Carbide,Uncoated,Mist,100.0,0,10.0,45.0,10.0,3,45.0,10.0,0,0,0,0.0,0.0,0,60,0,0,0,Default,10000,300,100,150,300,True,0,None,millimeters
flat end mill,Dreanique,"SP3FC-D12.0-L35 | suitable for Hardwood, Softwood, Laminate, MDF, HDF, Veneered Plywood, Particle Board",SP3FC-D12.0-L35,,Carbide,Uncoated,Mist,75.0,0,10.0,35.0,10.0,3,35.0,10.0,0,0,0,0.0,0.0,0,60,0,0,0,Default,10000,300,100,150,300,True,0,None,millimeters
flat end mill,Dreanique,"SP3FC-D12.0-L42 | suitable for Hardwood, Softwood, Laminate, MDF, HDF, Veneered Plywood, Particle Board",SP3FC-D12.0-L42,,Carbide,Uncoated,Mist,80.0,0,10.0,42.0,10.0,3,42.0,10.0,0,0,0,0.0,0.0,0,60,0,0,0,Default,10000,300,100,150,300,True,0,None,millimeters
flat end mill,Dreanique,"SP3FC-D12.0-L45 | suitable for Hardwood, Softwood, Laminate, MDF, HDF, Veneered Plywood, Particle Board",SP3FC-D12.0-L45,,Carbide,Uncoated,Mist,100.0,0,12.0,45.0,12.0,3,45.0,12.0,0,0,0,0.0,0.0,0,60,0,0,0,Default,10000,300,100,150,300,True,0,None,millimeters
flat end mill,Dreanique,"ST2F-D2.0-L12 | suitable for Hardwood, Softwood, Laminate, MDF, HDF, Veneered Plywood, Particle Board",ST2F-D2.0-L12,,Carbide,Uncoated,Mist,38.1,0,3.175,12.0,2.0,2,12.0,2.0,0,0,0,0.0,0.0,0,60,0,0,0,Default,10000,300,100,150,300,True,0,None,millimeters
flat end mill,Dreanique,"ST2F-D2.0-L17 | suitable for Hardwood, Softwood, Laminate, MDF, HDF, Veneered Plywood, Particle Board",ST2F-D2.0-L17,,Carbide,Uncoated,Mist,38.1,0,3.175,17.0,2.0,2,17.0,2.0,0,0,0,0.0,0.0,0,60,0,0,0,Default,10000,300,100,150,300,True,0,None,millimeters
flat end mill,Dreanique,"ST2F-D2.0-L22 | suitable for Hardwood, Softwood, Laminate, MDF, HDF, Veneered Plywood, Particle Board",ST2F-D2.0-L22,,Carbide,Uncoated,Mist,50.0,0,3.175,22.0,2.0,2,22.0,2.0,0,0,0,0.0,0.0,0,60,0,0,0,Default,10000,300,100,150,300,True,0,None,millimeters
flat end mill,Dreanique,"ST2F-D3.1-L12 | suitable for Hardwood, Softwood, Laminate, MDF, HDF, Veneered Plywood, Particle Board",ST2F-D3.1-L12,,Carbide,Uncoated,Mist,38.1,0,3.175,12.0,3.175,2,12.0,3.175,0,0,0,0.0,0.0,0,60,0,0,0,Default,10000,300,100,150,300,True,0,None,millimeters
flat end mill,Dreanique,"ST2F-D3.1-L15 | suitable for Hardwood, Softwood, Laminate, MDF, HDF, Veneered Plywood, Particle Board",ST2F-D3.1-L15,,Carbide,Uncoated,Mist,38.1,0,3.175,15.0,3.175,2,15.0,3.175,0,0,0,0.0,0.0,0,60,0,0,0,Default,10000,300,100,150,300,True,0,None,millimeters
flat end mill,Dreanique,"ST2F-D3.1-L17 | suitable for Hardwood, Softwood, Laminate, MDF, HDF, Veneered Plywood, Particle Board",ST2F-D3.1-L17,,Carbide,Uncoated,Mist,38.1,0,3.175,17.0,3.175,2,17.0,3.175,0,0,0,0.0,0.0,0,60,0,0,0,Default,10000,300,100,150,300,True,0,None,millimeters
flat end mill,Dreanique,"ST2F-D3.1-L22 | suitable for Hardwood, Softwood, Laminate, MDF, HDF, Veneered Plywood, Particle Board",ST2F-D3.1-L22,,Carbide,Uncoated,Mist,50.0,0,3.175,22.0,3.175,2,22.0,3.175,0,0,0,0.0,0.0,0,60,0,0,0,Default,10000,300,100,150,300,True,0,None,millimeters
flat end mill,Dreanique,"ST2F-D3.1-L25 | suitable for Hardwood, Softwood, Laminate, MDF, HDF, Veneered Plywood, Particle Board",ST2F-D3.1-L25,,Carbide,Uncoated,Mist,50.0,0,3.175,25.0,3.175,2,25.0,3.175,0,0,0,0.0,0.0,0,60,0,0,0,Default,10000,300,100,150,300,True,0,None,millimeters
flat end mill,Dreanique,"ST2F-D3.1-L28 | suitable for Hardwood, Softwood, Laminate, MDF, HDF, Veneered Plywood, Particle Board",ST2F-D3.1-L28,,Carbide,Uncoated,Mist,50.0,0,3.175,28.0,3.175,2,28.0,3.175,0,0,0,0.0,0.0,0,60,0,0,0,Default,10000,300,100,150,300,True,0,None,millimeters
flat end mill,Dreanique,"ST2F-D3.1-L32 | suitable for Hardwood, Softwood, Laminate, MDF, HDF, Veneered Plywood, Particle Board",ST2F-D3.1-L32,,Carbide,Uncoated,Mist,60.0,0,3.175,32.0,3.175,2,32.0,3.175,0,0,0,0.0,0.0,0,60,0,0,0,Default,10000,300,100,150,300,True,0,None,millimeters
flat end mill,Dreanique,"ST2F-D4.0-L12 | suitable for Hardwood, Softwood, Laminate, MDF, HDF, Veneered Plywood, Particle Board",ST2F-D4.0-L12,,Carbide,Uncoated,Mist,50.0,0,4.0,12.0,4.0,2,12.0,4.0,0,0,0,0.0,0.0,0,60,0,0,0,Default,10000,300,100,150,300,True,0,None,millimeters
flat end mill,Dreanique,"ST2F-D4.0-L17 | suitable for Hardwood, Softwood, Laminate, MDF, HDF, Veneered Plywood, Particle Board",ST2F-D4.0-L17,,Carbide,Uncoated,Mist,50.0,0,4.0,17.0,4.0,2,17.0,4.0,0,0,0,0.0,0.0,0,60,0,0,0,Default,10000,300,100,150,300,True,0,None,millimeters
flat end mill,Dreanique,"ST2F-D4.0-L22 | suitable for Hardwood, Softwood, Laminate, MDF, HDF, Veneered Plywood, Particle Board",ST2F-D4.0-L22,,Carbide,Uncoated,Mist,50.0,0,4.0,22.0,4.0,2,22.0,4.0,0,0,0,0.0,0.0,0,60,0,0,0,Default,10000,300,100,150,300,True,0,None,millimeters
flat end mill,Dreanique,"ST2F-D4.0-L25 | suitable for Hardwood, Softwood, Laminate, MDF, HDF, Veneered Plywood, Particle Board",ST2F-D4.0-L25,,Carbide,Uncoated,Mist,50.0,0,4.0,25.0,4.0,2,25.0,4.0,0,0,0,0.0,0.0,0,60,0,0,0,Default,10000,300,100,150,300,True,0,None,millimeters
flat end mill,Dreanique,"ST2F-D4.0-L28 | suitable for Hardwood, Softwood, Laminate, MDF, HDF, Veneered Plywood, Particle Board",ST2F-D4.0-L28,,Carbide,Uncoated,Mist,50.0,0,4.0,28.0,4.0,2,28.0,4.0,0,0,0,0.0,0.0,0,60,0,0,0,Default,10000,300,100,150,300,True,0,None,millimeters
flat end mill,Dreanique,"ST2F-D4.0-L32 | suitable for Hardwood, Softwood, Laminate, MDF, HDF, Veneered Plywood, Particle Board",ST2F-D4.0-L32,,Carbide,Uncoated,Mist,60.0,0,4.0,32.0,4.0,2,32.0,4.0,0,0,0,0.0,0.0,0,60,0,0,0,Default,10000,300,100,150,300,True,0,None,millimeters
flat end mill,Dreanique,"ST2F-D5.0-L22 | suitable for Hardwood, Softwood, Laminate, MDF, HDF, Veneered Plywood, Particle Board",ST2F-D5.0-L22,,Carbide,Uncoated,Mist,50.0,0,5.0,22.0,5.0,2,22.0,5.0,0,0,0,0.0,0.0,0,60,0,0,0,Default,10000,300,100,150,300,True,0,None,millimeters
flat end mill,Dreanique,"ST2F-D6.0-L22 | suitable for Hardwood, Softwood, Laminate, MDF, HDF, Veneered Plywood, Particle Board",ST2F-D6.0-L22,,Carbide,Uncoated,Mist,50.0,0,6.0,22.0,6.0,2,22.0,6.0,0,0,0,0.0,0.0,0,60,0,0,0,Default,10000,300,100,150,300,True,0,None,millimeters
flat end mill,Dreanique,"ST2F-D6.0-L25 | suitable for Hardwood, Softwood, Laminate, MDF, HDF, Veneered Plywood, Particle Board",ST2F-D6.0-L25,,Carbide,Uncoated,Mist,50.0,0,6.0,25.0,6.0,2,25.0,6.0,0,0,0,0.0,0.0,0,60,0,0,0,Default,10000,300,100,150,300,True,0,None,millimeters
flat end mill,Dreanique,"ST2F-D6.0-L28 | suitable for Hardwood, Softwood, Laminate, MDF, HDF, Veneered Plywood, Particle Board",ST2F-D6.0-L28,,Carbide,Uncoated,Mist,75.0,0,6.0,28.0,6.0,2,28.0,6.0,0,0,0,0.0,0.0,0,60,0,0,0,Default,10000,300,100,150,300,True,0,None,millimeters
flat end mill,Dreanique,"ST2F-D6.0-L32 | suitable for Hardwood, Softwood, Laminate, MDF, HDF, Veneered Plywood, Particle Board",ST2F-D6.0-L32,,Carbide,Uncoated,Mist,75.0,0,6.0,32.0,6.0,2,32.0,6.0,0,0,0,0.0,0.0,0,60,0,0,0,Default,10000,300,100,150,300,True,0,None,millimeters
flat end mill,Dreanique,"ST2F-D6.0-L42 | suitable for Hardwood, Softwood, Laminate, MDF, HDF, Veneered Plywood, Particle Board",ST2F-D6.0-L42,,Carbide,Uncoated,Mist,75.0,0,6.0,42.0,6.0,2,42.0,6.0,0,0,0,0.0,0.0,0,60,0,0,0,Default,10000,300,100,150,300,True,0,None,millimeters
flat end mill,Dreanique,"ST2F-D6.0-L52 | suitable for Hardwood, Softwood, Laminate, MDF, HDF, Veneered Plywood, Particle Board",ST2F-D6.0-L52,,Carbide,Uncoated,Mist,100.0,0,6.0,52.0,6.0,2,52.0,6.0,0,0,0,0.0,0.0,0,60,0,0,0,Default,10000,300,100,150,300,True,0,None,millimeters
flat end mill,Dreanique,"ST2F-D8.0-L32 | suitable for Hardwood, Softwood, Laminate, MDF, HDF, Veneered Plywood, Particle Board",ST2F-D8.0-L32,,Carbide,Uncoated,Mist,75.0,0,8.0,32.0,8.0,2,32.0,8.0,0,0,0,0.0,0.0,0,60,0,0,0,Default,10000,300,100,150,300,True,0,None,millimeters
flat end mill,Dreanique,"ST2F-D8.0-L42 | suitable for Hardwood, Softwood, Laminate, MDF, HDF, Veneered Plywood, Particle Board",ST2F-D8.0-L42,,Carbide,Uncoated,Mist,100.0,0,8.0,42.0,8.0,2,42.0,8.0,0,0,0,0.0,0.0,0,60,0,0,0,Default,10000,300,100,150,300,True,0,None,millimeters
flat end mill,Dreanique,"ST2F-D8.0-L52 | suitable for Hardwood, Softwood, Laminate, MDF, HDF, Veneered Plywood, Particle Board",ST2F-D8.0-L52,,Carbide,Uncoated,Mist,100.0,0,8.0,52.0,8.0,2,52.0,8.0,0,0,0,0.0,0.0,0,60,0,0,0,Default,10000,300,100,150,300,True,0,None,millimeters
flat end mill,Dreanique,"ST2F-D8.0-L62 | suitable for Hardwood, Softwood, Laminate, MDF, HDF, Veneered Plywood, Particle Board",ST2F-D8.0-L62,,Carbide,Uncoated,Mist,100.0,0,8.0,62.0,8.0,2,62.0,8.0,0,0,0,0.0,0.0,0,60,0,0,0,Default,10000,300,100,150,300,True,0,None,millimeters
flat end mill,Dreanique,"ST2F-D10.0-L52 | suitable for Hardwood, Softwood, Laminate, MDF, HDF, Veneered Plywood, Particle Board",ST2F-D10.0-L52,,Carbide,Uncoated,Mist,100.0,0,10.0,52.0,10.0,2,52.0,10.0,0,0,0,0.0,0.0,0,60,0,0,0,Default,10000,300,100,150,300,True,0,None,millimeters
flat end mill,Dreanique,"ST2F-D12.0-L52 | suitable for Hardwood, Softwood, Laminate, MDF, HDF, Veneered Plywood, Particle Board",ST2F-D12.0-L52,,Carbide,Uncoated,Mist,100.0,0,12.0,52.0,12.0,2,52.0,12.0,0,0,0,0.0,0.0,0,60,0,0,0,Default,10000,300,100,150,300,True,0,None,millimeters
flat end mill,Dreanique,"ST3FK-D4.0-L22 | suitable for Hardwood, Softwood, Laminate, MDF, HDF, Veneered Plywood, Particle Board",ST3FK-D4.0-L22,,Carbide,Uncoated,Mist,50.0,0,4.0,4.0,4.0,3,22.0,4.0,0,0,0,0.0,0.0,0,60,0,0,0,Default,10000,300,100,150,300,True,0,None,millimeters
flat end mill,Dreanique,"ST3FK-D4.0-L32 | suitable for Hardwood, Softwood, Laminate, MDF, HDF, Veneered Plywood, Particle Board",ST3FK-D4.0-L32,,Carbide,Uncoated,Mist,75.0,0,4.0,4.0,4.0,3,32.0,4.0,0,0,0,0.0,0.0,0,60,0,0,0,Default,10000,300,100,150,300,True,0,None,millimeters
flat end mill,Dreanique,"ST3FK-D6.0-L22 | suitable for Hardwood, Softwood, Laminate, MDF, HDF, Veneered Plywood, Particle Board",ST3FK-D6.0-L22,,Carbide,Uncoated,Mist,50.0,0,6.0,6.0,6.0,3,22.0,6.0,0,0,0,0.0,0.0,0,60,0,0,0,Default,10000,300,100,150,300,True,0,None,millimeters
flat end mill,Dreanique,"ST3FK-D6.0-L32 | suitable for Hardwood, Softwood, Laminate, MDF, HDF, Veneered Plywood, Particle Board",ST3FK-D6.0-L32,,Carbide,Uncoated,Mist,75.0,0,6.0,6.0,6.0,3,32.0,6.0,0,0,0,0.0,0.0,0,60,0,0,0,Default,10000,300,100,150,300,True,0,None,millimeters
flat end mill,Dreanique,"ST3FK-D6.0-L42 | suitable for Hardwood, Softwood, Laminate, MDF, HDF, Veneered Plywood, Particle Board",ST3FK-D6.0-L42,,Carbide,Uncoated,Mist,100.0,0,6.0,6.0,6.0,3,42.0,6.0,0,0,0,0.0,0.0,0,60,0,0,0,Default,10000,300,100,150,300,True,0,None,millimeters
flat end mill,Dreanique,"ST3FK-D8.0-L28 | suitable for Hardwood, Softwood, Laminate, MDF, HDF, Veneered Plywood, Particle Board",ST3FK-D8.0-L28,,Carbide,Uncoated,Mist,60.0,0,8.0,8.0,8.0,3,28.0,8.0,0,0,0,0.0,0.0,0,60,0,0,0,Default,10000,300,100,150,300,True,0,None,millimeters
flat end mill,Dreanique,"ST3FK-D8.0-L32 | suitable for Hardwood, Softwood, Laminate, MDF, HDF, Veneered Plywood, Particle Board",ST3FK-D8.0-L32,,Carbide,Uncoated,Mist,75.0,0,8.0,8.0,8.0,3,32.0,8.0,0,0,0,0.0,0.0,0,60,0,0,0,Default,10000,300,100,150,300,True,0,None,millimeters
flat end mill,Dreanique,"ST3FK-D8.0-L42 | suitable for Hardwood, Softwood, Laminate, MDF, HDF, Veneered Plywood, Particle Board",ST3FK-D8.0-L42,,Carbide,Uncoated,Mist,100.0,0,8.0,8.0,8.0,3,42.0,8.0,0,0,0,0.0,0.0,0,60,0,0,0,Default,10000,300,100,150,300,True,0,None,millimeters
drill,Dreanique,"STN 0.5-0.6 | suitable for Aluminum, Aluminum alloy, Die cast aluminum",STN 0.5-0.6,,Carbide,Uncoated,Mist,50.0,0,3.0,5.0,0.55,2,5.0,0.55,0,120,0,0.0,0.0,0,60,0,0,0,Default,10000,300,100,150,300,True,0,None,millimeters
drill,Dreanique,"STN 0.7-0.9 | suitable for Aluminum, Aluminum alloy, Die cast aluminum",STN 0.7-0.9,,Carbide,Uncoated,Mist,50.0,0,3.0,6.0,0.8,2,6.0,0.8,0,120,0,0.0,0.0,0,60,0,0,0,Default,10000,300,100,150,300,True,0,None,millimeters
drill,Dreanique,"STN 1-1.5 | suitable for Aluminum, Aluminum alloy, Die cast aluminum",STN 1-1.5,,Carbide,Uncoated,Mist,50.0,0,3.0,8.0,1.25,2,8.0,1.25,0,120,0,0.0,0.0,0,60,0,0,0,Default,10000,300,100,150,300,True,0,None,millimeters
drill,Dreanique,"STN 1.6-2 | suitable for Aluminum, Aluminum alloy, Die cast aluminum",STN 1.6-2,,Carbide,Uncoated,Mist,50.0,0,3.0,11.0,1.8,2,11.0,1.8,0,120,0,0.0,0.0,0,60,0,0,0,Default,10000,300,100,150,300,True,0,None,millimeters
drill,Dreanique,"STN 2.1-2.5 | suitable for Aluminum, Aluminum alloy, Die cast aluminum",STN 2.1-2.5,,Carbide,Uncoated,Mist,50.0,0,3.0,13.0,2.3,2,13.0,2.3,0,120,0,0.0,0.0,0,60,0,0,0,Default,10000,300,100,150,300,True,0,None,millimeters
drill,Dreanique,"STN 2.6-3 | suitable for Aluminum, Aluminum alloy, Die cast aluminum",STN 2.6-3,,Carbide,Uncoated,Mist,50.0,0,3.0,16.0,2.8,2,16.0,2.8,0,120,0,0.0,0.0,0,60,0,0,0,Default,10000,300,100,150,300,True,0,None,millimeters
drill,Dreanique,"STN 3.1-3.5 | suitable for Aluminum, Aluminum alloy, Die cast aluminum",STN 3.1-3.5,,Carbide,Uncoated,Mist,50.0,0,4.0,18.0,3.3,2,18.0,3.3,0,120,0,0.0,0.0,0,60,0,0,0,Default,10000,300,100,150,300,True,0,None,millimeters
drill,Dreanique,"STN 3.6-4 | suitable for Aluminum, Aluminum alloy, Die cast aluminum",STN 3.6-4,,Carbide,Uncoated,Mist,50.0,0,4.0,20.0,3.8,2,20.0,3.8,0,120,0,0.0,0.0,0,60,0,0,0,Default,10000,300,100,150,300,True,0,None,millimeters
drill,Dreanique,"STN 4.6-5 | suitable for Aluminum, Aluminum alloy, Die cast aluminum",STN 4.6-5,,Carbide,Uncoated,Mist,60.0,0,6.0,24.0,4.8,2,24.0,4.8,0,120,0,0.0,0.0,0,60,0,0,0,Default,10000,300,100,150,300,True,0,None,millimeters
drill,Dreanique,"STN 5.1-5.5 | suitable for Aluminum, Aluminum alloy, Die cast aluminum",STN 5.1-5.5,,Carbide,Uncoated,Mist,60.0,0,6.0,26.0,5.3,2,26.0,5.3,0,120,0,0.0,0.0,0,60,0,0,0,Default,10000,300,100,150,300,True,0,None,millimeters
drill,Dreanique,"STN 5.6-6 | suitable for Aluminum, Aluminum alloy, Die cast aluminum",STN 5.6-6,,Carbide,Uncoated,Mist,60.0,0,6.0,26.0,5.8,2,26.0,5.8,0,120,0,0.0,0.0,0,60,0,0,0,Default,10000,300,100,150,300,True,0,None,millimeters
drill,Dreanique,"STN 6.1-6.5 | suitable for Aluminum, Aluminum alloy, Die cast aluminum",STN 6.1-6.5,,Carbide,Uncoated,Mist,60.0,0,8.0,28.0,6.3,2,28.0,6.3,0,120,0,0.0,0.0,0,60,0,0,0,Default,10000,300,100,150,300,True,0,None,millimeters
drill,Dreanique,"STN 6.6-7 | suitable for Aluminum, Aluminum alloy, Die cast aluminum",STN 6.6-7,,Carbide,Uncoated,Mist,60.0,0,8.0,28.0,6.8,2,28.0,6.8,0,120,0,0.0,0.0,0,60,0,0,0,Default,10000,300,100,150,300,True,0,None,millimeters
drill,Dreanique,"STN 7.1-7.5 | suitable for Aluminum, Aluminum alloy, Die cast aluminum",STN 7.1-7.5,,Carbide,Uncoated,Mist,60.0,0,8.0,30.0,7.3,2,30.0,7.3,0,120,0,0.0,0.0,0,60,0,0,0,Default,10000,300,100,150,300,True,0,None,millimeters
drill,Dreanique,"STN 7.6-8 | suitable for Aluminum, Aluminum alloy, Die cast aluminum",STN 7.6-8,,Carbide,Uncoated,Mist,60.0,0,8.0,30.0,7.8,2,30.0,7.8,0,120,0,0.0,0.0,0,60,0,0,0,Default,10000,300,100,150,300,True,0,None,millimeters
drill,Dreanique,"STN 8.1-8.5 | suitable for Aluminum, Aluminum alloy, Die cast aluminum",STN 8.1-8.5,,Carbide,Uncoated,Mist,75.0,0,10.0,34.0,8.3,2,34.0,8.3,0,120,0,0.0,0.0,0,60,0,0,0,Default,10000,300,100,150,300,True,0,None,millimeters
drill,Dreanique,"STN 8.6-9 | suitable for Aluminum, Aluminum alloy, Die cast aluminum",STN 8.6-9,,Carbide,Uncoated,Mist,75.0,0,10.0,36.0,8.8,2,36.0,8.8,0,120,0,0.0,0.0,0,60,0,0,0,Default,10000,300,100,150,300,True,0,None,millimeters
drill,Dreanique,"STN 9.1-9.5 | suitable for Aluminum, Aluminum alloy, Die cast aluminum",STN 9.1-9.5,,Carbide,Uncoated,Mist,75.0,0,10.0,38.0,9.3,2,38.0,9.3,0,120,0,0.0,0.0,0,60,0,0,0,Default,10000,300,100,150,300,True,0,None,millimeters
drill,Dreanique,"STN 9.6-10 | suitable for Aluminum, Aluminum alloy, Die cast aluminum",STN 9.6-10,,Carbide,Uncoated,Mist,75.0,0,10.0,40.0,9.8,2,40.0,9.8,0,120,0,0.0,0.0,0,60,0,0,0,Default,10000,300,100,150,300,True,0,None,millimeters
drill,Dreanique,"STN 10.1-10.5 | suitable for Aluminum, Aluminum alloy, Die cast aluminum",STN 10.1-10.5,,Carbide,Uncoated,Mist,75.0,0,12.0,42.0,10.3,2,42.0,10.3,0,120,0,0.0,0.0,0,60,0,0,0,Default,10000,300,100,150,300,True,0,None,millimeters
drill,Dreanique,"STN 10.6-11 | suitable for Aluminum, Aluminum alloy, Die cast aluminum",STN 10.6-11,,Carbide,Uncoated,Mist,75.0,0,12.0,42.0,10.8,2,42.0,10.8,0,120,0,0.0,0.0,0,60,0,0,0,Default,10000,300,100,150,300,True,0,None,millimeters
drill,Dreanique,"STN 11.1-11.5 | suitable for Aluminum, Aluminum alloy, Die cast aluminum",STN 11.1-11.5,,Carbide,Uncoated,Mist,75.0,0,12.0,45.0,11.3,2,45.0,11.3,0,120,0,0.0,0.0,0,60,0,0,0,Default,10000,300,100,150,300,True,0,None,millimeters
drill,Dreanique,"STN 11.6-12 | suitable for Aluminum, Aluminum alloy, Die cast aluminum",STN 11.6-12,,Carbide,Uncoated,Mist,75.0,0,12.0,45.0,11.8,2,45.0,11.8,0,120,0,0.0,0.0,0,60,0,0,0,Default,10000,300,100,150,300,True,0,None,millimeters
drill,Dreanique,"STN 12.5 | suitable for Aluminum, Aluminum alloy, Die cast aluminum",STN 12.5,,Carbide,Uncoated,Mist,100.0,0,14.0,52.0,12.5,2,52.0,12.5,0,120,0,0.0,0.0,0,60,0,0,0,Default,10000,300,100,150,300,True,0,None,millimeters
drill,Dreanique,"STN 13 | suitable for Aluminum, Aluminum alloy, Die cast aluminum",STN 13,,Carbide,Uncoated,Mist,100.0,0,14.0,52.0,13.0,2,52.0,13.0,0,120,0,0.0,0.0,0,60,0,0,0,Default,10000,300,100,150,300,True,0,None,millimeters
drill,Dreanique,"STN 13.5 | suitable for Aluminum, Aluminum alloy, Die cast aluminum",STN 13.5,,Carbide,Uncoated,Mist,100.0,0,14.0,52.0,13.5,2,52.0,13.5,0,120,0,0.0,0.0,0,60,0,0,0,Default,10000,300,100,150,300,True,0,None,millimeters
drill,Dreanique,"STN 14 | suitable for Aluminum, Aluminum alloy, Die cast aluminum",STN 14,,Carbide,Uncoated,Mist,100.0,0,14.0,52.0,14.0,2,52.0,14.0,0,120,0,0.0,0.0,0,60,0,0,0,Default,10000,300,100,150,300,True,0,None,millimeters
drill,Dreanique,"STN 14.5 | suitable for Aluminum, Aluminum alloy, Die cast aluminum",STN 14.5,,Carbide,Uncoated,Mist,100.0,0,16.0,60.0,14.5,2,60.0,14.5,0,120,0,0.0,0.0,0,60,0,0,0,Default,10000,300,100,150,300,True,0,None,millimeters
drill,Dreanique,"STN 15 | suitable for Aluminum, Aluminum alloy, Die cast aluminum",STN 15,,Carbide,Uncoated,Mist,100.0,0,16.0,60.0,15.0,2,60.0,15.0,0,120,0,0.0,0.0,0,60,0,0,0,Default,10000,300,100,150,300,True,0,None,millimeters
drill,Dreanique,"STN 15.5 | suitable for Aluminum, Aluminum alloy, Die cast aluminum",STN 15.5,,Carbide,Uncoated,Mist,100.0,0,16.0,60.0,15.5,2,60.0,15.5,0,120,0,0.0,0.0,0,60,0,0,0,Default,10000,300,100,150,300,True,0,None,millimeters
drill,Dreanique,"STN 16 | suitable for Aluminum, Aluminum alloy, Die cast aluminum",STN 16,,Carbide,Uncoated,Mist,100.0,0,16.0,60.0,16.0,2,60.0,16.0,0,120,0,0.0,0.0,0,60,0,0,0,Default,10000,300,100,150,300,True,0,None,millimeters
ball end mill,Dreanique,"T2B-R0.5 | suitable for Carbon steel, Alloy steel, Prehardened steel 45HRC, Stainless steel, Titanium alloy, Heat resistant alloy",T2B-R0.5,,Ti coated,TiAlXN,Mist,50.0,0,6.0,2.0,1.0,2,2.0,1.0,0,0,0,0.0,0.5,0,60,0,0,0,Default,10000,300,100,150,300,True,0,None,millimeters
ball end mill,Dreanique,"T2B-R0.5S | suitable for Carbon steel, Alloy steel, Prehardened steel 45HRC, Stainless steel, Titanium alloy, Heat resistant alloy",T2B-R0.5S,,Ti coated,TiAlXN,Mist,50.0,0,1.0,2.0,1.0,2,2.0,1.0,0,0,0,0.0,0.5,0,60,0,0,0,Default,10000,300,100,150,300,True,0,None,millimeters
ball end mill,Dreanique,"T2B-R0.75 | suitable for Carbon steel, Alloy steel, Prehardened steel 45HRC, Stainless steel, Titanium alloy, Heat resistant alloy",T2B-R0.75,,Ti coated,TiAlXN,Mist,50.0,0,6.0,3.0,1.5,2,3.0,1.5,0,0,0,0.0,0.75,0,60,0,0,0,Default,10000,300,100,150,300,True,0,None,millimeters
ball end mill,Dreanique,"T2B-R0.75S | suitable for Carbon steel, Alloy steel, Prehardened steel 45HRC, Stainless steel, Titanium alloy, Heat resistant alloy",T2B-R0.75S,,Ti coated,TiAlXN,Mist,50.0,0,4.0,3.0,1.5,2,3.0,1.5,0,0,0,0.0,0.75,0,60,0,0,0,Default,10000,300,100,150,300,True,0,None,millimeters
ball end mill,Dreanique,"T2B-R1 | suitable for Carbon steel, Alloy steel, Prehardened steel 45HRC, Stainless steel, Titanium alloy, Heat resistant alloy",T2B-R1,,Ti coated,TiAlXN,Mist,50.0,0,6.0,4.0,2.0,2,4.0,2.0,0,0,0,0.0,1.0,0,60,0,0,0,Default,10000,300,100,150,300,True,0,None,millimeters
ball end mill,Dreanique,"T2B-R1S | suitable for Carbon steel, Alloy steel, Prehardened steel 45HRC, Stainless steel, Titanium alloy, Heat resistant alloy",T2B-R1S,,Ti coated,TiAlXN,Mist,50.0,0,4.0,4.0,2.0,2,4.0,2.0,0,0,0,0.0,1.0,0,60,0,0,0,Default,10000,300,100,150,300,True,0,None,millimeters
ball end mill,Dreanique,"T2B-R1.25 | suitable for Carbon steel, Alloy steel, Prehardened steel 45HRC, Stainless steel, Titanium alloy, Heat resistant alloy",T2B-R1.25,,Ti coated,TiAlXN,Mist,50.0,0,6.0,5.0,2.5,2,5.0,2.5,0,0,0,0.0,1.25,0,60,0,0,0,Default,10000,300,100,150,300,True,0,None,millimeters
ball end mill,Dreanique,"T2B-R1.25S | suitable for Carbon steel, Alloy steel, Prehardened steel 45HRC, Stainless steel, Titanium alloy, Heat resistant alloy",T2B-R1.25S,,Ti coated,TiAlXN,Mist,50.0,0,4.0,5.0,2.5,2,5.0,2.5,0,0,0,0.0,1.25,0,60,0,0,0,Default,10000,300,100,150,300,True,0,None,millimeters
ball end mill,Dreanique,"T2B-R1.5 | suitable for Carbon steel, Alloy steel, Prehardened steel 45HRC, Stainless steel, Titanium alloy, Heat resistant alloy",T2B-R1.5,,Ti coated,TiAlXN,Mist,50.0,0,6.0,6.0,3.0,2,6.0,3.0,0,0,0,0.0,1.5,0,60,0,0,0,Default,10000,300,100,150,300,True,0,None,millimeters
ball end mill,Dreanique,"T2B-R1.5S | suitable for Carbon steel, Alloy steel, Prehardened steel 45HRC, Stainless steel, Titanium alloy, Heat resistant alloy",T2B-R1.5S,,Ti coated,TiAlXN,Mist,50.0,0,4.0,6.0,3.0,2,6.0,3.0,0,0,0,0.0,1.5,0,60,0,0,0,Default,10000,300,100,150,300,True,0,None,millimeters
ball end mill,Dreanique,"T2B-R1.75 | suitable for Carbon steel, Alloy steel, Prehardened steel 45HRC, Stainless steel, Titanium alloy, Heat resistant alloy",T2B-R1.75,,Ti coated,TiAlXN,Mist,50.0,0,6.0,8.0,3.5,2,8.0,3.5,0,0,0,0.0,1.75,0,60,0,0,0,Default,10000,300,100,150,300,True,0,None,millimeters
ball end mill,Dreanique,"T2B-R2 | suitable for Carbon steel, Alloy steel, Prehardened steel 45HRC, Stainless steel, Titanium alloy, Heat resistant alloy",T2B-R2,,Ti coated,TiAlXN,Mist,50.0,0,6.0,8.0,4.0,2,8.0,4.0,0,0,0,0.0,2.0,0,60,0,0,0,Default,10000,300,100,150,300,True,0,None,millimeters
ball end mill,Dreanique,"T2B-R2S | suitable for Carbon steel, Alloy steel, Prehardened steel 45HRC, Stainless steel, Titanium alloy, Heat resistant alloy",T2B-R2S,,Ti coated,TiAlXN,Mist,50.0,0,4.0,8.0,4.0,2,8.0,4.0,0,0,0,0.0,2.0,0,60,0,0,0,Default,10000,300,100,150,300,True,0,None,millimeters
ball end mill,Dreanique,"T2B-R2.5 | suitable for Carbon steel, Alloy steel, Prehardened steel 45HRC, Stainless steel, Titanium alloy, Heat resistant alloy",T2B-R2.5,,Ti coated,TiAlXN,Mist,50.0,0,6.0,10.0,5.0,2,10.0,5.0,0,0,0,0.0,2.5,0,60,0,0,0,Default,10000,300,100,150,300,True,0,None,millimeters
ball end mill,Dreanique,"T2B-R2.75 | suitable for Carbon steel, Alloy steel, Prehardened steel 45HRC, Stainless steel, Titanium alloy, Heat resistant alloy",T2B-R2.75,,Ti coated,TiAlXN,Mist,50.0,0,6.0,12.0,5.5,2,12.0,5.5,0,0,0,0.0,2.75,0,60,0,0,0,Default,10000,300,100,150,300,True,0,None,millimeters
ball end mill,Dreanique,"T2B-R3 | suitable for Carbon steel, Alloy steel, Prehardened steel 45HRC, Stainless steel, Titanium alloy, Heat resistant alloy",T2B-R3,,Ti coated,TiAlXN,Mist,50.0,0,6.0,12.0,6.0,2,12.0,6.0,0,0,0,0.0,3.0,0,60,0,0,0,Default,10000,300,100,150,300,True,0,None,millimeters
ball end mill,Dreanique,"T2B-R3.5 | suitable for Carbon steel, Alloy steel, Prehardened steel 45HRC, Stainless steel, Titanium alloy, Heat resistant alloy",T2B-R3.5,,Ti coated,TiAlXN,Mist,60.0,0,8.0,14.0,7.0,2,14.0,7.0,0,0,0,0.0,3.5,0,60,0,0,0,Default,10000,300,100,150,300,True,0,None,millimeters
ball end mill,Dreanique,"T2B-R4 | suitable for Carbon steel, Alloy steel, Prehardened steel 45HRC, Stainless steel, Titanium alloy, Heat resistant alloy",T2B-R4,,Ti coated,TiAlXN,Mist,60.0,0,8.0,16.0,8.0,2,16.0,8.0,0,0,0,0.0,4.0,0,60,0,0,0,Default,10000,300,100,150,300,True,0,None,millimeters
ball end mill,Dreanique,"T2B-R4.5 | suitable for Carbon steel, Alloy steel, Prehardened steel 45HRC, Stainless steel, Titanium alloy, Heat resistant alloy",T2B-R4.5,,Ti coated,TiAlXN,Mist,75.0,0,10.0,18.0,9.0,2,18.0,9.0,0,0,0,0.0,4.5,0,60,0,0,0,Default,10000,300,100,150,300,True,0,None,millimeters
ball end mill,Dreanique,"T2B-R5 | suitable for Carbon steel, Alloy steel, Prehardened steel 45HRC, Stainless steel, Titanium alloy, Heat resistant alloy",T2B-R5,,Ti coated,TiAlXN,Mist,75.0,0,10.0,20.0,10.0,2,20.0,10.0,0,0,0,0.0,5.0,0,60,0,0,0,Default,10000,300,100,150,300,True,0,None,millimeters
ball end mill,Dreanique,"T2B-R6 | suitable for Carbon steel, Alloy steel, Prehardened steel 45HRC, Stainless steel, Titanium alloy, Heat resistant alloy",T2B-R6,,Ti coated,TiAlXN,Mist,75.0,0,12.0,24.0,12.0,2,24.0,12.0,0,0,0,0.0,6.0,0,60,0,0,0,Default,10000,300,100,150,300,True,0,None,millimeters
ball end mill,Dreanique,"T2B-R7 | suitable for Carbon steel, Alloy steel, Prehardened steel 45HRC, Stainless steel, Titanium alloy, Heat resistant alloy",T2B-R7,,Ti coated,TiAlXN,Mist,75.0,0,14.0,28.0,14.0,2,28.0,14.0,0,0,0,0.0,7.0,0,60,0,0,0,Default,10000,300,100,150,300,True,0,None,millimeters
ball end mill,Dreanique,"T2B-R8 | suitable for Carbon steel, Alloy steel, Prehardened steel 45HRC, Stainless steel, Titanium alloy, Heat resistant alloy",T2B-R8,,Ti coated,TiAlXN,Mist,100.0,0,16.0,32.0,16.0,2,32.0,16.0,0,0,0,0.0,8.0,0,60,0,0,0,Default,10000,300,100,150,300,True,0,None,millimeters
ball end mill,Dreanique,"T2B-R10 | suitable for Carbon steel, Alloy steel, Prehardened steel 45HRC, Stainless steel, Titanium alloy, Heat resistant alloy",T2B-R10,,Ti coated,TiAlXN,Mist,100.0,0,20.0,40.0,20.0,2,40.0,20.0,0,0,0,0.0,10.0,0,60,0,0,0,Default,10000,300,100,150,300,True,0,None,millimeters
tapered mill,Dreanique,"T2BC-R0.25-15-H4 | suitable for Carbon steel, Alloy steel, Prehardened steel 45HRC, Stainless steel, Titanium alloy, Heat resistant alloy",T2BC-R0.25-15-H4,,Carbide,HSi,Mist,50.0,0,4.0,15.0,0.25,2,15.0,0.25,0,0,0,6.7,0.25,0,60,0,0,0,Default,10000,300,100,150,300,True,0,tapered_ball,millimeters
tapered mill,Dreanique,"T2BC-R0.25-20-H6 | suitable for Carbon steel, Alloy steel, Prehardened steel 45HRC, Stainless steel, Titanium alloy, Heat resistant alloy",T2BC-R0.25-20-H6,,Carbide,HSi,Mist,50.0,0,6.0,20.0,0.25,2,20.0,0.25,0,0,0,7.8,0.25,0,60,0,0,0,Default,10000,300,100,150,300,True,0,tapered_ball,millimeters
tapered mill,Dreanique,"T2BC-R0.25-20.5-H4 | suitable for Carbon steel, Alloy steel, Prehardened steel 45HRC, Stainless steel, Titanium alloy, Heat resistant alloy",T2BC-R0.25-20.5-H4,,Carbide,HSi,Mist,50.0,0,4.0,20.5,0.25,2,20.5,0.25,0,0,0,4.9,0.25,0,60,0,0,0,Default,10000,300,100,150,300,True,0,tapered_ball,millimeters
tapered mill,Dreanique,"T2BC-R0.25-30.5-H6 | suitable for Carbon steel, Alloy steel, Prehardened steel 45HRC, Stainless steel, Titanium alloy, Heat resistant alloy",T2BC-R0.25-30.5-H6,,Carbide,HSi,Mist,75.0,0,6.0,30.5,0.25,2,30.5,0.25,0,0,0,5.2,0.25,0,60,0,0,0,Default,10000,300,100,150,300,True,0,tapered_ball,millimeters
tapered mill,Dreanique,"T2BC-R0.5-15-H4 | suitable for Carbon steel, Alloy steel, Prehardened steel 45HRC, Stainless steel, Titanium alloy, Heat resistant alloy",T2BC-R0.5-15-H4,,Carbide,HSi,Mist,50.0,0,4.0,15.0,0.5,2,15.0,0.5,0,0,0,5.7,0.5,0,60,0,0,0,Default,10000,300,100,150,300,True,0,tapered_ball,millimeters
tapered mill,Dreanique,"T2BC-R0.5-20-H6 | suitable for Carbon steel, Alloy steel, Prehardened steel 45HRC, Stainless steel, Titanium alloy, Heat resistant alloy",T2BC-R0.5-20-H6,,Carbide,HSi,Mist,50.0,0,6.0,20.0,0.5,2,20.0,0.5,0,0,0,7.1,0.5,0,60,0,0,0,Default,10000,300,100,150,300,True,0,tapered_ball,millimeters
tapered mill,Dreanique,"T2BC-R0.5-20.5-H4 | suitable for Carbon steel, Alloy steel, Prehardened steel 45HRC, Stainless steel, Titanium alloy, Heat resistant alloy",T2BC-R0.5-20.5-H4,,Carbide,HSi,Mist,50.0,0,4.0,20.5,0.5,2,20.5,0.5,0,0,0,4.2,0.5,0,60,0,0,0,Default,10000,300,100,150,300,True,0,tapered_ball,millimeters
tapered mill,Dreanique,"T2BC-R0.5-30.5-H6 | suitable for Carbon steel, Alloy steel, Prehardened steel 45HRC, Stainless steel, Titanium alloy, Heat resistant alloy",T2BC-R0.5-30.5-H6,,Carbide,HSi,Mist,75.0,0,6.0,30.5,0.5,2,30.5,0.5,0,0,0,4.7,0.5,0,60,0,0,0,Default,10000,300,100,150,300,True,0,tapered_ball,millimeters
tapered mill,Dreanique,"T2BC-R0.5-47-H8 | suitable for Carbon steel, Alloy steel, Prehardened steel 45HRC, Stainless steel, Titanium alloy, Heat resistant alloy",T2BC-R0.5-47-H8,,Carbide,HSi,Mist,100.0,0,8.0,47.0,0.5,2,47.0,0.5,0,0,0,4.3,0.5,0,60,0,0,0,Default,10000,300,100,150,300,True,0,tapered_ball,millimeters
tapered mill,Dreanique,"T2BC-R0.75-15-H4 | suitable for Carbon steel, Alloy steel, Prehardened steel 45HRC, Stainless steel, Titanium alloy, Heat resistant alloy",T2BC-R0.75-15-H4,,Carbide,HSi,Mist,50.0,0,4.0,15.0,0.75,2,15.0,0.75,0,0,0,4.8,0.75,0,60,0,0,0,Default,10000,300,100,150,300,True,0,tapered_ball,millimeters
tapered mill,Dreanique,"T2BC-R0.75-20-H6 | suitable for Carbon steel, Alloy steel, Prehardened steel 45HRC, Stainless steel, Titanium alloy, Heat resistant alloy",T2BC-R0.75-20-H6,,Carbide,HSi,Mist,50.0,0,6.0,20.0,0.75,2,20.0,0.75,0,0,0,6.4,0.75,0,60,0,0,0,Default,10000,300,100,150,300,True,0,tapered_ball,millimeters
tapered mill,Dreanique,"T2BC-R0.75-20.5-H4 | suitable for Carbon steel, Alloy steel, Prehardened steel 45HRC, Stainless steel, Titanium alloy, Heat resistant alloy",T2BC-R0.75-20.5-H4,,Carbide,HSi,Mist,50.0,0,4.0,20.5,0.75,2,20.5,0.75,0,0,0,3.5,0.75,0,60,0,0,0,Default,10000,300,100,150,300,True,0,tapered_ball,millimeters
tapered mill,Dreanique,"T2BC-R0.75-30.5-H6 | suitable for Carbon steel, Alloy steel, Prehardened steel 45HRC, Stainless steel, Titanium alloy, Heat resistant alloy",T2BC-R0.75-30.5-H6,,Carbide,HSi,Mist,75.0,0,6.0,30.5,0.75,2,30.5,0.75,0,0,0,4.2,0.75,0,60,0,0,0,Default,10000,300,100,150,300,True,0,tapered_ball,millimeters
tapered mill,Dreanique,"T2BC-R0.75-47-H8 | suitable for Carbon steel, Alloy steel, Prehardened steel 45HRC, Stainless steel, Titanium alloy, Heat resistant alloy",T2BC-R0.75-47-H8,,Carbide,HSi,Mist,100.0,0,8.0,47.0,0.75,2,47.0,0.75,0,0,0,4.0,0.75,0,60,0,0,0,Default,10000,300,100,150,300,True,0,tapered_ball,millimeters
tapered mill,Dreanique,"T2BC-R1-15-H4 | suitable for Carbon steel, Alloy steel, Prehardened steel 45HRC, Stainless steel, Titanium alloy, Heat resistant alloy",T2BC-R1-15-H4,,Carbide,HSi,Mist,50.0,0,4.0,15.0,1.0,2,15.0,1.0,0,0,0,3.8,1.0,0,60,0,0,0,Default,10000,300,100,150,300,True,0,tapered_ball,millimeters
tapered mill,Dreanique,"T2BC-R1-20-H6 | suitable for Carbon steel, Alloy steel, Prehardened steel 45HRC, Stainless steel, Titanium alloy, Heat resistant alloy",T2BC-R1-20-H6,,Carbide,HSi,Mist,50.0,0,6.0,20.0,1.0,2,20.0,1.0,0,0,0,5.7,1.0,0,60,0,0,0,Default,10000,300,100,150,300,True,0,tapered_ball,millimeters
tapered mill,Dreanique,"T2BC-R1-20.5-H4 | suitable for Carbon steel, Alloy steel, Prehardened steel 45HRC, Stainless steel, Titanium alloy, Heat resistant alloy",T2BC-R1-20.5-H4,,Carbide,HSi,Mist,50.0,0,4.0,20.5,1.0,2,20.5,1.0,0,0,0,2.8,1.0,0,60,0,0,0,Default,10000,300,100,150,300,True,0,tapered_ball,millimeters
tapered mill,Dreanique,"T2BC-R1-30.5-H6 | suitable for Carbon steel, Alloy steel, Prehardened steel 45HRC, Stainless steel, Titanium alloy, Heat resistant alloy",T2BC-R1-30.5-H6,,Carbide,HSi,Mist,75.0,0,6.0,30.5,1.0,2,30.5,1.0,0,0,0,3.8,1.0,0,60,0,0,0,Default,10000,300,100,150,300,True,0,tapered_ball,millimeters
tapered mill,Dreanique,"T2BC-R1-47-H8 | suitable for Carbon steel, Alloy steel, Prehardened steel 45HRC, Stainless steel, Titanium alloy, Heat resistant alloy",T2BC-R1-47-H8,,Carbide,HSi,Mist,100.0,0,8.0,47.0,1.0,2,47.0,1.0,0,0,0,3.7,1.0,0,60,0,0,0,Default,10000,300,100,150,300,True,0,tapered_ball,millimeters
tapered mill,Dreanique,"T2BC-R1.5-20-H6 | suitable for Carbon steel, Alloy steel, Prehardened steel 45HRC, Stainless steel, Titanium alloy, Heat resistant alloy",T2BC-R1.5-20-H6,,Carbide,HSi,Mist,50.0,0,6.0,20.0,1.5,2,20.0,1.5,0,0,0,4.3,1.5,0,60,0,0,0,Default,10000,300,100,150,300,True,0,tapered_ball,millimeters
tapered mill,Dreanique,"T2BC-R1.5-30.5-H6 | suitable for Carbon steel, Alloy steel, Prehardened steel 45HRC, Stainless steel, Titanium alloy, Heat resistant alloy",T2BC-R1.5-30.5-H6,,Carbide,HSi,Mist,75.0,0,6.0,30.5,1.5,2,30.5,1.5,0,0,0,2.8,1.5,0,60,0,0,0,Default,10000,300,100,150,300,True,0,tapered_ball,millimeters
tapered mill,Dreanique,"T2BC-R1.5-47-H8 | suitable for Carbon steel, Alloy steel, Prehardened steel 45HRC, Stainless steel, Titanium alloy, Heat resistant alloy",T2BC-R1.5-47-H8,,Carbide,HSi,Mist,100.0,0,8.0,47.0,1.5,2,47.0,1.5,0,0,0,3.0,1.5,0,60,0,0,0,Default,10000,300,100,150,300,True,0,tapered_ball,millimeters
tapered mill,Dreanique,"T2BC-R2-20-H6 | suitable for Carbon steel, Alloy steel, Prehardened steel 45HRC, Stainless steel, Titanium alloy, Heat resistant alloy",T2BC-R2-20-H6,,Carbide,HSi,Mist,50.0,0,6.0,20.0,2.0,2,20.0,2.0,0,0,0,2.9,2.0,0,60,0,0,0,Default,10000,300,100,150,300,True,0,tapered_ball,millimeters
tapered mill,Dreanique,"T2BC-R2-30.5-H6 | suitable for Carbon steel, Alloy steel, Prehardened steel 45HRC, Stainless steel, Titanium alloy, Heat resistant alloy",T2BC-R2-30.5-H6,,Carbide,HSi,Mist,75.0,0,6.0,30.5,2.0,2,30.5,2.0,0,0,0,1.9,2.0,0,60,0,0,0,Default,10000,300,100,150,300,True,0,tapered_ball,millimeters
tapered mill,Dreanique,"T2BC-R2-47-H8 | suitable for Carbon steel, Alloy steel, Prehardened steel 45HRC, Stainless steel, Titanium alloy, Heat resistant alloy",T2BC-R2-47-H8,,Carbide,HSi,Mist,100.0,0,8.0,47.0,2.0,2,47.0,2.0,0,0,0,2.4,2.0,0,60,0,0,0,Default,10000,300,100,150,300,True,0,tapered_ball,millimeters
ball end mill,Dreanique,"T2BL-R1 | suitable for Carbon steel, Alloy steel, Prehardened steel 45HRC, Stainless steel, Titanium alloy, Heat resistant alloy",T2BL-R1,,Ti coated,TiAlXN,Mist,75.0,0,6.0,4.0,2.0,2,4.0,2.0,0,0,0,0.0,1.0,0,60,0,0,0,Default,10000,300,100,150,300,True,0,None,millimeters
ball end mill,Dreanique,"T2BL-R1.25 | suitable for Carbon steel, Alloy steel, Prehardened steel 45HRC, Stainless steel, Titanium alloy, Heat resistant alloy",T2BL-R1.25,,Ti coated,TiAlXN,Mist,75.0,0,6.0,5.0,2.5,2,5.0,2.5,0,0,0,0.0,1.25,0,60,0,0,0,Default,10000,300,100,150,300,True,0,None,millimeters
ball end mill,Dreanique,"T2BL-R1.5 | suitable for Carbon steel, Alloy steel, Prehardened steel 45HRC, Stainless steel, Titanium alloy, Heat resistant alloy",T2BL-R1.5,,Ti coated,TiAlXN,Mist,75.0,0,6.0,6.0,3.0,2,6.0,3.0,0,0,0,0.0,1.5,0,60,0,0,0,Default,10000,300,100,150,300,True,0,None,millimeters
ball end mill,Dreanique,"T2BL-R1.75 | suitable for Carbon steel, Alloy steel, Prehardened steel 45HRC, Stainless steel, Titanium alloy, Heat resistant alloy",T2BL-R1.75,,Ti coated,TiAlXN,Mist,75.0,0,6.0,8.0,3.5,2,8.0,3.5,0,0,0,0.0,1.75,0,60,0,0,0,Default,10000,300,100,150,300,True,0,None,millimeters
ball end mill,Dreanique,"T2BL-R2 | suitable for Carbon steel, Alloy steel, Prehardened steel 45HRC, Stainless steel, Titanium alloy, Heat resistant alloy",T2BL-R2,,Ti coated,TiAlXN,Mist,75.0,0,6.0,8.0,4.0,2,8.0,4.0,0,0,0,0.0,2.0,0,60,0,0,0,Default,10000,300,100,150,300,True,0,None,millimeters
ball end mill,Dreanique,"T2BL-R2.5 | suitable for Carbon steel, Alloy steel, Prehardened steel 45HRC, Stainless steel, Titanium alloy, Heat resistant alloy",T2BL-R2.5,,Ti coated,TiAlXN,Mist,75.0,0,6.0,10.0,5.0,2,10.0,5.0,0,0,0,0.0,2.5,0,60,0,0,0,Default,10000,300,100,150,300,True,0,None,millimeters
ball end mill,Dreanique,"T2BL-R2.75 | suitable for Carbon steel, Alloy steel, Prehardened steel 45HRC, Stainless steel, Titanium alloy, Heat resistant alloy",T2BL-R2.75,,Ti coated,TiAlXN,Mist,75.0,0,6.0,12.0,5.5,2,12.0,5.5,0,0,0,0.0,2.75,0,60,0,0,0,Default,10000,300,100,150,300,True,0,None,millimeters
ball end mill,Dreanique,"T2BL-R3 | suitable for Carbon steel, Alloy steel, Prehardened steel 45HRC, Stainless steel, Titanium alloy, Heat resistant alloy",T2BL-R3,,Ti coated,TiAlXN,Mist,75.0,0,6.0,12.0,6.0,2,12.0,6.0,0,0,0,0.0,3.0,0,60,0,0,0,Default,10000,300,100,150,300,True,0,None,millimeters
ball end mill,Dreanique,"T2BL-R3.5 | suitable for Carbon steel, Alloy steel, Prehardened steel 45HRC, Stainless steel, Titanium alloy, Heat resistant alloy",T2BL-R3.5,,Ti coated,TiAlXN,Mist,75.0,0,8.0,14.0,7.0,2,14.0,7.0,0,0,0,0.0,3.5,0,60,0,0,0,Default,10000,300,100,150,300,True,0,None,millimeters
ball end mill,Dreanique,"T2BL-R4 | suitable for Carbon steel, Alloy steel, Prehardened steel 45HRC, Stainless steel, Titanium alloy, Heat resistant alloy",T2BL-R4,,Ti coated,TiAlXN,Mist,100.0,0,8.0,16.0,8.0,2,16.0,8.0,0,0,0,0.0,4.0,0,60,0,0,0,Default,10000,300,100,150,300,True,0,None,millimeters
ball end mill,Dreanique,"T2BL-R4.5 | suitable for Carbon steel, Alloy steel, Prehardened steel 45HRC, Stainless steel, Titanium alloy, Heat resistant alloy",T2BL-R4.5,,Ti coated,TiAlXN,Mist,100.0,0,10.0,18.0,9.0,2,18.0,9.0,0,0,0,0.0,4.5,0,60,0,0,0,Default,10000,300,100,150,300,True,0,None,millimeters
ball end mill,Dreanique,"T2BL-R5 | suitable for Carbon steel, Alloy steel, Prehardened steel 45HRC, Stainless steel, Titanium alloy, Heat resistant alloy",T2BL-R5,,Ti coated,TiAlXN,Mist,100.0,0,10.0,20.0,10.0,2,20.0,10.0,0,0,0,0.0,5.0,0,60,0,0,0,Default,10000,300,100,150,300,True,0,None,millimeters
ball end mill,Dreanique,"T2BL-R6 | suitable for Carbon steel, Alloy steel, Prehardened steel 45HRC, Stainless steel, Titanium alloy, Heat resistant alloy",T2BL-R6,,Ti coated,TiAlXN,Mist,100.0,0,12.0,24.0,12.0,2,24.0,12.0,0,0,0,0.0,6.0,0,60,0,0,0,Default,10000,300,100,150,300,True,0,None,millimeters
ball end mill,Dreanique,"T2BL-R7 | suitable for Carbon steel, Alloy steel, Prehardened steel 45HRC, Stainless steel, Titanium alloy, Heat resistant alloy",T2BL-R7,,Ti coated,TiAlXN,Mist,100.0,0,14.0,28.0,14.0,2,28.0,14.0,0,0,0,0.0,7.0,0,60,0,0,0,Default,10000,300,100,150,300,True,0,None,millimeters
ball end mill,Dreanique,"T2BL-R8 | suitable for Carbon steel, Alloy steel, Prehardened steel 45HRC, Stainless steel, Titanium alloy, Heat resistant alloy",T2BL-R8,,Ti coated,TiAlXN,Mist,150.0,0,16.0,32.0,16.0,2,32.0,16.0,0,0,0,0.0,8.0,0,60,0,0,0,Default,10000,300,100,150,300,True,0,None,millimeters
ball end mill,Dreanique,"T2BL-R10 | suitable for Carbon steel, Alloy steel, Prehardened steel 45HRC, Stainless steel, Titanium alloy, Heat resistant alloy",T2BL-R10,,Ti coated,TiAlXN,Mist,150.0,0,20.0,40.0,20.0,2,40.0,20.0,0,0,0,0.0,10.0,0,60,0,0,0,Default,10000,300,100,150,300,True,0,None,millimeters
flat end mill,Dreanique,"T2E-D1 | suitable for Carbon steel, Alloy steel, Prehardened steel 45HRC, Stainless steel, Titanium alloy, Heat resistant alloy",T2E-D1,,Ti coated,TiAlXN,Mist,50.0,0,3.0,3.0,1.0,2,3.0,1.0,0,0,0,0.0,6.0,0,60,0,0,0,Default,10000,300,100,150,300,True,0,None,millimeters
flat end mill,Dreanique,"T2E-D1S | suitable for Carbon steel, Alloy steel, Prehardened steel 45HRC, Stainless steel, Titanium alloy, Heat resistant alloy",T2E-D1S,,Ti coated,TiAlXN,Mist,50.0,0,3.0,3.0,1.0,2,3.0,1.0,0,0,0,0.0,4.0,0,60,0,0,0,Default,10000,300,100,150,300,True,0,None,millimeters
flat end mill,Dreanique,"T2E-D1.5 | suitable for Carbon steel, Alloy steel, Prehardened steel 45HRC, Stainless steel, Titanium alloy, Heat resistant alloy",T2E-D1.5,,Ti coated,TiAlXN,Mist,50.0,0,4.0,4.0,1.5,2,4.0,1.5,0,0,0,0.0,6.0,0,60,0,0,0,Default,10000,300,100,150,300,True,0,None,millimeters
flat end mill,Dreanique,"T2E-D1.5S | suitable for Carbon steel, Alloy steel, Prehardened steel 45HRC, Stainless steel, Titanium alloy, Heat resistant alloy",T2E-D1.5S,,Ti coated,TiAlXN,Mist,50.0,0,4.0,4.0,1.5,2,4.0,1.5,0,0,0,0.0,4.0,0,60,0,0,0,Default,10000,300,100,150,300,True,0,None,millimeters
flat end mill,Dreanique,"T2E-D2 | suitable for Carbon steel, Alloy steel, Prehardened steel 45HRC, Stainless steel, Titanium alloy, Heat resistant alloy",T2E-D2,,Ti coated,TiAlXN,Mist,50.0,0,6.0,6.0,2.0,2,6.0,2.0,0,0,0,0.0,6.0,0,60,0,0,0,Default,10000,300,100,150,300,True,0,None,millimeters
flat end mill,Dreanique,"T2E-D2S | suitable for Carbon steel, Alloy steel, Prehardened steel 45HRC, Stainless steel, Titanium alloy, Heat resistant alloy",T2E-D2S,,Ti coated,TiAlXN,Mist,50.0,0,6.0,6.0,2.0,2,6.0,2.0,0,0,0,0.0,4.0,0,60,0,0,0,Default,10000,300,100,150,300,True,0,None,millimeters
flat end mill,Dreanique,"T2E-D2.5 | suitable for Carbon steel, Alloy steel, Prehardened steel 45HRC, Stainless steel, Titanium alloy, Heat resistant alloy",T2E-D2.5,,Ti coated,TiAlXN,Mist,50.0,0,8.0,8.0,2.5,2,8.0,2.5,0,0,0,0.0,6.0,0,60,0,0,0,Default,10000,300,100,150,300,True,0,None,millimeters
flat end mill,Dreanique,"T2E-D2.5S | suitable for Carbon steel, Alloy steel, Prehardened steel 45HRC, Stainless steel, Titanium alloy, Heat resistant alloy",T2E-D2.5S,,Ti coated,TiAlXN,Mist,50.0,0,8.0,8.0,2.5,2,8.0,2.5,0,0,0,0.0,4.0,0,60,0,0,0,Default,10000,300,100,150,300,True,0,None,millimeters
flat end mill,Dreanique,"T2E-D3 | suitable for Carbon steel, Alloy steel, Prehardened steel 45HRC, Stainless steel, Titanium alloy, Heat resistant alloy",T2E-D3,,Ti coated,TiAlXN,Mist,50.0,0,8.0,8.0,3.0,2,8.0,3.0,0,0,0,0.0,6.0,0,60,0,0,0,Default,10000,300,100,150,300,True,0,None,millimeters
flat end mill,Dreanique,"T2E-D3S | suitable for Carbon steel, Alloy steel, Prehardened steel 45HRC, Stainless steel, Titanium alloy, Heat resistant alloy",T2E-D3S,,Ti coated,TiAlXN,Mist,50.0,0,8.0,8.0,3.0,2,8.0,3.0,0,0,0,0.0,4.0,0,60,0,0,0,Default,10000,300,100,150,300,True,0,None,millimeters
flat end mill,Dreanique,"T2E-D3.5 | suitable for Carbon steel, Alloy steel, Prehardened steel 45HRC, Stainless steel, Titanium alloy, Heat resistant alloy",T2E-D3.5,,Ti coated,TiAlXN,Mist,50.0,0,10.0,10.0,3.5,2,10.0,3.5,0,0,0,0.0,6.0,0,60,0,0,0,Default,10000,300,100,150,300,True,0,None,millimeters
flat end mill,Dreanique,"T2E--D4S | suitable for Carbon steel, Alloy steel, Prehardened steel 45HRC, Stainless steel, Titanium alloy, Heat resistant alloy",T2E--D4S,,Ti coated,TiAlXN,Mist,50.0,0,11.0,11.0,4.0,2,11.0,4.0,0,0,0,0.0,4.0,0,60,0,0,0,Default,10000,300,100,150,300,True,0,None,millimeters
flat end mill,Dreanique,"T2E-D4 | suitable for Carbon steel, Alloy steel, Prehardened steel 45HRC, Stainless steel, Titanium alloy, Heat resistant alloy",T2E-D4,,Ti coated,TiAlXN,Mist,50.0,0,11.0,11.0,4.0,2,11.0,4.0,0,0,0,0.0,6.0,0,60,0,0,0,Default,10000,300,100,150,300,True,0,None,millimeters
flat end mill,Dreanique,"T2E-D4.5 | suitable for Carbon steel, Alloy steel, Prehardened steel 45HRC, Stainless steel, Titanium alloy, Heat resistant alloy",T2E-D4.5,,Ti coated,TiAlXN,Mist,50.0,0,11.0,11.0,4.5,2,11.0,4.5,0,0,0,0.0,6.0,0,60,0,0,0,Default,10000,300,100,150,300,True,0,None,millimeters
flat end mill,Dreanique,"T2E-D5 | suitable for Carbon steel, Alloy steel, Prehardened steel 45HRC, Stainless steel, Titanium alloy, Heat resistant alloy",T2E-D5,,Ti coated,TiAlXN,Mist,50.0,0,13.0,13.0,5.0,2,13.0,5.0,0,0,0,0.0,6.0,0,60,0,0,0,Default,10000,300,100,150,300,True,0,None,millimeters
flat end mill,Dreanique,"T2E-D5.5 | suitable for Carbon steel, Alloy steel, Prehardened steel 45HRC, Stainless steel, Titanium alloy, Heat resistant alloy",T2E-D5.5,,Ti coated,TiAlXN,Mist,50.0,0,16.0,16.0,5.5,2,16.0,5.5,0,0,0,0.0,6.0,0,60,0,0,0,Default,10000,300,100,150,300,True,0,None,millimeters
flat end mill,Dreanique,"T2E-D6 | suitable for Carbon steel, Alloy steel, Prehardened steel 45HRC, Stainless steel, Titanium alloy, Heat resistant alloy",T2E-D6,,Ti coated,TiAlXN,Mist,50.0,0,16.0,16.0,6.0,2,16.0,6.0,0,0,0,0.0,6.0,0,60,0,0,0,Default,10000,300,100,150,300,True,0,None,millimeters
flat end mill,Dreanique,"T2E-D7 | suitable for Carbon steel, Alloy steel, Prehardened steel 45HRC, Stainless steel, Titanium alloy, Heat resistant alloy",T2E-D7,,Ti coated,TiAlXN,Mist,60.0,0,20.0,20.0,7.0,2,20.0,7.0,0,0,0,0.0,8.0,0,60,0,0,0,Default,10000,300,100,150,300,True,0,None,millimeters
flat end mill,Dreanique,"T2E-D8 | suitable for Carbon steel, Alloy steel, Prehardened steel 45HRC, Stainless steel, Titanium alloy, Heat resistant alloy",T2E-D8,,Ti coated,TiAlXN,Mist,60.0,0,20.0,20.0,8.0,2,20.0,8.0,0,0,0,0.0,8.0,0,60,0,0,0,Default,10000,300,100,150,300,True,0,None,millimeters
flat end mill,Dreanique,"T2E-D9 | suitable for Carbon steel, Alloy steel, Prehardened steel 45HRC, Stainless steel, Titanium alloy, Heat resistant alloy",T2E-D9,,Ti coated,TiAlXN,Mist,75.0,0,22.0,22.0,9.0,2,22.0,9.0,0,0,0,0.0,10.0,0,60,0,0,0,Default,10000,300,100,150,300,True,0,None,millimeters
flat end mill,Dreanique,"T2E-D10 | suitable for Carbon steel, Alloy steel, Prehardened steel 45HRC, Stainless steel, Titanium alloy, Heat resistant alloy",T2E-D10,,Ti coated,TiAlXN,Mist,75.0,0,25.0,25.0,10.0,2,25.0,10.0,0,0,0,0.0,10.0,0,60,0,0,0,Default,10000,300,100,150,300,True,0,None,millimeters
flat end mill,Dreanique,"T2E-D11 | suitable for Carbon steel, Alloy steel, Prehardened steel 45HRC, Stainless steel, Titanium alloy, Heat resistant alloy",T2E-D11,,Ti coated,TiAlXN,Mist,75.0,0,26.0,26.0,11.0,2,26.0,11.0,0,0,0,0.0,12.0,0,60,0,0,0,Default,10000,300,100,150,300,True,0,None,millimeters
flat end mill,Dreanique,"T2E-D12 | suitable for Carbon steel, Alloy steel, Prehardened steel 45HRC, Stainless steel, Titanium alloy, Heat resistant alloy",T2E-D12,,Ti coated,TiAlXN,Mist,75.0,0,30.0,30.0,12.0,2,30.0,12.0,0,0,0,0.0,12.0,0,60,0,0,0,Default,10000,300,100,150,300,True,0,None,millimeters
flat end mill,Dreanique,"T2E-D14 | suitable for Carbon steel, Alloy steel, Prehardened steel 45HRC, Stainless steel, Titanium alloy, Heat resistant alloy",T2E-D14,,Ti coated,TiAlXN,Mist,75.0,0,32.0,32.0,14.0,2,32.0,14.0,0,0,0,0.0,14.0,0,60,0,0,0,Default,10000,300,100,150,300,True,0,None,millimeters
flat end mill,Dreanique,"T2E-D16 | suitable for Carbon steel, Alloy steel, Prehardened steel 45HRC, Stainless steel, Titanium alloy, Heat resistant alloy",T2E-D16,,Ti coated,TiAlXN,Mist,100.0,0,45.0,45.0,16.0,2,45.0,16.0,0,0,0,0.0,16.0,0,60,0,0,0,Default,10000,300,100,150,300,True,0,None,millimeters
flat end mill,Dreanique,"T2E-D18 | suitable for Carbon steel, Alloy steel, Prehardened steel 45HRC, Stainless steel, Titanium alloy, Heat resistant alloy",T2E-D18,,Ti coated,TiAlXN,Mist,100.0,0,45.0,45.0,18.0,2,45.0,18.0,0,0,0,0.0,18.0,0,60,0,0,0,Default,10000,300,100,150,300,True,0,None,millimeters
flat end mill,Dreanique,"T2E-D20 | suitable for Carbon steel, Alloy steel, Prehardened steel 45HRC, Stainless steel, Titanium alloy, Heat resistant alloy",T2E-D20,,Ti coated,TiAlXN,Mist,100.0,0,45.0,45.0,20.0,2,45.0,20.0,0,0,0,0.0,20.0,0,60,0,0,0,Default,10000,300,100,150,300,True,0,None,millimeters
ball end mill,Dreanique,"T4B-R1.5 | suitable for Carbon steel, Alloy steel, Prehardened steel 45HRC, Stainless steel, Titanium alloy, Heat resistant alloy",T4B-R1.5,,Ti coated,TiAlXN,Mist,50.0,0,6.0,6.0,3.0,4,6.0,3.0,0,0,0,0.0,1.5,0,60,0,0,0,Default,10000,300,100,150,300,True,0,None,millimeters
ball end mill,Dreanique,"T4B-R2 | suitable for Carbon steel, Alloy steel, Prehardened steel 45HRC, Stainless steel, Titanium alloy, Heat resistant alloy",T4B-R2,,Ti coated,TiAlXN,Mist,50.0,0,6.0,8.0,4.0,4,8.0,4.0,0,0,0,0.0,2.0,0,60,0,0,0,Default,10000,300,100,150,300,True,0,None,millimeters
ball end mill,Dreanique,"T4B-R2.5 | suitable for Carbon steel, Alloy steel, Prehardened steel 45HRC, Stainless steel, Titanium alloy, Heat resistant alloy",T4B-R2.5,,Ti coated,TiAlXN,Mist,50.0,0,6.0,10.0,5.0,4,10.0,5.0,0,0,0,0.0,2.5,0,60,0,0,0,Default,10000,300,100,150,300,True,0,None,millimeters
ball end mill,Dreanique,"T4B-R3 | suitable for Carbon steel, Alloy steel, Prehardened steel 45HRC, Stainless steel, Titanium alloy, Heat resistant alloy",T4B-R3,,Ti coated,TiAlXN,Mist,50.0,0,6.0,12.0,6.0,4,12.0,6.0,0,0,0,0.0,3.0,0,60,0,0,0,Default,10000,300,100,150,300,True,0,None,millimeters
ball end mill,Dreanique,"T4B-R4 | suitable for Carbon steel, Alloy steel, Prehardened steel 45HRC, Stainless steel, Titanium alloy, Heat resistant alloy",T4B-R4,,Ti coated,TiAlXN,Mist,60.0,0,8.0,16.0,8.0,4,16.0,8.0,0,0,0,0.0,4.0,0,60,0,0,0,Default,10000,300,100,150,300,True,0,None,millimeters
ball end mill,Dreanique,"T4B-R5 | suitable for Carbon steel, Alloy steel, Prehardened steel 45HRC, Stainless steel, Titanium alloy, Heat resistant alloy",T4B-R5,,Ti coated,TiAlXN,Mist,75.0,0,10.0,20.0,10.0,4,20.0,10.0,0,0,0,0.0,5.0,0,60,0,0,0,Default,10000,300,100,150,300,True,0,None,millimeters
ball end mill,Dreanique,"T4B-R6 | suitable for Carbon steel, Alloy steel, Prehardened steel 45HRC, Stainless steel, Titanium alloy, Heat resistant alloy",T4B-R6,,Ti coated,TiAlXN,Mist,75.0,0,12.0,24.0,12.0,4,24.0,12.0,0,0,0,0.0,6.0,0,60,0,0,0,Default,10000,300,100,150,300,True,0,None,millimeters
ball end mill,Dreanique,"T4B-R7 | suitable for Carbon steel, Alloy steel, Prehardened steel 45HRC, Stainless steel, Titanium alloy, Heat resistant alloy",T4B-R7,,Ti coated,TiAlXN,Mist,75.0,0,14.0,28.0,14.0,4,28.0,14.0,0,0,0,0.0,7.0,0,60,0,0,0,Default,10000,300,100,150,300,True,0,None,millimeters
ball end mill,Dreanique,"T4B-R8 | suitable for Carbon steel, Alloy steel, Prehardened steel 45HRC, Stainless steel, Titanium alloy, Heat resistant alloy",T4B-R8,,Ti coated,TiAlXN,Mist,100.0,0,16.0,32.0,16.0,4,32.0,16.0,0,0,0,0.0,8.0,0,60,0,0,0,Default,10000,300,100,150,300,True,0,None,millimeters
ball end mill,Dreanique,"T4B-R9 | suitable for Carbon steel, Alloy steel, Prehardened steel 45HRC, Stainless steel, Titanium alloy, Heat resistant alloy",T4B-R9,,Ti coated,TiAlXN,Mist,100.0,0,18.0,36.0,18.0,4,36.0,18.0,0,0,0,0.0,9.0,0,60,0,0,0,Default,10000,300,100,150,300,True,0,None,millimeters
ball end mill,Dreanique,"T4B-R10 | suitable for Carbon steel, Alloy steel, Prehardened steel 45HRC, Stainless steel, Titanium alloy, Heat resistant alloy",T4B-R10,,Ti coated,TiAlXN,Mist,100.0,0,20.0,40.0,20.0,4,40.0,20.0,0,0,0,0.0,10.0,0,60,0,0,0,Default,10000,300,100,150,300,True,0,None,millimeters
ball end mill,Dreanique,"T4BL-R1.5 | suitable for Carbon steel, Alloy steel, Prehardened steel 45HRC, Stainless steel, Titanium alloy, Heat resistant alloy",T4BL-R1.5,,Ti coated,TiAlXN,Mist,75.0,0,6.0,6.0,3.0,4,6.0,3.0,0,0,0,0.0,1.5,0,60,0,0,0,Default,10000,300,100,150,300,True,0,None,millimeters
ball end mill,Dreanique,"T4BL-R2 | suitable for Carbon steel, Alloy steel, Prehardened steel 45HRC, Stainless steel, Titanium alloy, Heat resistant alloy",T4BL-R2,,Ti coated,TiAlXN,Mist,75.0,0,6.0,8.0,4.0,4,8.0,4.0,0,0,0,0.0,2.0,0,60,0,0,0,Default,10000,300,100,150,300,True,0,None,millimeters
ball end mill,Dreanique,"T4BL-R2.5 | suitable for Carbon steel, Alloy steel, Prehardened steel 45HRC, Stainless steel, Titanium alloy, Heat resistant alloy",T4BL-R2.5,,Ti coated,TiAlXN,Mist,75.0,0,6.0,10.0,5.0,4,10.0,5.0,0,0,0,0.0,2.5,0,60,0,0,0,Default,10000,300,100,150,300,True,0,None,millimeters
ball end mill,Dreanique,"T4BL-R3 | suitable for Carbon steel, Alloy steel, Prehardened steel 45HRC, Stainless steel, Titanium alloy, Heat resistant alloy",T4BL-R3,,Ti coated,TiAlXN,Mist,75.0,0,6.0,12.0,6.0,4,12.0,6.0,0,0,0,0.0,3.0,0,60,0,0,0,Default,10000,300,100,150,300,True,0,None,millimeters
ball end mill,Dreanique,"T4BL-R4 | suitable for Carbon steel, Alloy steel, Prehardened steel 45HRC, Stainless steel, Titanium alloy, Heat resistant alloy",T4BL-R4,,Ti coated,TiAlXN,Mist,100.0,0,8.0,16.0,8.0,4,16.0,8.0,0,0,0,0.0,4.0,0,60,0,0,0,Default,10000,300,100,150,300,True,0,None,millimeters
ball end mill,Dreanique,"T4BL-R5 | suitable for Carbon steel, Alloy steel, Prehardened steel 45HRC, Stainless steel, Titanium alloy, Heat resistant alloy",T4BL-R5,,Ti coated,TiAlXN,Mist,100.0,0,10.0,20.0,10.0,4,20.0,10.0,0,0,0,0.0,5.0,0,60,0,0,0,Default,10000,300,100,150,300,True,0,None,millimeters
ball end mill,Dreanique,"T4BL-R6 | suitable for Carbon steel, Alloy steel, Prehardened steel 45HRC, Stainless steel, Titanium alloy, Heat resistant alloy",T4BL-R6,,Ti coated,TiAlXN,Mist,100.0,0,12.0,24.0,12.0,4,24.0,12.0,0,0,0,0.0,6.0,0,60,0,0,0,Default,10000,300,100,150,300,True,0,None,millimeters
ball end mill,Dreanique,"T4BL-R7 | suitable for Carbon steel, Alloy steel, Prehardened steel 45HRC, Stainless steel, Titanium alloy, Heat resistant alloy",T4BL-R7,,Ti coated,TiAlXN,Mist,100.0,0,14.0,28.0,14.0,4,28.0,14.0,0,0,0,0.0,7.0,0,60,0,0,0,Default,10000,300,100,150,300,True,0,None,millimeters
ball end mill,Dreanique,"T4BL-R8 | suitable for Carbon steel, Alloy steel, Prehardened steel 45HRC, Stainless steel, Titanium alloy, Heat resistant alloy",T4BL-R8,,Ti coated,TiAlXN,Mist,150.0,0,16.0,32.0,16.0,4,32.0,16.0,0,0,0,0.0,8.0,0,60,0,0,0,Default,10000,300,100,150,300,True,0,None,millimeters
ball end mill,Dreanique,"T4BL-R9 | suitable for Carbon steel, Alloy steel, Prehardened steel 45HRC, Stainless steel, Titanium alloy, Heat resistant alloy",T4BL-R9,,Ti coated,TiAlXN,Mist,150.0,0,18.0,36.0,18.0,4,36.0,18.0,0,0,0,0.0,9.0,0,60,0,0,0,Default,10000,300,100,150,300,True,0,None,millimeters
ball end mill,Dreanique,"T4BL-R10 | suitable for Carbon steel, Alloy steel, Prehardened steel 45HRC, Stainless steel, Titanium alloy, Heat resistant alloy",T4BL-R10,,Ti coated,TiAlXN,Mist,150.0,0,20.0,40.0,20.0,4,40.0,20.0,0,0,0,0.0,10.0,0,60,0,0,0,Default,10000,300,100,150,300,True,0,None,millimeters
flat end mill,Dreanique,"T4E-D1 | suitable for Carbon steel, Alloy steel, Prehardened steel 45HRC, Stainless steel, Titanium alloy, Heat resistant alloy",T4E-D1,,Ti coated,TiAlXN,Mist,50.0,0,6.0,3.0,1.0,4,3.0,1.0,0,0,0,0.0,0.0,0,60,0,0,0,Default,10000,300,100,150,300,True,0,None,millimeters
flat end mill,Dreanique,"T4E-D1S | suitable for Carbon steel, Alloy steel, Prehardened steel 45HRC, Stainless steel, Titanium alloy, Heat resistant alloy",T4E-D1S,,Ti coated,TiAlXN,Mist,50.0,0,4.0,3.0,1.0,4,3.0,1.0,0,0,0,0.0,0.0,0,60,0,0,0,Default,10000,300,100,150,300,True,0,None,millimeters
flat end mill,Dreanique,"T4E-D1.5 | suitable for Carbon steel, Alloy steel, Prehardened steel 45HRC, Stainless steel, Titanium alloy, Heat resistant alloy",T4E-D1.5,,Ti coated,TiAlXN,Mist,50.0,0,6.0,4.0,1.5,4,4.0,1.5,0,0,0,0.0,0.0,0,60,0,0,0,Default,10000,300,100,150,300,True,0,None,millimeters
flat end mill,Dreanique,"T4E-D1.5S | suitable for Carbon steel, Alloy steel, Prehardened steel 45HRC, Stainless steel, Titanium alloy, Heat resistant alloy",T4E-D1.5S,,Ti coated,TiAlXN,Mist,50.0,0,4.0,4.0,1.5,4,4.0,1.5,0,0,0,0.0,0.0,0,60,0,0,0,Default,10000,300,100,150,300,True,0,None,millimeters
flat end mill,Dreanique,"T4E-D2 | suitable for Carbon steel, Alloy steel, Prehardened steel 45HRC, Stainless steel, Titanium alloy, Heat resistant alloy",T4E-D2,,Ti coated,TiAlXN,Mist,50.0,0,6.0,6.0,2.0,4,6.0,2.0,0,0,0,0.0,0.0,0,60,0,0,0,Default,10000,300,100,150,300,True,0,None,millimeters
flat end mill,Dreanique,"T4E-D2S | suitable for Carbon steel, Alloy steel, Prehardened steel 45HRC, Stainless steel, Titanium alloy, Heat resistant alloy",T4E-D2S,,Ti coated,TiAlXN,Mist,50.0,0,4.0,6.0,2.0,4,6.0,2.0,0,0,0,0.0,0.0,0,60,0,0,0,Default,10000,300,100,150,300,True,0,None,millimeters
flat end mill,Dreanique,"T4E-D2.5 | suitable for Carbon steel, Alloy steel, Prehardened steel 45HRC, Stainless steel, Titanium alloy, Heat resistant alloy",T4E-D2.5,,Ti coated,TiAlXN,Mist,50.0,0,6.0,8.0,2.5,4,8.0,2.5,0,0,0,0.0,0.0,0,60,0,0,0,Default,10000,300,100,150,300,True,0,None,millimeters
flat end mill,Dreanique,"T4E-D2.5S | suitable for Carbon steel, Alloy steel, Prehardened steel 45HRC, Stainless steel, Titanium alloy, Heat resistant alloy",T4E-D2.5S,,Ti coated,TiAlXN,Mist,50.0,0,4.0,8.0,2.5,4,8.0,2.5,0,0,0,0.0,0.0,0,60,0,0,0,Default,10000,300,100,150,300,True,0,None,millimeters
flat end mill,Dreanique,"T4E-D3 | suitable for Carbon steel, Alloy steel, Prehardened steel 45HRC, Stainless steel, Titanium alloy, Heat resistant alloy",T4E-D3,,Ti coated,TiAlXN,Mist,50.0,0,6.0,8.0,3.0,4,8.0,3.0,0,0,0,0.0,0.0,0,60,0,0,0,Default,10000,300,100,150,300,True,0,None,millimeters
flat end mill,Dreanique,"T4E-D3S | suitable for Carbon steel, Alloy steel, Prehardened steel 45HRC, Stainless steel, Titanium alloy, Heat resistant alloy",T4E-D3S,,Ti coated,TiAlXN,Mist,50.0,0,4.0,8.0,3.0,4,8.0,3.0,0,0,0,0.0,0.0,0,60,0,0,0,Default,10000,300,100,150,300,True,0,None,millimeters
flat end mill,Dreanique,"T4E-D3.5 | suitable for Carbon steel, Alloy steel, Prehardened steel 45HRC, Stainless steel, Titanium alloy, Heat resistant alloy",T4E-D3.5,,Ti coated,TiAlXN,Mist,50.0,0,6.0,10.0,3.5,4,10.0,3.5,0,0,0,0.0,0.0,0,60,0,0,0,Default,10000,300,100,150,300,True,0,None,millimeters
flat end mill,Dreanique,"T4E-D4 | suitable for Carbon steel, Alloy steel, Prehardened steel 45HRC, Stainless steel, Titanium alloy, Heat resistant alloy",T4E-D4,,Ti coated,TiAlXN,Mist,50.0,0,6.0,11.0,4.0,4,11.0,4.0,0,0,0,0.0,0.0,0,60,0,0,0,Default,10000,300,100,150,300,True,0,None,millimeters
flat end mill,Dreanique,"T4E-D4S | suitable for Carbon steel, Alloy steel, Prehardened steel 45HRC, Stainless steel, Titanium alloy, Heat resistant alloy",T4E-D4S,,Ti coated,TiAlXN,Mist,50.0,0,4.0,11.0,4.0,4,11.0,4.0,0,0,0,0.0,0.0,0,60,0,0,0,Default,10000,300,100,150,300,True,0,None,millimeters
flat end mill,Dreanique,"T4E-D4.5 | suitable for Carbon steel, Alloy steel, Prehardened steel 45HRC, Stainless steel, Titanium alloy, Heat resistant alloy",T4E-D4.5,,Ti coated,TiAlXN,Mist,50.0,0,6.0,11.0,4.5,4,11.0,4.5,0,0,0,0.0,0.0,0,60,0,0,0,Default,10000,300,100,150,300,True,0,None,millimeters
flat end mill,Dreanique,"T4E-D5 | suitable for Carbon steel, Alloy steel, Prehardened steel 45HRC, Stainless steel, Titanium alloy, Heat resistant alloy",T4E-D5,,Ti coated,TiAlXN,Mist,50.0,0,6.0,13.0,5.0,4,13.0,5.0,0,0,0,0.0,0.0,0,60,0,0,0,Default,10000,300,100,150,300,True,0,None,millimeters
flat end mill,Dreanique,"T4E-D5.5 | suitable for Carbon steel, Alloy steel, Prehardened steel 45HRC, Stainless steel, Titanium alloy, Heat resistant alloy",T4E-D5.5,,Ti coated,TiAlXN,Mist,50.0,0,6.0,16.0,5.5,4,16.0,5.5,0,0,0,0.0,0.0,0,60,0,0,0,Default,10000,300,100,150,300,True,0,None,millimeters
flat end mill,Dreanique,"T4E-D6 | suitable for Carbon steel, Alloy steel, Prehardened steel 45HRC, Stainless steel, Titanium alloy, Heat resistant alloy",T4E-D6,,Ti coated,TiAlXN,Mist,50.0,0,6.0,16.0,6.0,4,16.0,6.0,0,0,0,0.0,0.0,0,60,0,0,0,Default,10000,300,100,150,300,True,0,None,millimeters
flat end mill,Dreanique,"T4E-D7 | suitable for Carbon steel, Alloy steel, Prehardened steel 45HRC, Stainless steel, Titanium alloy, Heat resistant alloy",T4E-D7,,Ti coated,TiAlXN,Mist,60.0,0,8.0,20.0,7.0,4,20.0,7.0,0,0,0,0.0,0.0,0,60,0,0,0,Default,10000,300,100,150,300,True,0,None,millimeters
flat end mill,Dreanique,"T4E-D8 | suitable for Carbon steel, Alloy steel, Prehardened steel 45HRC, Stainless steel, Titanium alloy, Heat resistant alloy",T4E-D8,,Ti coated,TiAlXN,Mist,60.0,0,8.0,20.0,8.0,4,20.0,8.0,0,0,0,0.0,0.0,0,60,0,0,0,Default,10000,300,100,150,300,True,0,None,millimeters
flat end mill,Dreanique,"T4E-D9 | suitable for Carbon steel, Alloy steel, Prehardened steel 45HRC, Stainless steel, Titanium alloy, Heat resistant alloy",T4E-D9,,Ti coated,TiAlXN,Mist,75.0,0,10.0,22.0,9.0,4,22.0,9.0,0,0,0,0.0,0.0,0,60,0,0,0,Default,10000,300,100,150,300,True,0,None,millimeters
flat end mill,Dreanique,"T4E-D10 | suitable for Carbon steel, Alloy steel, Prehardened steel 45HRC, Stainless steel, Titanium alloy, Heat resistant alloy",T4E-D10,,Ti coated,TiAlXN,Mist,75.0,0,10.0,25.0,10.0,4,25.0,10.0,0,0,0,0.0,0.0,0,60,0,0,0,Default,10000,300,100,150,300,True,0,None,millimeters
flat end mill,Dreanique,"T4E-D11 | suitable for Carbon steel, Alloy steel, Prehardened steel 45HRC, Stainless steel, Titanium alloy, Heat resistant alloy",T4E-D11,,Ti coated,TiAlXN,Mist,75.0,0,12.0,26.0,11.0,4,26.0,11.0,0,0,0,0.0,0.0,0,60,0,0,0,Default,10000,300,100,150,300,True,0,None,millimeters
flat end mill,Dreanique,"T4E-D12 | suitable for Carbon steel, Alloy steel, Prehardened steel 45HRC, Stainless steel, Titanium alloy, Heat resistant alloy",T4E-D12,,Ti coated,TiAlXN,Mist,75.0,0,12.0,30.0,12.0,4,30.0,12.0,0,0,0,0.0,0.0,0,60,0,0,0,Default,10000,300,100,150,300,True,0,None,millimeters
flat end mill,Dreanique,"T4E-D14 | suitable for Carbon steel, Alloy steel, Prehardened steel 45HRC, Stainless steel, Titanium alloy, Heat resistant alloy",T4E-D14,,Ti coated,TiAlXN,Mist,75.0,0,14.0,32.0,14.0,4,32.0,14.0,0,0,0,0.0,0.0,0,60,0,0,0,Default,10000,300,100,150,300,True,0,None,millimeters
flat end mill,Dreanique,"T4E-D16 | suitable for Carbon steel, Alloy steel, Prehardened steel 45HRC, Stainless steel, Titanium alloy, Heat resistant alloy",T4E-D16,,Ti coated,TiAlXN,Mist,100.0,0,16.0,45.0,16.0,4,45.0,16.0,0,0,0,0.0,0.0,0,60,0,0,0,Default,10000,300,100,150,300,True,0,None,millimeters
flat end mill,Dreanique,"T4E-D18 | suitable for Carbon steel, Alloy steel, Prehardened steel 45HRC, Stainless steel, Titanium alloy, Heat resistant alloy",T4E-D18,,Ti coated,TiAlXN,Mist,100.0,0,18.0,45.0,18.0,4,45.0,18.0,0,0,0,0.0,0.0,0,60,0,0,0,Default,10000,300,100,150,300,True,0,None,millimeters
flat end mill,Dreanique,"T4E-D20 | suitable for Carbon steel, Alloy steel, Prehardened steel 45HRC, Stainless steel, Titanium alloy, Heat resistant alloy",T4E-D20,,Ti coated,TiAlXN,Mist,100.0,0,20.0,45.0,20.0,4,45.0,20.0,0,0,0,0.0,0.0,0,60,0,0,0,Default,10000,300,100,150,300,True,0,None,millimeters
flat end mill,Dreanique,"T4EL-D3 | suitable for Carbon steel, Alloy steel, Prehardened steel 45HRC, Stainless steel, Titanium alloy, Heat resistant alloy",T4EL-D3,,Ti coated,TiAlXN,Mist,75.0,0,6.0,12.0,3.0,4,12.0,3.0,0,0,0,0.0,0.0,0,60,0,0,0,Default,10000,300,100,150,300,True,0,None,millimeters
flat end mill,Dreanique,"T4EL-D4 | suitable for Carbon steel, Alloy steel, Prehardened steel 45HRC, Stainless steel, Titanium alloy, Heat resistant alloy",T4EL-D4,,Ti coated,TiAlXN,Mist,75.0,0,6.0,15.0,4.0,4,15.0,4.0,0,0,0,0.0,0.0,0,60,0,0,0,Default,10000,300,100,150,300,True,0,None,millimeters
flat end mill,Dreanique,"T4EL-D5 | suitable for Carbon steel, Alloy steel, Prehardened steel 45HRC, Stainless steel, Titanium alloy, Heat resistant alloy",T4EL-D5,,Ti coated,TiAlXN,Mist,75.0,0,6.0,20.0,5.0,4,20.0,5.0,0,0,0,0.0,0.0,0,60,0,0,0,Default,10000,300,100,150,300,True,0,None,millimeters
flat end mill,Dreanique,"T4EL-D6 | suitable for Carbon steel, Alloy steel, Prehardened steel 45HRC, Stainless steel, Titanium alloy, Heat resistant alloy",T4EL-D6,,Ti coated,TiAlXN,Mist,75.0,0,6.0,20.0,6.0,4,20.0,6.0,0,0,0,0.0,0.0,0,60,0,0,0,Default,10000,300,100,150,300,True,0,None,millimeters
flat end mill,Dreanique,"T4EL-D8 | suitable for Carbon steel, Alloy steel, Prehardened steel 45HRC, Stainless steel, Titanium alloy, Heat resistant alloy",T4EL-D8,,Ti coated,TiAlXN,Mist,100.0,0,8.0,25.0,8.0,4,25.0,8.0,0,0,0,0.0,0.0,0,60,0,0,0,Default,10000,300,100,150,300,True,0,None,millimeters
flat end mill,Dreanique,"T4EL-D10 | suitable for Carbon steel, Alloy steel, Prehardened steel 45HRC, Stainless steel, Titanium alloy, Heat resistant alloy",T4EL-D10,,Ti coated,TiAlXN,Mist,100.0,0,10.0,30.0,10.0,4,30.0,10.0,0,0,0,0.0,0.0,0,60,0,0,0,Default,10000,300,100,150,300,True,0,None,millimeters
flat end mill,Dreanique,"T4EL-D12 | suitable for Carbon steel, Alloy steel, Prehardened steel 45HRC, Stainless steel, Titanium alloy, Heat resistant alloy",T4EL-D12,,Ti coated,TiAlXN,Mist,100.0,0,12.0,35.0,12.0,4,35.0,12.0,0,0,0,0.0,0.0,0,60,0,0,0,Default,10000,300,100,150,300,True,0,None,millimeters
flat end mill,Dreanique,"T4EL-D14 | suitable for Carbon steel, Alloy steel, Prehardened steel 45HRC, Stainless steel, Titanium alloy, Heat resistant alloy",T4EL-D14,,Ti coated,TiAlXN,Mist,100.0,0,14.0,40.0,14.0,4,40.0,14.0,0,0,0,0.0,0.0,0,60,0,0,0,Default,10000,300,100,150,300,True,0,None,millimeters
flat end mill,Dreanique,"T4EL-D16 | suitable for Carbon steel, Alloy steel, Prehardened steel 45HRC, Stainless steel, Titanium alloy, Heat resistant alloy",T4EL-D16,,Ti coated,TiAlXN,Mist,150.0,0,16.0,50.0,16.0,4,50.0,16.0,0,0,0,0.0,0.0,0,60,0,0,0,Default,10000,300,100,150,300,True,0,None,millimeters
flat end mill,Dreanique,"T4EL-D20 | suitable for Carbon steel, Alloy steel, Prehardened steel 45HRC, Stainless steel, Titanium alloy, Heat resistant alloy",T4EL-D20,,Ti coated,TiAlXN,Mist,150.0,0,20.0,55.0,20.0,4,55.0,20.0,0,0,0,0.0,0.0,0,60,0,0,0,Default,10000,300,100,150,300,True,0,None,millimeters
bull nose end mill,Dreanique,"T4R-D3R0.2 | suitable for Carbon steel, Alloy steel, Prehardened steel 45HRC, Stainless steel, Titanium alloy, Heat resistant alloy",T4R-D3R0.2,,Ti coated,TiAlXN,Mist,50.0,0,6.0,8.0,3.0,4,8.0,3.0,0,0,0,0.0,0.2,0,60,0,0,0,Default,10000,300,100,150,300,True,0,None,millimeters
bull nose end mill,Dreanique,"T4R-D4R0.3 | suitable for Carbon steel, Alloy steel, Prehardened steel 45HRC, Stainless steel, Titanium alloy, Heat resistant alloy",T4R-D4R0.3,,Ti coated,TiAlXN,Mist,50.0,0,6.0,10.0,4.0,4,10.0,4.0,0,0,0,0.0,0.3,0,60,0,0,0,Default,10000,300,100,150,300,True,0,None,millimeters
bull nose end mill,Dreanique,"T4R-D4R0.5 | suitable for Carbon steel, Alloy steel, Prehardened steel 45HRC, Stainless steel, Titanium alloy, Heat resistant alloy",T4R-D4R0.5,,Ti coated,TiAlXN,Mist,50.0,0,6.0,10.0,4.0,4,10.0,4.0,0,0,0,0.0,0.5,0,60,0,0,0,Default,10000,300,100,150,300,True,0,None,millimeters
bull nose end mill,Dreanique,"T4R-D5R0.5 | suitable for Carbon steel, Alloy steel, Prehardened steel 45HRC, Stainless steel, Titanium alloy, Heat resistant alloy",T4R-D5R0.5,,Ti coated,TiAlXN,Mist,50.0,0,6.0,13.0,5.0,4,13.0,5.0,0,0,0,0.0,0.5,0,60,0,0,0,Default,10000,300,100,150,300,True,0,None,millimeters
bull nose end mill,Dreanique,"T4R-D5R1 | suitable for Carbon steel, Alloy steel, Prehardened steel 45HRC, Stainless steel, Titanium alloy, Heat resistant alloy",T4R-D5R1,,Ti coated,TiAlXN,Mist,50.0,0,6.0,13.0,5.0,4,13.0,5.0,0,0,0,0.0,1.0,0,60,0,0,0,Default,10000,300,100,150,300,True,0,None,millimeters
bull nose end mill,Dreanique,"T4R-D6R0.5 | suitable for Carbon steel, Alloy steel, Prehardened steel 45HRC, Stainless steel, Titanium alloy, Heat resistant alloy",T4R-D6R0.5,,Ti coated,TiAlXN,Mist,50.0,0,6.0,16.0,6.0,4,16.0,6.0,0,0,0,0.0,0.5,0,60,0,0,0,Default,10000,300,100,150,300,True,0,None,millimeters
bull nose end mill,Dreanique,"T4R-D6R1 | suitable for Carbon steel, Alloy steel, Prehardened steel 45HRC, Stainless steel, Titanium alloy, Heat resistant alloy",T4R-D6R1,,Ti coated,TiAlXN,Mist,50.0,0,6.0,16.0,6.0,4,16.0,6.0,0,0,0,0.0,1.0,0,60,0,0,0,Default,10000,300,100,150,300,True,0,None,millimeters
bull nose end mill,Dreanique,"T4R-D8R0.5 | suitable for Carbon steel, Alloy steel, Prehardened steel 45HRC, Stainless steel, Titanium alloy, Heat resistant alloy",T4R-D8R0.5,,Ti coated,TiAlXN,Mist,60.0,0,8.0,20.0,8.0,4,20.0,8.0,0,0,0,0.0,0.5,0,60,0,0,0,Default,10000,300,100,150,300,True,0,None,millimeters
bull nose end mill,Dreanique,"T4R-D8R1 | suitable for Carbon steel, Alloy steel, Prehardened steel 45HRC, Stainless steel, Titanium alloy, Heat resistant alloy",T4R-D8R1,,Ti coated,TiAlXN,Mist,60.0,0,8.0,20.0,8.0,4,20.0,8.0,0,0,0,0.0,1.0,0,60,0,0,0,Default,10000,300,100,150,300,True,0,None,millimeters
bull nose end mill,Dreanique,"T4R-D10R0.5 | suitable for Carbon steel, Alloy steel, Prehardened steel 45HRC, Stainless steel, Titanium alloy, Heat resistant alloy",T4R-D10R0.5,,Ti coated,TiAlXN,Mist,75.0,0,10.0,25.0,10.0,4,25.0,10.0,0,0,0,0.0,0.5,0,60,0,0,0,Default,10000,300,100,150,300,True,0,None,millimeters
bull nose end mill,Dreanique,"T4R-D10R1 | suitable for Carbon steel, Alloy steel, Prehardened steel 45HRC, Stainless steel, Titanium alloy, Heat resistant alloy",T4R-D10R1,,Ti coated,TiAlXN,Mist,75.0,0,10.0,25.0,10.0,4,25.0,10.0,0,0,0,0.0,1.0,0,60,0,0,0,Default,10000,300,100,150,300,True,0,None,millimeters
bull nose end mill,Dreanique,"T4R-D10R2 | suitable for Carbon steel, Alloy steel, Prehardened steel 45HRC, Stainless steel, Titanium alloy, Heat resistant alloy",T4R-D10R2,,Ti coated,TiAlXN,Mist,75.0,0,10.0,25.0,10.0,4,25.0,10.0,0,0,0,0.0,2.0,0,60,0,0,0,Default,10000,300,100,150,300,True,0,None,millimeters
bull nose end mill,Dreanique,"T4R-D10R3 | suitable for Carbon steel, Alloy steel, Prehardened steel 45HRC, Stainless steel, Titanium alloy, Heat resistant alloy",T4R-D10R3,,Ti coated,TiAlXN,Mist,75.0,0,10.0,25.0,10.0,4,25.0,10.0,0,0,0,0.0,3.0,0,60,0,0,0,Default,10000,300,100,150,300,True,0,None,millimeters
bull nose end mill,Dreanique,"T4R-D12R0.5 | suitable for Carbon steel, Alloy steel, Prehardened steel 45HRC, Stainless steel, Titanium alloy, Heat resistant alloy",T4R-D12R0.5,,Ti coated,TiAlXN,Mist,75.0,0,12.0,30.0,12.0,4,30.0,12.0,0,0,0,0.0,0.5,0,60,0,0,0,Default,10000,300,100,150,300,True,0,None,millimeters
bull nose end mill,Dreanique,"T4R-D12R1 | suitable for Carbon steel, Alloy steel, Prehardened steel 45HRC, Stainless steel, Titanium alloy, Heat resistant alloy",T4R-D12R1,,Ti coated,TiAlXN,Mist,75.0,0,12.0,30.0,12.0,4,30.0,12.0,0,0,0,0.0,1.0,0,60,0,0,0,Default,10000,300,100,150,300,True,0,None,millimeters
bull nose end mill,Dreanique,"T4R-D12R2 | suitable for Carbon steel, Alloy steel, Prehardened steel 45HRC, Stainless steel, Titanium alloy, Heat resistant alloy",T4R-D12R2,,Ti coated,TiAlXN,Mist,75.0,0,12.0,30.0,12.0,4,30.0,12.0,0,0,0,0.0,2.0,0,60,0,0,0,Default,10000,300,100,150,300,True,0,None,millimeters
bull nose end mill,Dreanique,"T4R-D12R3 | suitable for Carbon steel, Alloy steel, Prehardened steel 45HRC, Stainless steel, Titanium alloy, Heat resistant alloy",T4R-D12R3,,Ti coated,TiAlXN,Mist,75.0,0,12.0,30.0,12.0,4,30.0,12.0,0,0,0,0.0,3.0,0,60,0,0,0,Default,10000,300,100,150,300,True,0,None,millimeters
bull nose end mill,Dreanique,"T4RL-D6R0.5 | suitable for Carbon steel, Alloy steel, Prehardened steel 45HRC, Stainless steel, Titanium alloy, Heat resistant alloy",T4RL-D6R0.5,,Ti coated,TiAlXN,Mist,75.0,0,6.0,16.0,6.0,4,16.0,6.0,0,0,0,0.0,0.5,0,60,0,0,0,Default,10000,300,100,150,300,True,0,None,millimeters
bull nose end mill,Dreanique,"T4RL-D6R1 | suitable for Carbon steel, Alloy steel, Prehardened steel 45HRC, Stainless steel, Titanium alloy, Heat resistant alloy",T4RL-D6R1,,Ti coated,TiAlXN,Mist,75.0,0,6.0,16.0,6.0,4,16.0,6.0,0,0,0,0.0,1.0,0,60,0,0,0,Default,10000,300,100,150,300,True,0,None,millimeters
bull nose end mill,Dreanique,"T4RL-D8R0.5 | suitable for Carbon steel, Alloy steel, Prehardened steel 45HRC, Stainless steel, Titanium alloy, Heat resistant alloy",T4RL-D8R0.5,,Ti coated,TiAlXN,Mist,100.0,0,8.0,20.0,8.0,4,20.0,8.0,0,0,0,0.0,0.5,0,60,0,0,0,Default,10000,300,100,150,300,True,0,None,millimeters
bull nose end mill,Dreanique,"T4RL-D8R1 | suitable for Carbon steel, Alloy steel, Prehardened steel 45HRC, Stainless steel, Titanium alloy, Heat resistant alloy",T4RL-D8R1,,Ti coated,TiAlXN,Mist,100.0,0,8.0,20.0,8.0,4,20.0,8.0,0,0,0,0.0,1.0,0,60,0,0,0,Default,10000,300,100,150,300,True,0,None,millimeters
bull nose end mill,Dreanique,"T4RL-D10R0.5 | suitable for Carbon steel, Alloy steel, Prehardened steel 45HRC, Stainless steel, Titanium alloy, Heat resistant alloy",T4RL-D10R0.5,,Ti coated,TiAlXN,Mist,100.0,0,10.0,25.0,10.0,4,25.0,10.0,0,0,0,0.0,0.5,0,60,0,0,0,Default,10000,300,100,150,300,True,0,None,millimeters
bull nose end mill,Dreanique,"T4RL-D10R1 | suitable for Carbon steel, Alloy steel, Prehardened steel 45HRC, Stainless steel, Titanium alloy, Heat resistant alloy",T4RL-D10R1,,Ti coated,TiAlXN,Mist,100.0,0,10.0,25.0,10.0,4,25.0,10.0,0,0,0,0.0,1.0,0,60,0,0,0,Default,10000,300,100,150,300,True,0,None,millimeters
bull nose end mill,Dreanique,"T4RL-D10R2 | suitable for Carbon steel, Alloy steel, Prehardened steel 45HRC, Stainless steel, Titanium alloy, Heat resistant alloy",T4RL-D10R2,,Ti coated,TiAlXN,Mist,100.0,0,10.0,25.0,10.0,4,25.0,10.0,0,0,0,0.0,2.0,0,60,0,0,0,Default,10000,300,100,150,300,True,0,None,millimeters
bull nose end mill,Dreanique,"T4RL-D12R0.5 | suitable for Carbon steel, Alloy steel, Prehardened steel 45HRC, Stainless steel, Titanium alloy, Heat resistant alloy",T4RL-D12R0.5,,Ti coated,TiAlXN,Mist,100.0,0,12.0,30.0,12.0,4,30.0,12.0,0,0,0,0.0,0.5,0,60,0,0,0,Default,10000,300,100,150,300,True,0,None,millimeters
bull nose end mill,Dreanique,"T4RL-D12R1 | suitable for Carbon steel, Alloy steel, Prehardened steel 45HRC, Stainless steel, Titanium alloy, Heat resistant alloy",T4RL-D12R1,,Ti coated,TiAlXN,Mist,100.0,0,12.0,30.0,12.0,4,30.0,12.0,0,0,0,0.0,1.0,0,60,0,0,0,Default,10000,300,100,150,300,True,0,None,millimeters
bull nose end mill,Dreanique,"T4RL-D12R2 | suitable for Carbon steel, Alloy steel, Prehardened steel 45HRC, Stainless steel, Titanium alloy, Heat resistant alloy",T4RL-D12R2,,Ti coated,TiAlXN,Mist,100.0,0,12.0,30.0,12.0,4,30.0,12.0,0,0,0,0.0,2.0,0,60,0,0,0,Default,10000,300,100,150,300,True,0,None,millimeters
bull nose end mill,Dreanique,"T4RL-D16R1 | suitable for Carbon steel, Alloy steel, Prehardened steel 45HRC, Stainless steel, Titanium alloy, Heat resistant alloy",T4RL-D16R1,,Ti coated,TiAlXN,Mist,150.0,0,16.0,45.0,16.0,4,45.0,16.0,0,0,0,0.0,1.0,0,60,0,0,0,Default,10000,300,100,150,300,True,0,None,millimeters
bull nose end mill,Dreanique,"T4RL-D16R2 | suitable for Carbon steel, Alloy steel, Prehardened steel 45HRC, Stainless steel, Titanium alloy, Heat resistant alloy",T4RL-D16R2,,Ti coated,TiAlXN,Mist,150.0,0,16.0,45.0,16.0,4,45.0,16.0,0,0,0,0.0,2.0,0,60,0,0,0,Default,10000,300,100,150,300,True,0,None,millimeters
thread mill,Dreanique,"TRS-ISO-P0.2-D0.55-H4 | suitable for Carbon steel, Alloy steel, Cast iron, Stainless steel, Prehardened steel, Hardened steel",TRS-ISO-P0.2-D0.55-H4,,Ti coated,TiAlN,Mist,50.0,48.3,4.0,1.5,0.32,2,0.2,0.55,0,0,0,0.0,0.0,0.2,60.0,1,0,0,Default,10000,300,100,150,300,True,0,None,millimeters
thread mill,Dreanique,"TRS-ISO-P0.225-D0.625-H4 | suitable for Carbon steel, Alloy steel, Cast iron, Stainless steel, Prehardened steel, Hardened steel",TRS-ISO-P0.225-D0.625-H4,,Ti coated,TiAlN,Mist,50.0,47.975,4.0,1.8,0.35,2,0.225,0.625,0,0,0,0.0,0.0,0.225,60.0,1,0,0,Default,10000,300,100,150,300,True,0,None,millimeters
thread mill,Dreanique,"TRS-ISO-P0.25-D0.72-H4 | suitable for Carbon steel, Alloy steel, Cast iron, Stainless steel, Prehardened steel, Hardened steel",TRS-ISO-P0.25-D0.72-H4,,Ti coated,TiAlN,Mist,50.0,47.25,4.0,2.5,0.43,2,0.25,0.72,0,0,0,0.0,0.0,0.25,60.0,1,0,0,Default,10000,300,100,150,300,True,0,None,millimeters
thread mill,Dreanique,"TRS-ISO-P0.25-D0.9-H4 | suitable for Carbon steel, Alloy steel, Cast iron, Stainless steel, Prehardened steel, Hardened steel",TRS-ISO-P0.25-D0.9-H4,,Ti coated,TiAlN,Mist,50.0,46.55,4.0,3.2,0.63,2,0.25,0.9,0,0,0,0.0,0.0,0.25,60.0,1,0,0,Default,10000,300,100,150,300,True,0,None,millimeters
thread mill,Dreanique,"TRS-ISO-P0.3-D1.05-H4 | suitable for Carbon steel, Alloy steel, Cast iron, Stainless steel, Prehardened steel, Hardened steel",TRS-ISO-P0.3-D1.05-H4,,Ti coated,TiAlN,Mist,50.0,46.2,4.0,3.5,0.7,3,0.3,1.05,0,0,0,0.0,0.0,0.3,60.0,1,0,0,Default,10000,300,100,150,300,True,0,None,millimeters
thread mill,Dreanique,"TRS-ISO-P0.35-D1.2-H4 | suitable for Carbon steel, Alloy steel, Cast iron, Stainless steel, Prehardened steel, Hardened steel",TRS-ISO-P0.35-D1.2-H4,,Ti coated,TiAlN,Mist,50.0,45.65,4.0,4.0,0.8,3,0.35,1.2,0,0,0,0.0,0.0,0.35,60.0,1,0,0,Default,10000,300,100,150,300,True,0,None,millimeters
thread mill,Dreanique,"TRS-ISO-P0.4-D1.55-H4 | suitable for Carbon steel, Alloy steel, Cast iron, Stainless steel, Prehardened steel, Hardened steel",TRS-ISO-P0.4-D1.55-H4,,Ti coated,TiAlN,Mist,50.0,43.6,4.0,6.0,0.9,3,0.4,1.55,0,0,0,0.0,0.0,0.4,60.0,1,0,0,Default,10000,300,100,150,300,True,0,None,millimeters
thread mill,Dreanique,"TRS-ISO-P0.45-D1.96-H4 | suitable for Carbon steel, Alloy steel, Cast iron, Stainless steel, Prehardened steel, Hardened steel",TRS-ISO-P0.45-D1.96-H4,,Ti coated,TiAlN,Mist,50.0,43.05,4.0,6.5,1.3,4,0.45,1.96,0,0,0,0.0,0.0,0.45,60.0,1,0,0,Default,10000,300,100,150,300,True,0,None,millimeters
thread mill,Dreanique,"TRS-ISO-P0.5-D2.35-H4 | suitable for Carbon steel, Alloy steel, Cast iron, Stainless steel, Prehardened steel, Hardened steel",TRS-ISO-P0.5-D2.35-H4,,Ti coated,TiAlN,Mist,50.0,41.5,4.0,8.0,1.6,4,0.5,2.35,0,0,0,0.0,0.0,0.5,60.0,1,0,0,Default,10000,300,100,150,300,True,0,None,millimeters
thread mill,Dreanique,"TRS-ISO-P0.7-D3.15-H4 | suitable for Carbon steel, Alloy steel, Cast iron, Stainless steel, Prehardened steel, Hardened steel",TRS-ISO-P0.7-D3.15-H4,,Ti coated,TiAlN,Mist,50.0,39.3,4.0,10.0,2.1,4,0.7,3.15,0,0,0,0.0,0.0,0.7,60.0,1,0,0,Default,10000,300,100,150,300,True,0,None,millimeters
thread mill,Dreanique,"TRS-ISO-P0.8-D3.9-H4 | suitable for Carbon steel, Alloy steel, Cast iron, Stainless steel, Prehardened steel, Hardened steel",TRS-ISO-P0.8-D3.9-H4,,Ti coated,TiAlN,Mist,50.0,37.2,4.0,12.0,2.8,4,0.8,3.9,0,0,0,0.0,0.0,0.8,60.0,1,0,0,Default,10000,300,100,150,300,True,0,None,millimeters
thread mill,Dreanique,"TRS-ISO-P1.0-D4.8-H6 | suitable for Carbon steel, Alloy steel, Cast iron, Stainless steel, Prehardened steel, Hardened steel",TRS-ISO-P1.0-D4.8-H6,,Ti coated,TiAlN,Mist,50.0,34.0,6.0,15.0,3.4,4,1.0,4.8,0,0,0,0.0,0.0,1.0,60.0,1,0,0,Default,10000,300,100,150,300,True,0,None,millimeters
thread mill,Dreanique,"TRS-ISO-P1.25-D6.0-H6 | suitable for Carbon steel, Alloy steel, Cast iron, Stainless steel, Prehardened steel, Hardened steel",TRS-ISO-P1.25-D6.0-H6,,Ti coated,TiAlN,Mist,60.0,38.75,6.0,20.0,4.2,4,1.25,6.0,0,0,0,0.0,0.0,1.25,60.0,1,0,0,Default,10000,300,100,150,300,True,0,None,millimeters
thread mill,Dreanique,"TRS-ISO-P1.5-D7.7-H8 | suitable for Carbon steel, Alloy steel, Cast iron, Stainless steel, Prehardened steel, Hardened steel",TRS-ISO-P1.5-D7.7-H8,,Ti coated,TiAlN,Mist,60.0,33.5,8.0,25.0,5.6,4,1.5,7.7,0,0,0,0.0,0.0,1.5,60.0,1,0,0,Default,10000,300,100,150,300,True,0,None,millimeters
thread mill,Dreanique,"TRS-ISO-P1.75-D9.6-H10 | suitable for Carbon steel, Alloy steel, Cast iron, Stainless steel, Prehardened steel, Hardened steel",TRS-ISO-P1.75-D9.6-H10,,Ti coated,TiAlN,Mist,75.0,43.25,10.0,30.0,7.3,4,1.75,9.6,0,0,0,0.0,0.0,1.75,60.0,1,0,0,Default,10000,300,100,150,300,True,0,None,millimeters
thread mill,Dreanique,"TRS-ISO-P2.0-D10-H10 | suitable for Carbon steel, Alloy steel, Cast iron, Stainless steel, Prehardened steel, Hardened steel",TRS-ISO-P2.0-D10-H10,,Ti coated,TiAlN,Mist,75.0,37.0,10.0,36.0,7.3,4,2.0,10.0,0,0,0,0.0,0.0,2.0,60.0,1,0,0,Default,10000,300,100,150,300,True,0,None,millimeters
thread mill,Dreanique,"TRS-ISO-P2.5-D12-H12 | suitable for Carbon steel, Alloy steel, Cast iron, Stainless steel, Prehardened steel, Hardened steel",TRS-ISO-P2.5-D12-H12,,Ti coated,TiAlN,Mist,75.0,34.5,12.0,38.0,8.8,4,2.5,12.0,0,0,0,0.0,0.0,2.5,60.0,1,0,0,Default,10000,300,100,150,300,True,0,None,millimeters
thread mill,Dreanique,"TRS-ISO-P3.0-D14-H14 | suitable for Carbon steel, Alloy steel, Cast iron, Stainless steel, Prehardened steel, Hardened steel",TRS-ISO-P3.0-D14-H14,,Ti coated,TiAlN,Mist,100.0,49.0,14.0,48.0,10.2,6,3.0,14.0,0,0,0,0.0,0.0,3.0,60.0,1,0,0,Default,10000,300,100,150,300,True,0,None,millimeters
thread mill,Dreanique,"TRS-ISO-P3.5-D16-H16 | suitable for Carbon steel, Alloy steel, Cast iron, Stainless steel, Prehardened steel, Hardened steel",TRS-ISO-P3.5-D16-H16,,Ti coated,TiAlN,Mist,100.0,46.5,16.0,50.0,11.5,6,3.5,16.0,0,0,0,0.0,0.0,3.5,60.0,1,0,0,Default,10000,300,100,150,300,True,0,None,millimeters
thread mill,Dreanique,"TRT-ISO-M1.0*0.25-H4 | suitable for Carbon steel, Alloy steel, Cast iron, Stainless steel, Prehardened steel, Hardened steel",TRT-ISO-M1.0*0.25-H4,,Ti coated,AlTiSiN,Mist,50.0,0,4.0,3.0,0.43,3,0.75,0.73,0,0,0,0.0,0.0,0.25,60.0,3,0,0,Default,10000,300,100,150,300,True,0,None,millimeters
thread mill,Dreanique,"TRT-ISO-M1.2*0.25-H4 | suitable for Carbon steel, Alloy steel, Cast iron, Stainless steel, Prehardened steel, Hardened steel",TRT-ISO-M1.2*0.25-H4,,Ti coated,AlTiSiN,Mist,50.0,0,4.0,3.6,0.62,3,0.75,0.92,0,0,0,0.0,0.0,0.25,60.0,3,0,0,Default,10000,300,100,150,300,True,0,None,millimeters
thread mill,Dreanique,"TRT-ISO-M1.4*0.3-H4 | suitable for Carbon steel, Alloy steel, Cast iron, Stainless steel, Prehardened steel, Hardened steel",TRT-ISO-M1.4*0.3-H4,,Ti coated,AlTiSiN,Mist,50.0,0,4.0,4.2,0.65,3,0.8999999999999999,1.05,0,0,0,0.0,0.0,0.3,60.0,3,0,0,Default,10000,300,100,150,300,True,0,None,millimeters
thread mill,Dreanique,"TRT-ISO-M1.6*0.35-H4 | suitable for Carbon steel, Alloy steel, Cast iron, Stainless steel, Prehardened steel, Hardened steel",TRT-ISO-M1.6*0.35-H4,,Ti coated,AlTiSiN,Mist,50.0,0,4.0,4.8,0.78,3,1.0499999999999998,1.2,0,0,0,0.0,0.0,0.35,60.0,3,0,0,Default,10000,300,100,150,300,True,0,None,millimeters
thread mill,Dreanique,"TRT-ISO-M2.0*0.4-H4 | suitable for Carbon steel, Alloy steel, Cast iron, Stainless steel, Prehardened steel, Hardened steel",TRT-ISO-M2.0*0.4-H4,,Ti coated,AlTiSiN,Mist,50.0,0,4.0,6.0,1.05,3,1.2000000000000002,1.55,0,0,0,0.0,0.0,0.4,60.0,3,0,0,Default,10000,300,100,150,300,True,0,None,millimeters
thread mill,Dreanique,"TRT-ISO-M2.5*0.45-H4 | suitable for Carbon steel, Alloy steel, Cast iron, Stainless steel, Prehardened steel, Hardened steel",TRT-ISO-M2.5*0.45-H4,,Ti coated,AlTiSiN,Mist,50.0,0,4.0,7.5,1.45,3,1.35,2.0,0,0,0,0.0,0.0,0.45,60.0,3,0,0,Default,10000,300,100,150,300,True,0,None,millimeters
thread mill,Dreanique,"TRT-ISO-M3.0*0.5-H4 | suitable for Carbon steel, Alloy steel, Cast iron, Stainless steel, Prehardened steel, Hardened steel",TRT-ISO-M3.0*0.5-H4,,Ti coated,AlTiSiN,Mist,50.0,0,4.0,9.0,1.8,3,1.5,2.4,0,0,0,0.0,0.0,0.5,60.0,3,0,0,Default,10000,300,100,150,300,True,0,None,millimeters
thread mill,Dreanique,"TRT-ISO-M4.0*0.7-H4 | suitable for Carbon steel, Alloy steel, Cast iron, Stainless steel, Prehardened steel, Hardened steel",TRT-ISO-M4.0*0.7-H4,,Ti coated,AlTiSiN,Mist,50.0,0,4.0,12.0,2.3,3,2.0999999999999996,3.15,0,0,0,0.0,0.0,0.7,60.0,3,0,0,Default,10000,300,100,150,300,True,0,None,millimeters
thread mill,Dreanique,"TRT-ISO-M5.0*0.8-H4 | suitable for Carbon steel, Alloy steel, Cast iron, Stainless steel, Prehardened steel, Hardened steel",TRT-ISO-M5.0*0.8-H4,,Ti coated,AlTiSiN,Mist,50.0,0,4.0,15.0,3.0,3,2.4000000000000004,4.0,0,0,0,0.0,0.0,0.8,60.0,3,0,0,Default,10000,300,100,150,300,True,0,None,millimeters
thread mill,Dreanique,"TRT-ISO-M6.0*1.0-H6 | suitable for Carbon steel, Alloy steel, Cast iron, Stainless steel, Prehardened steel, Hardened steel",TRT-ISO-M6.0*1.0-H6,,Ti coated,AlTiSiN,Mist,50.0,0,6.0,18.0,3.6,3,3.0,4.8,0,0,0,0.0,0.0,1.0,60.0,3,0,0,Default,10000,300,100,150,300,True,0,None,millimeters
thread mill,Dreanique,"TRT-ISO-M8.0*1.25-H6 | suitable for Carbon steel, Alloy steel, Cast iron, Stainless steel, Prehardened steel, Hardened steel",TRT-ISO-M8.0*1.25-H6,,Ti coated,AlTiSiN,Mist,50.0,0,6.0,24.0,4.5,4,3.75,6.0,0,0,0,0.0,0.0,1.25,60.0,3,0,0,Default,10000,300,100,150,300,True,0,None,millimeters
thread mill,Dreanique,"TRT-ISO-M10*1.5-H8 | suitable for Carbon steel, Alloy steel, Cast iron, Stainless steel, Prehardened steel, Hardened steel",TRT-ISO-M10*1.5-H8,,Ti coated,AlTiSiN,Mist,60.0,0,8.0,30.0,6.2,4,4.5,8.0,0,0,0,0.0,0.0,1.5,60.0,3,0,0,Default,10000,300,100,150,300,True,0,None,millimeters
thread mill,Dreanique,"TRT-ISO-M12*1.75-H10 | suitable for Carbon steel, Alloy steel, Cast iron, Stainless steel, Prehardened steel, Hardened steel",TRT-ISO-M12*1.75-H10,,Ti coated,AlTiSiN,Mist,75.0,0,10.0,36.0,7.8,4,5.25,10.0,0,0,0,0.0,0.0,1.75,60.0,3,0,0,Default,10000,300,100,150,300,True,0,None,millimeters
thread mill,Dreanique,"TRT-UNC-NO.1-64-H4 | suitable for Carbon steel, Alloy steel, Cast iron, Stainless steel, Prehardened steel, Hardened steel",TRT-UNC-NO.1-64-H4,,Ti coated,TiAlN,Mist,50.0,0,4.0,4.0,0.9,3,1.1906999999999999,1.4,0,0,0,0.0,0.0,0.3969,60.0,3,0,0,Default,10000,300,100,150,300,True,0,None,millimeters
thread mill,Dreanique,"TRT-UNF -NO.1-72-H4 | suitable for Carbon steel, Alloy steel, Cast iron, Stainless steel, Prehardened steel, Hardened steel",TRT-UNF -NO.1-72-H4,,Ti coated,TiAlN,Mist,50.0,0,4.0,3.9,1.0,3,1.0584,1.45,0,0,0,0.0,0.0,0.3528,60.0,3,0,0,Default,10000,300,100,150,300,True,0,None,millimeters
thread mill,Dreanique,"TRT-UNC-MNO.2-56-H4 | suitable for Carbon steel, Alloy steel, Cast iron, Stainless steel, Prehardened steel, Hardened steel",TRT-UNC-MNO.2-56-H4,,Ti coated,TiAlN,Mist,50.0,0,4.0,5.0,1.1,3,1.3608,1.65,0,0,0,0.0,0.0,0.4536,60.0,3,0,0,Default,10000,300,100,150,300,True,0,None,millimeters
thread mill,Dreanique,"TRT-UNC-NO.3-48-H4 | suitable for Carbon steel, Alloy steel, Cast iron, Stainless steel, Prehardened steel, Hardened steel",TRT-UNC-NO.3-48-H4,,Ti coated,TiAlN,Mist,50.0,0,4.0,5.0,1.3,3,1.5876000000000001,1.95,0,0,0,0.0,0.0,0.5292,60.0,3,0,0,Default,10000,300,100,150,300,True,0,None,millimeters
thread mill,Dreanique,"TRT-UNF -MNO.3-56-H4 | suitable for Carbon steel, Alloy steel, Cast iron, Stainless steel, Prehardened steel, Hardened steel",TRT-UNF -MNO.3-56-H4,,Ti coated,TiAlN,Mist,50.0,0,4.0,5.3,1.4,3,1.3608,1.95,0,0,0,0.0,0.0,0.4536,60.0,3,0,0,Default,10000,300,100,150,300,True,0,None,millimeters
thread mill,Dreanique,"TRT-UNC-NO.4-40-H4 | suitable for Carbon steel, Alloy steel, Cast iron, Stainless steel, Prehardened steel, Hardened steel",TRT-UNC-NO.4-40-H4,,Ti coated,TiAlN,Mist,50.0,0,4.0,6.0,1.3,3,1.905,2.15,0,0,0,0.0,0.0,0.635,60.0,3,0,0,Default,10000,300,100,150,300,True,0,None,millimeters
thread mill,Dreanique,"TRT-UNF -NO.4-48-H4 | suitable for Carbon steel, Alloy steel, Cast iron, Stainless steel, Prehardened steel, Hardened steel",TRT-UNF -NO.4-48-H4,,Ti coated,TiAlN,Mist,50.0,0,4.0,6.0,1.6,3,1.5876000000000001,2.25,0,0,0,0.0,0.0,0.5292,60.0,3,0,0,Default,10000,300,100,150,300,True,0,None,millimeters
thread mill,Dreanique,"TRT-UNC-NO.5-40-H4 | suitable for Carbon steel, Alloy steel, Cast iron, Stainless steel, Prehardened steel, Hardened steel",TRT-UNC-NO.5-40-H4,,Ti coated,TiAlN,Mist,50.0,0,4.0,7.2,1.6,3,1.905,2.45,0,0,0,0.0,0.0,0.635,60.0,3,0,0,Default,10000,300,100,150,300,True,0,None,millimeters
thread mill,Dreanique,"TRT-UNC-NO.6-32-H4 | suitable for Carbon steel, Alloy steel, Cast iron, Stainless steel, Prehardened steel, Hardened steel",TRT-UNC-NO.6-32-H4,,Ti coated,TiAlN,Mist,50.0,0,4.0,7.5,1.6,3,2.3811,2.65,0,0,0,0.0,0.0,0.7937,60.0,3,0,0,Default,10000,300,100,150,300,True,0,None,millimeters
thread mill,Dreanique,"TRT-UNF -NO.6-40-H4 | suitable for Carbon steel, Alloy steel, Cast iron, Stainless steel, Prehardened steel, Hardened steel",TRT-UNF -NO.6-40-H4,,Ti coated,TiAlN,Mist,50.0,0,4.0,7.2,1.9,3,1.905,2.75,0,0,0,0.0,0.0,0.635,60.0,3,0,0,Default,10000,300,100,150,300,True,0,None,millimeters
thread mill,Dreanique,"TRT-UNC-NO.8-32-H4 | suitable for Carbon steel, Alloy steel, Cast iron, Stainless steel, Prehardened steel, Hardened steel",TRT-UNC-NO.8-32-H4,,Ti coated,TiAlN,Mist,50.0,0,4.0,9.0,2.2,3,2.3811,3.2,0,0,0,0.0,0.0,0.7937,60.0,3,0,0,Default,10000,300,100,150,300,True,0,None,millimeters
thread mill,Dreanique,"TRT-UNF -NO.8-36-H4 | suitable for Carbon steel, Alloy steel, Cast iron, Stainless steel, Prehardened steel, Hardened steel",TRT-UNF -NO.8-36-H4,,Ti coated,TiAlN,Mist,50.0,0,4.0,8.7,2.4,3,2.1168,3.3,0,0,0,0.0,0.0,0.7056,60.0,3,0,0,Default,10000,300,100,150,300,True,0,None,millimeters
thread mill,Dreanique,"TRT-UNC-NO.10-24-H4 | suitable for Carbon steel, Alloy steel, Cast iron, Stainless steel, Prehardened steel, Hardened steel",TRT-UNC-NO.10-24-H4,,Ti coated,TiAlN,Mist,50.0,0,4.0,10.0,2.4,3,3.1749,3.7,0,0,0,0.0,0.0,1.0583,60.0,3,0,0,Default,10000,300,100,150,300,True,0,None,millimeters
thread mill,Dreanique,"TRT-UNF -NO.10-32-H4 | suitable for Carbon steel, Alloy steel, Cast iron, Stainless steel, Prehardened steel, Hardened steel",TRT-UNF -NO.10-32-H4,,Ti coated,TiAlN,Mist,50.0,0,4.0,10.0,2.9,3,2.3811,3.9,0,0,0,0.0,0.0,0.7937,60.0,3,0,0,Default,10000,300,100,150,300,True,0,None,millimeters
thread mill,Dreanique,"TRT-UNC-1/4""-20-H6 | suitable for Carbon steel, Alloy steel, Cast iron, Stainless steel, Prehardened steel, Hardened steel","TRT-UNC-1/4""-20-H6",,Ti coated,TiAlN,Mist,50.0,0,6.0,12.0,3.3,3,3.81,4.9,0,0,0,0.0,0.0,1.27,60.0,3,0,0,Default,10000,300,100,150,300,True,0,None,millimeters
thread mill,Dreanique,"TRT-UNF -1/4""-28-H6 | suitable for Carbon steel, Alloy steel, Cast iron, Stainless steel, Prehardened steel, Hardened steel","TRT-UNF -1/4""-28-H6",,Ti coated,TiAlN,Mist,50.0,0,6.0,12.0,4.2,3,2.7213000000000003,5.3,0,0,0,0.0,0.0,0.9071,60.0,3,0,0,Default,10000,300,100,150,300,True,0,None,millimeters
thread mill,Dreanique,"TRT-UNC-3/8""-16-H8 | suitable for Carbon steel, Alloy steel, Cast iron, Stainless steel, Prehardened steel, Hardened steel","TRT-UNC-3/8""-16-H8",,Ti coated,TiAlN,Mist,60.0,0,8.0,18.0,4.7,4,4.762499999999999,6.4,0,0,0,0.0,0.0,1.5875,60.0,3,0,0,Default,10000,300,100,150,300,True,0,None,millimeters
thread mill,Dreanique,"TRT-UNC-5/16""-18-H8 | suitable for Carbon steel, Alloy steel, Cast iron, Stainless steel, Prehardened steel, Hardened steel","TRT-UNC-5/16""-18-H8",,Ti coated,TiAlN,Mist,60.0,0,8.0,20.0,5.85,4,4.2333,7.8,0,0,0,0.0,0.0,1.4111,60.0,3,0,0,Default,10000,300,100,150,300,True,0,None,millimeters
thread mill,Dreanique,"TRT-UNC-7/16""-14-H10 | suitable for Carbon steel, Alloy steel, Cast iron, Stainless steel, Prehardened steel, Hardened steel","TRT-UNC-7/16""-14-H10",,Ti coated,TiAlN,Mist,75.0,0,10.0,24.0,7.0,4,5.4429,9.2,0,0,0,0.0,0.0,1.8143,60.0,3,0,0,Default,10000,300,100,150,300,True,0,None,millimeters
thread mill,Dreanique,"TRT-UNF -7/16""-20-H10 | suitable for Carbon steel, Alloy steel, Cast iron, Stainless steel, Prehardened steel, Hardened steel","TRT-UNF -7/16""-20-H10",,Ti coated,TiAlN,Mist,75.0,0,10.0,24.0,7.9,4,3.81,9.5,0,0,0,0.0,0.0,1.27,60.0,3,0,0,Default,10000,300,100,150,300,True,0,None,millimeters
thread mill,Dreanique,"TRT-UNC-1/2""-13-H10 | suitable for Carbon steel, Alloy steel, Cast iron, Stainless steel, Prehardened steel, Hardened steel","TRT-UNC-1/2""-13-H10",,Ti coated,TiAlN,Mist,75.0,0,10.0,24.0,7.5,4,5.8614,10.0,0,0,0,0.0,0.0,1.9538,60.0,3,0,0,Default,10000,300,100,150,300,True,0,None,millimeters
thread mill,Dreanique,"TRZ-ISO-M2*0.4-H4 | suitable for Carbon steel, Alloy steel, Cast iron, Stainless steel, Prehardened steel, Hardened steel",TRZ-ISO-M2*0.4-H4,,Ti coated,TiAlN,Mist,50.0,0,4.0,4.0,1.55,3,4.0,1.55,0,0,0,0.0,0.0,0.4,60.0,0,0,0,Default,10000,300,100,150,300,True,0,None,millimeters
thread mill,Dreanique,"TRZ-ISO-M2.5*0.45-H4 | suitable for Carbon steel, Alloy steel, Cast iron, Stainless steel, Prehardened steel, Hardened steel",TRZ-ISO-M2.5*0.45-H4,,Ti coated,TiAlN,Mist,50.0,0,4.0,5.0,2.0,3,5.0,2.0,0,0,0,0.0,0.0,0.45,60.0,0,0,0,Default,10000,300,100,150,300,True,0,None,millimeters
thread mill,Dreanique,"TRZ-ISO-M3*0.5-H4 | suitable for Carbon steel, Alloy steel, Cast iron, Stainless steel, Prehardened steel, Hardened steel",TRZ-ISO-M3*0.5-H4,,Ti coated,TiAlN,Mist,50.0,0,4.0,6.0,2.4,4,6.0,2.4,0,0,0,0.0,0.0,0.5,60.0,0,0,0,Default,10000,300,100,150,300,True,0,None,millimeters
thread mill,Dreanique,"TRZ-ISO-M4*0.7-H4 | suitable for Carbon steel, Alloy steel, Cast iron, Stainless steel, Prehardened steel, Hardened steel",TRZ-ISO-M4*0.7-H4,,Ti coated,TiAlN,Mist,50.0,0,4.0,8.0,3.15,4,8.0,3.15,0,0,0,0.0,0.0,0.7,60.0,0,0,0,Default,10000,300,100,150,300,True,0,None,millimeters
thread mill,Dreanique,"TRZ-ISO-M5*0.5-H4 | suitable for Carbon steel, Alloy steel, Cast iron, Stainless steel, Prehardened steel, Hardened steel",TRZ-ISO-M5*0.5-H4,,Ti coated,TiAlN,Mist,50.0,0,4.0,10.0,4.0,3,10.0,4.0,0,0,0,0.0,0.0,0.5,60.0,0,0,0,Default,10000,300,100,150,300,True,0,None,millimeters
thread mill,Dreanique,"TRZ-ISO-M5*0.75-H4 | suitable for Carbon steel, Alloy steel, Cast iron, Stainless steel, Prehardened steel, Hardened steel",TRZ-ISO-M5*0.75-H4,,Ti coated,TiAlN,Mist,50.0,0,4.0,10.0,4.0,3,10.0,4.0,0,0,0,0.0,0.0,0.75,60.0,0,0,0,Default,10000,300,100,150,300,True,0,None,millimeters
thread mill,Dreanique,"TRZ-ISO-M5*0.8-H4 | suitable for Carbon steel, Alloy steel, Cast iron, Stainless steel, Prehardened steel, Hardened steel",TRZ-ISO-M5*0.8-H4,,Ti coated,TiAlN,Mist,50.0,0,4.0,10.0,4.0,4,10.0,4.0,0,0,0,0.0,0.0,0.8,60.0,0,0,0,Default,10000,300,100,150,300,True,0,None,millimeters
thread mill,Dreanique,"TRZ-ISO-M6*0.75-H6 | suitable for Carbon steel, Alloy steel, Cast iron, Stainless steel, Prehardened steel, Hardened steel",TRZ-ISO-M6*0.75-H6,,Ti coated,TiAlN,Mist,60.0,0,6.0,12.0,4.8,3,12.0,4.8,0,0,0,0.0,0.0,0.75,60.0,0,0,0,Default,10000,300,100,150,300,True,0,None,millimeters
thread mill,Dreanique,"TRZ-ISO-M6*1.0-H6 | suitable for Carbon steel, Alloy steel, Cast iron, Stainless steel, Prehardened steel, Hardened steel",TRZ-ISO-M6*1.0-H6,,Ti coated,TiAlN,Mist,60.0,0,6.0,12.0,4.8,4,12.0,4.8,0,0,0,0.0,0.0,1.0,60.0,0,0,0,Default,10000,300,100,150,300,True,0,None,millimeters
thread mill,Dreanique,"TRZ-ISO-M8*0.5-H6 | suitable for Carbon steel, Alloy steel, Cast iron, Stainless steel, Prehardened steel, Hardened steel",TRZ-ISO-M8*0.5-H6,,Ti coated,TiAlN,Mist,60.0,0,6.0,16.0,6.0,3,16.0,6.0,0,0,0,0.0,0.0,0.5,60.0,0,0,0,Default,10000,300,100,150,300,True,0,None,millimeters
thread mill,Dreanique,"TRZ-ISO-M8*0.75-H6 | suitable for Carbon steel, Alloy steel, Cast iron, Stainless steel, Prehardened steel, Hardened steel",TRZ-ISO-M8*0.75-H6,,Ti coated,TiAlN,Mist,60.0,0,6.0,16.0,6.0,3,16.0,6.0,0,0,0,0.0,0.0,0.75,60.0,0,0,0,Default,10000,300,100,150,300,True,0,None,millimeters
thread mill,Dreanique,"TRZ-ISO-M8*1.0-H6 | suitable for Carbon steel, Alloy steel, Cast iron, Stainless steel, Prehardened steel, Hardened steel",TRZ-ISO-M8*1.0-H6,,Ti coated,TiAlN,Mist,60.0,0,6.0,16.0,6.0,3,16.0,6.0,0,0,0,0.0,0.0,1.0,60.0,0,0,0,Default,10000,300,100,150,300,True,0,None,millimeters
thread mill,Dreanique,"TRZ-ISO-M8*1.25-H6 | suitable for Carbon steel, Alloy steel, Cast iron, Stainless steel, Prehardened steel, Hardened steel",TRZ-ISO-M8*1.25-H6,,Ti coated,TiAlN,Mist,60.0,0,6.0,16.0,6.0,4,16.0,6.0,0,0,0,0.0,0.0,1.25,60.0,0,0,0,Default,10000,300,100,150,300,True,0,None,millimeters
thread mill,Dreanique,"TRZ-ISO-M10*1.0-H8 | suitable for Carbon steel, Alloy steel, Cast iron, Stainless steel, Prehardened steel, Hardened steel",TRZ-ISO-M10*1.0-H8,,Ti coated,TiAlN,Mist,60.0,0,8.0,20.0,8.0,4,20.0,8.0,0,0,0,0.0,0.0,1.0,60.0,0,0,0,Default,10000,300,100,150,300,True,0,None,millimeters
thread mill,Dreanique,"TRZ-ISO-M10*1.25-H8 | suitable for Carbon steel, Alloy steel, Cast iron, Stainless steel, Prehardened steel, Hardened steel",TRZ-ISO-M10*1.25-H8,,Ti coated,TiAlN,Mist,60.0,0,8.0,20.0,8.0,4,20.0,8.0,0,0,0,0.0,0.0,1.25,60.0,0,0,0,Default,10000,300,100,150,300,True,0,None,millimeters
thread mill,Dreanique,"TRZ-ISO-M10*1.5-H8 | suitable for Carbon steel, Alloy steel, Cast iron, Stainless steel, Prehardened steel, Hardened steel",TRZ-ISO-M10*1.5-H8,,Ti coated,TiAlN,Mist,60.0,0,8.0,20.0,8.0,4,20.0,8.0,0,0,0,0.0,0.0,1.5,60.0,0,0,0,Default,10000,300,100,150,300,True,0,None,millimeters
thread mill,Dreanique,"TRZ-ISO-M12*0.5-H10 | suitable for Carbon steel, Alloy steel, Cast iron, Stainless steel, Prehardened steel, Hardened steel",TRZ-ISO-M12*0.5-H10,,Ti coated,TiAlN,Mist,75.0,0,10.0,24.0,10.0,4,24.0,10.0,0,0,0,0.0,0.0,0.5,60.0,0,0,0,Default,10000,300,100,150,300,True,0,None,millimeters
thread mill,Dreanique,"TRZ-ISO-M12*0.75-H10 | suitable for Carbon steel, Alloy steel, Cast iron, Stainless steel, Prehardened steel, Hardened steel",TRZ-ISO-M12*0.75-H10,,Ti coated,TiAlN,Mist,75.0,0,10.0,24.0,10.0,4,24.0,10.0,0,0,0,0.0,0.0,0.75,60.0,0,0,0,Default,10000,300,100,150,300,True,0,None,millimeters
thread mill,Dreanique,"TRZ-ISO-M12*1.0-H10 | suitable for Carbon steel, Alloy steel, Cast iron, Stainless steel, Prehardened steel, Hardened steel",TRZ-ISO-M12*1.0-H10,,Ti coated,TiAlN,Mist,75.0,0,10.0,24.0,10.0,4,24.0,10.0,0,0,0,0.0,0.0,1.0,60.0,0,0,0,Default,10000,300,100,150,300,True,0,None,millimeters
thread mill,Dreanique,"TRZ-ISO-M12*1.25-H10 | suitable for Carbon steel, Alloy steel, Cast iron, Stainless steel, Prehardened steel, Hardened steel",TRZ-ISO-M12*1.25-H10,,Ti coated,TiAlN,Mist,75.0,0,10.0,24.0,10.0,4,24.0,10.0,0,0,0,0.0,0.0,1.25,60.0,0,0,0,Default,10000,300,100,150,300,True,0,None,millimeters
thread mill,Dreanique,"TRZ-ISO-M12*1.5-H10 | suitable for Carbon steel, Alloy steel, Cast iron, Stainless steel, Prehardened steel, Hardened steel",TRZ-ISO-M12*1.5-H10,,Ti coated,TiAlN,Mist,75.0,0,10.0,24.0,10.0,4,24.0,10.0,0,0,0,0.0,0.0,1.5,60.0,0,0,0,Default,10000,300,100,150,300,True,0,None,millimeters
thread mill,Dreanique,"TRZ-ISO-M12*1.75-H10 | suitable for Carbon steel, Alloy steel, Cast iron, Stainless steel, Prehardened steel, Hardened steel",TRZ-ISO-M12*1.75-H10,,Ti coated,TiAlN,Mist,75.0,0,10.0,24.0,10.0,4,24.0,10.0,0,0,0,0.0,0.0,1.75,60.0,0,0,0,Default,10000,300,100,150,300,True,0,None,millimeters
thread mill,Dreanique,"TRZ-ISO-M14*2.0-H12 | suitable for Carbon steel, Alloy steel, Cast iron, Stainless steel, Prehardened steel, Hardened steel",TRZ-ISO-M14*2.0-H12,,Ti coated,TiAlN,Mist,75.0,0,12.0,28.0,11.6,4,28.0,11.6,0,0,0,0.0,0.0,2.0,60.0,0,0,0,Default,10000,300,100,150,300,True,0,None,millimeters
thread mill,Dreanique,"TRZ-ISO-M14*1.0-H12 | suitable for Carbon steel, Alloy steel, Cast iron, Stainless steel, Prehardened steel, Hardened steel",TRZ-ISO-M14*1.0-H12,,Ti coated,TiAlN,Mist,75.0,0,12.0,28.0,12.0,4,28.0,12.0,0,0,0,0.0,0.0,1.0,60.0,0,0,0,Default,10000,300,100,150,300,True,0,None,millimeters
thread mill,Dreanique,"TRZ-ISO-M14*1.5-H12 | suitable for Carbon steel, Alloy steel, Cast iron, Stainless steel, Prehardened steel, Hardened steel",TRZ-ISO-M14*1.5-H12,,Ti coated,TiAlN,Mist,75.0,0,12.0,28.0,12.0,4,28.0,12.0,0,0,0,0.0,0.0,1.5,60.0,0,0,0,Default,10000,300,100,150,300,True,0,None,millimeters
thread mill,Dreanique,"TRZ-ISO-M16*2.0-H14 | suitable for Carbon steel, Alloy steel, Cast iron, Stainless steel, Prehardened steel, Hardened steel",TRZ-ISO-M16*2.0-H14,,Ti coated,TiAlN,Mist,100.0,0,14.0,32.0,13.0,4,32.0,13.0,0,0,0,0.0,0.0,2.0,60.0,0,0,0,Default,10000,300,100,150,300,True,0,None,millimeters
thread mill,Dreanique,"TRZ-ISO-M16*1.5-H14 | suitable for Carbon steel, Alloy steel, Cast iron, Stainless steel, Prehardened steel, Hardened steel",TRZ-ISO-M16*1.5-H14,,Ti coated,TiAlN,Mist,100.0,0,14.0,32.0,14.0,4,32.0,14.0,0,0,0,0.0,0.0,1.5,60.0,0,0,0,Default,10000,300,100,150,300,True,0,None,millimeters
thread mill,Dreanique,"TRZ-ISO-M18*2.5-H16 | suitable for Carbon steel, Alloy steel, Cast iron, Stainless steel, Prehardened steel, Hardened steel",TRZ-ISO-M18*2.5-H16,,Ti coated,TiAlN,Mist,100.0,0,16.0,38.0,14.8,4,38.0,14.8,0,0,0,0.0,0.0,2.5,60.0,0,0,0,Default,10000,300,100,150,300,True,0,None,millimeters
thread mill,Dreanique,"TRZ-ISO-M20*1.5-H16 | suitable for Carbon steel, Alloy steel, Cast iron, Stainless steel, Prehardened steel, Hardened steel",TRZ-ISO-M20*1.5-H16,,Ti coated,TiAlN,Mist,100.0,0,16.0,38.0,16.0,4,38.0,16.0,0,0,0,0.0,0.0,1.5,60.0,0,0,0,Default,10000,300,100,150,300,True,0,None,millimeters
thread mill,Dreanique,"TRZ-ISO-M20*2.5-H16 | suitable for Carbon steel, Alloy steel, Cast iron, Stainless steel, Prehardened steel, Hardened steel",TRZ-ISO-M20*2.5-H16,,Ti coated,TiAlN,Mist,100.0,0,16.0,42.0,16.0,4,42.0,16.0,0,0,0,0.0,0.0,2.5,60.0,0,0,0,Default,10000,300,100,150,300,True,0,None,millimeters
thread mill,Dreanique,"TRZ-ISO-M24*3.0-H16 | suitable for Carbon steel, Alloy steel, Cast iron, Stainless steel, Prehardened steel, Hardened steel",TRZ-ISO-M24*3.0-H16,,Ti coated,TiAlN,Mist,100.0,0,16.0,42.0,16.0,4,42.0,16.0,0,0,0,0.0,0.0,3.0,60.0,0,0,0,Default,10000,300,100,150,300,True,0,None,millimeters
thread mill,Dreanique,"TRZ-BSPT-1/16-28-H6 | suitable for Carbon steel, Alloy steel, Cast iron, Stainless steel, Prehardened steel, Hardened steel",TRZ-BSPT-1/16-28-H6,,Ti coated,TiAlN,Mist,60.0,0,6.0,9.9,5.3,4,9.9,5.3,0,0,0,0.0,0.0,0.9071,55.0,0,0,0,Default,10000,300,100,150,300,True,0,None,millimeters
thread mill,Dreanique,"TRZ-BSP-1/16-28-H6 | suitable for Carbon steel, Alloy steel, Cast iron, Stainless steel, Prehardened steel, Hardened steel",TRZ-BSP-1/16-28-H6,,Ti coated,TiAlN,Mist,60.0,0,6.0,14.0,6.0,4,14.0,6.0,0,0,0,0.0,0.0,0.9071,55.0,0,0,0,Default,10000,300,100,150,300,True,0,None,millimeters
thread mill,Dreanique,"TRZ-BSPT-1/4-19-H8 | suitable for Carbon steel, Alloy steel, Cast iron, Stainless steel, Prehardened steel, Hardened steel",TRZ-BSPT-1/4-19-H8,,Ti coated,TiAlN,Mist,60.0,0,8.0,14.0,7.0,4,14.0,7.0,0,0,0,0.0,0.0,1.3368,55.0,0,0,0,Default,10000,300,100,150,300,True,0,None,millimeters
thread mill,Dreanique,"TRZ-BSPT-1/8-28-H8 | suitable for Carbon steel, Alloy steel, Cast iron, Stainless steel, Prehardened steel, Hardened steel",TRZ-BSPT-1/8-28-H8,,Ti coated,TiAlN,Mist,60.0,0,8.0,9.9,7.3,4,9.9,7.3,0,0,0,0.0,0.0,0.9071,55.0,0,0,0,Default,10000,300,100,150,300,True,0,None,millimeters
thread mill,Dreanique,"TRZ-BSP-1/4-19-H8 | suitable for Carbon steel, Alloy steel, Cast iron, Stainless steel, Prehardened steel, Hardened steel",TRZ-BSP-1/4-19-H8,,Ti coated,TiAlN,Mist,60.0,0,8.0,18.0,8.0,4,18.0,8.0,0,0,0,0.0,0.0,1.3368,55.0,0,0,0,Default,10000,300,100,150,300,True,0,None,millimeters
thread mill,Dreanique,"TRZ-BSP-1/8-28-H8 | suitable for Carbon steel, Alloy steel, Cast iron, Stainless steel, Prehardened steel, Hardened steel",TRZ-BSP-1/8-28-H8,,Ti coated,TiAlN,Mist,60.0,0,8.0,14.0,8.0,4,14.0,8.0,0,0,0,0.0,0.0,0.9071,55.0,0,0,0,Default,10000,300,100,150,300,True,0,None,millimeters
thread mill,Dreanique,"TRZ-BSPT-1/4-19-H10 | suitable for Carbon steel, Alloy steel, Cast iron, Stainless steel, Prehardened steel, Hardened steel",TRZ-BSPT-1/4-19-H10,,Ti coated,TiAlN,Mist,75.0,0,10.0,15.0,9.0,4,15.0,9.0,0,0,0,0.0,0.0,1.3368,55.0,0,0,0,Default,10000,300,100,150,300,True,0,None,millimeters
thread mill,Dreanique,"TRZ-BSP-1/4-19-H10 | suitable for Carbon steel, Alloy steel, Cast iron, Stainless steel, Prehardened steel, Hardened steel",TRZ-BSP-1/4-19-H10,,Ti coated,TiAlN,Mist,75.0,0,10.0,20.0,10.0,4,20.0,10.0,0,0,0,0.0,0.0,1.3368,55.0,0,0,0,Default,10000,300,100,150,300,True,0,None,millimeters
thread mill,Dreanique,"TRZ-BSPT- 1/2-14-H12 | suitable for Carbon steel, Alloy steel, Cast iron, Stainless steel, Prehardened steel, Hardened steel",TRZ-BSPT- 1/2-14-H12,,Ti coated,TiAlN,Mist,75.0,0,12.0,19.0,10.8,4,19.0,10.8,0,0,0,0.0,0.0,1.8143,55.0,0,0,0,Default,10000,300,100,150,300,True,0,None,millimeters
thread mill,Dreanique,"TRZ-BSPT-3/8-19-H12 | suitable for Carbon steel, Alloy steel, Cast iron, Stainless steel, Prehardened steel, Hardened steel",TRZ-BSPT-3/8-19-H12,,Ti coated,TiAlN,Mist,75.0,0,12.0,14.0,11.0,4,14.0,11.0,0,0,0,0.0,0.0,1.3368,55.0,0,0,0,Default,10000,300,100,150,300,True,0,None,millimeters
thread mill,Dreanique,"TRZ-BSP- 1/2-14-H12 | suitable for Carbon steel, Alloy steel, Cast iron, Stainless steel, Prehardened steel, Hardened steel",TRZ-BSP- 1/2-14-H12,,Ti coated,TiAlN,Mist,75.0,0,12.0,20.0,12.0,4,20.0,12.0,0,0,0,0.0,0.0,1.8143,55.0,0,0,0,Default,10000,300,100,150,300,True,0,None,millimeters
thread mill,Dreanique,"TRZ-BSP-3/8-19-H12 | suitable for Carbon steel, Alloy steel, Cast iron, Stainless steel, Prehardened steel, Hardened steel",TRZ-BSP-3/8-19-H12,,Ti coated,TiAlN,Mist,75.0,0,12.0,25.0,12.0,4,25.0,12.0,0,0,0,0.0,0.0,1.3368,55.0,0,0,0,Default,10000,300,100,150,300,True,0,None,millimeters
thread mill,Dreanique,"TRZ-BSPT- 1″-11-H16 | suitable for Carbon steel, Alloy steel, Cast iron, Stainless steel, Prehardened steel, Hardened steel",TRZ-BSPT- 1″-11-H16,,Ti coated,TiAlN,Mist,100.0,0,16.0,27.0,14.3,4,27.0,14.3,0,0,0,0.0,0.0,2.3091,55.0,0,0,0,Default,10000,300,100,150,300,True,0,None,millimeters
thread mill,Dreanique,"TRZ-BSPT- 3/4-14-H16 | suitable for Carbon steel, Alloy steel, Cast iron, Stainless steel, Prehardened steel, Hardened steel",TRZ-BSPT- 3/4-14-H16,,Ti coated,TiAlN,Mist,100.0,0,16.0,21.0,14.6,4,21.0,14.6,0,0,0,0.0,0.0,1.8143,55.0,0,0,0,Default,10000,300,100,150,300,True,0,None,millimeters
thread mill,Dreanique,"TRZ-BSP- 1″-11-H16 | suitable for Carbon steel, Alloy steel, Cast iron, Stainless steel, Prehardened steel, Hardened steel",TRZ-BSP- 1″-11-H16,,Ti coated,TiAlN,Mist,100.0,0,16.0,32.0,16.0,4,32.0,16.0,0,0,0,0.0,0.0,2.3091,55.0,0,0,0,Default,10000,300,100,150,300,True,0,None,millimeters
thread mill,Dreanique,"TRZ-BSP- 3/4-14-H16 | suitable for Carbon steel, Alloy steel, Cast iron, Stainless steel, Prehardened steel, Hardened steel",TRZ-BSP- 3/4-14-H16,,Ti coated,TiAlN,Mist,100.0,0,16.0,30.0,16.0,4,30.0,16.0,0,0,0,0.0,0.0,1.8143,55.0,0,0,0,Default,10000,300,100,150,300,True,0,None,millimeters
thread mill,Dreanique,"TRZ-BSPT-1″-11-H20 | suitable for Carbon steel, Alloy steel, Cast iron, Stainless steel, Prehardened steel, Hardened steel",TRZ-BSPT-1″-11-H20,,Ti coated,TiAlN,Mist,100.0,0,20.0,42.0,17.38,5,42.0,17.38,0,0,0,0.0,0.0,2.3091,55.0,0,0,0,Default,10000,300,100,150,300,True,0,None,millimeters
thread mill,Dreanique,"TRZ-BSP-1″-11-H20 | suitable for Carbon steel, Alloy steel, Cast iron, Stainless steel, Prehardened steel, Hardened steel",TRZ-BSP-1″-11-H20,,Ti coated,TiAlN,Mist,100.0,0,20.0,45.0,20.0,5,45.0,20.0,0,0,0,0.0,0.0,2.3091,55.0,0,0,0,Default,10000,300,100,150,300,True,0,None,millimeters
thread mill,Dreanique,"TRZ-NPT-1/16-27-H6 | suitable for Carbon steel, Alloy steel, Cast iron, Stainless steel, Prehardened steel, Hardened steel",TRZ-NPT-1/16-27-H6,,Ti coated,TiAlN,Mist,60.0,0,6.0,9.4,5.4,4,9.4,5.4,0,0,0,0.0,0.0,0.9407,60.0,0,0,0,Default,10000,300,100,150,300,True,0,None,millimeters
thread mill,Dreanique,"TRZ-NPT-1/4-18-H8 | suitable for Carbon steel, Alloy steel, Cast iron, Stainless steel, Prehardened steel, Hardened steel",TRZ-NPT-1/4-18-H8,,Ti coated,TiAlN,Mist,60.0,0,8.0,14.1,7.1,4,14.1,7.1,0,0,0,0.0,0.0,1.4111,60.0,0,0,0,Default,10000,300,100,150,300,True,0,None,millimeters
thread mill,Dreanique,"TRZ-NPT-1/8-27-H8 | suitable for Carbon steel, Alloy steel, Cast iron, Stainless steel, Prehardened steel, Hardened steel",TRZ-NPT-1/8-27-H8,,Ti coated,TiAlN,Mist,60.0,0,8.0,9.4,7.4,4,9.4,7.4,0,0,0,0.0,0.0,0.9407,60.0,0,0,0,Default,10000,300,100,150,300,True,0,None,millimeters
thread mill,Dreanique,"TRZ-NPT-1/4-18-H10 | suitable for Carbon steel, Alloy steel, Cast iron, Stainless steel, Prehardened steel, Hardened steel",TRZ-NPT-1/4-18-H10,,Ti coated,TiAlN,Mist,75.0,0,10.0,14.1,9.1,4,14.1,9.1,0,0,0,0.0,0.0,1.4111,60.0,0,0,0,Default,10000,300,100,150,300,True,0,None,millimeters
thread mill,Dreanique,"TRZ-NPT-1/2-14-H12 | suitable for Carbon steel, Alloy steel, Cast iron, Stainless steel, Prehardened steel, Hardened steel",TRZ-NPT-1/2-14-H12,,Ti coated,TiAlN,Mist,75.0,0,12.0,18.1,10.8,4,18.1,10.8,0,0,0,0.0,0.0,1.8143,60.0,0,0,0,Default,10000,300,100,150,300,True,0,None,millimeters
thread mill,Dreanique,"TRZ-NPT-3/8-18-H12 | suitable for Carbon steel, Alloy steel, Cast iron, Stainless steel, Prehardened steel, Hardened steel",TRZ-NPT-3/8-18-H12,,Ti coated,TiAlN,Mist,75.0,0,12.0,14.1,11.1,4,14.1,11.1,0,0,0,0.0,0.0,1.4111,60.0,0,0,0,Default,10000,300,100,150,300,True,0,None,millimeters
thread mill,Dreanique,"TRZ-NPT-1″-11.5-H16 | suitable for Carbon steel, Alloy steel, Cast iron, Stainless steel, Prehardened steel, Hardened steel",TRZ-NPT-1″-11.5-H16,,Ti coated,TiAlN,Mist,100.0,0,16.0,22.0,14.6,4,22.0,14.6,0,0,0,0.0,0.0,2.2087,60.0,0,0,0,Default,10000,300,100,150,300,True,0,None,millimeters
thread mill,Dreanique,"TRZ-NPT-3/4-14-H16 | suitable for Carbon steel, Alloy steel, Cast iron, Stainless steel, Prehardened steel, Hardened steel",TRZ-NPT-3/4-14-H16,,Ti coated,TiAlN,Mist,100.0,0,16.0,18.1,14.8,4,18.1,14.8,0,0,0,0.0,0.0,1.8143,60.0,0,0,0,Default,10000,300,100,150,300,True,0,None,millimeters
thread mill,Dreanique,"TRZ-NPT-1″-11.5-H20 | suitable for Carbon steel, Alloy steel, Cast iron, Stainless steel, Prehardened steel, Hardened steel",TRZ-NPT-1″-11.5-H20,,Ti coated,TiAlN,Mist,100.0,0,20.0,42.0,17.38,4,42.0,17.38,0,0,0,0.0,0.0,2.2087,60.0,0,0,0,Default,10000,300,100,150,300,True,0,None,millimeters
thread mill,Dreanique,"TRZ-NPTF-1/16-27-H6 | suitable for Carbon steel, Alloy steel, Cast iron, Stainless steel, Prehardened steel, Hardened steel",TRZ-NPTF-1/16-27-H6,,Ti coated,TiAlN,Mist,60.0,0,6.0,9.4,5.4,4,9.4,5.4,0,0,0,0.0,0.0,0.9407,60.0,0,0,0,Default,10000,300,100,150,300,True,0,None,millimeters
thread mill,Dreanique,"TRZ-NPTF-1/4-18-H8 | suitable for Carbon steel, Alloy steel, Cast iron, Stainless steel, Prehardened steel, Hardened steel",TRZ-NPTF-1/4-18-H8,,Ti coated,TiAlN,Mist,60.0,0,8.0,14.1,7.1,4,14.1,7.1,0,0,0,0.0,0.0,1.4111,60.0,0,0,0,Default,10000,300,100,150,300,True,0,None,millimeters
thread mill,Dreanique,"TRZ-NPTF-1/8-27-H8 | suitable for Carbon steel, Alloy steel, Cast iron, Stainless steel, Prehardened steel, Hardened steel",TRZ-NPTF-1/8-27-H8,,Ti coated,TiAlN,Mist,60.0,0,8.0,9.4,7.4,4,9.4,7.4,0,0,0,0.0,0.0,0.9407,60.0,0,0,0,Default,10000,300,100,150,300,True,0,None,millimeters
thread mill,Dreanique,"TRZ-NPTF-1/4-18-H10 | suitable for Carbon steel, Alloy steel, Cast iron, Stainless steel, Prehardened steel, Hardened steel",TRZ-NPTF-1/4-18-H10,,Ti coated,TiAlN,Mist,75.0,0,10.0,14.1,9.1,4,14.1,9.1,0,0,0,0.0,0.0,1.4111,60.0,0,0,0,Default,10000,300,100,150,300,True,0,None,millimeters
thread mill,Dreanique,"TRZ-NPTF-1/2-14-H12 | suitable for Carbon steel, Alloy steel, Cast iron, Stainless steel, Prehardened steel, Hardened steel",TRZ-NPTF-1/2-14-H12,,Ti coated,TiAlN,Mist,75.0,0,12.0,18.1,10.8,4,18.1,10.8,0,0,0,0.0,0.0,1.8143,60.0,0,0,0,Default,10000,300,100,150,300,True,0,None,millimeters
thread mill,Dreanique,"TRZ-NPTF-3/8-18-H12 | suitable for Carbon steel, Alloy steel, Cast iron, Stainless steel, Prehardened steel, Hardened steel",TRZ-NPTF-3/8-18-H12,,Ti coated,TiAlN,Mist,75.0,0,12.0,14.1,11.1,4,14.1,11.1,0,0,0,0.0,0.0,1.4111,60.0,0,0,0,Default,10000,300,100,150,300,True,0,None,millimeters
thread mill,Dreanique,"TRZ-NPTF-1″-11.5-H16 | suitable for Carbon steel, Alloy steel, Cast iron, Stainless steel, Prehardened steel, Hardened steel",TRZ-NPTF-1″-11.5-H16,,Ti coated,TiAlN,Mist,100.0,0,16.0,22.0,14.6,4,22.0,14.6,0,0,0,0.0,0.0,2.2087,60.0,0,0,0,Default,10000,300,100,150,300,True,0,None,millimeters
thread mill,Dreanique,"TRZ-NPTF-3/4-14-H16 | suitable for Carbon steel, Alloy steel, Cast iron, Stainless steel, Prehardened steel, Hardened steel",TRZ-NPTF-3/4-14-H16,,Ti coated,TiAlN,Mist,100.0,0,16.0,18.1,14.8,4,18.1,14.8,0,0,0,0.0,0.0,1.8143,60.0,0,0,0,Default,10000,300,100,150,300,True,0,None,millimeters
thread mill,Dreanique,"TRZ-NPTF-1″-11.5-H20 | suitable for Carbon steel, Alloy steel, Cast iron, Stainless steel, Prehardened steel, Hardened steel",TRZ-NPTF-1″-11.5-H20,,Ti coated,TiAlN,Mist,100.0,0,20.0,42.0,17.38,5,42.0,17.38,0,0,0,0.0,0.0,2.2087,60.0,0,0,0,Default,10000,300,100,150,300,True,0,None,millimeters
thread mill,Dreanique,"TRZ-UNF -10-32-H6 | suitable for Carbon steel, Alloy steel, Cast iron, Stainless steel, Prehardened steel, Hardened steel",TRZ-UNF -10-32-H6,,Ti coated,TiAlN,Mist,50.0,0,4.0,10.0,3.9,4,10.0,3.9,0,0,0,0.0,0.0,0.7937,60.0,0,0,0,Default,10000,300,100,150,300,True,0,None,millimeters
thread mill,Dreanique,"TRZ-UNC -1/4-20-H6 | suitable for Carbon steel, Alloy steel, Cast iron, Stainless steel, Prehardened steel, Hardened steel",TRZ-UNC -1/4-20-H6,,Ti coated,TiAlN,Mist,60.0,0,6.0,12.0,4.85,4,12.0,4.85,0,0,0,0.0,0.0,1.27,60.0,0,0,0,Default,10000,300,100,150,300,True,0,None,millimeters
thread mill,Dreanique,"TRZ-UNF -1/4-28-H8 | suitable for Carbon steel, Alloy steel, Cast iron, Stainless steel, Prehardened steel, Hardened steel",TRZ-UNF -1/4-28-H8,,Ti coated,TiAlN,Mist,60.0,0,6.0,12.0,5.3,4,12.0,5.3,0,0,0,0.0,0.0,0.9071,60.0,0,0,0,Default,10000,300,100,150,300,True,0,None,millimeters
thread mill,Dreanique,"TRZ-UNC -5/16-18-H8 | suitable for Carbon steel, Alloy steel, Cast iron, Stainless steel, Prehardened steel, Hardened steel",TRZ-UNC -5/16-18-H8,,Ti coated,TiAlN,Mist,60.0,0,8.0,18.0,6.4,4,18.0,6.4,0,0,0,0.0,0.0,1.4111,60.0,0,0,0,Default,10000,300,100,150,300,True,0,None,millimeters
thread mill,Dreanique,"TRZ-UNF -5/16-24-H8 | suitable for Carbon steel, Alloy steel, Cast iron, Stainless steel, Prehardened steel, Hardened steel",TRZ-UNF -5/16-24-H8,,Ti coated,TiAlN,Mist,60.0,0,8.0,18.0,6.5,4,18.0,6.5,0,0,0,0.0,0.0,1.0583,60.0,0,0,0,Default,10000,300,100,150,300,True,0,None,millimeters
thread mill,Dreanique,"TRZ-UNC -3/8-16-H8 | suitable for Carbon steel, Alloy steel, Cast iron, Stainless steel, Prehardened steel, Hardened steel",TRZ-UNC -3/8-16-H8,,Ti coated,TiAlN,Mist,60.0,0,8.0,21.0,7.8,4,21.0,7.8,0,0,0,0.0,0.0,1.5875,60.0,0,0,0,Default,10000,300,100,150,300,True,0,None,millimeters
thread mill,Dreanique,"TRZ-UNC -7/16-14-H10 | suitable for Carbon steel, Alloy steel, Cast iron, Stainless steel, Prehardened steel, Hardened steel",TRZ-UNC -7/16-14-H10,,Ti coated,TiAlN,Mist,75.0,0,10.0,24.0,8.8,4,24.0,8.8,0,0,0,0.0,0.0,1.8143,60.0,0,0,0,Default,10000,300,100,150,300,True,0,None,millimeters
thread mill,Dreanique,"TRZ-UNF -7/16-20-H10 | suitable for Carbon steel, Alloy steel, Cast iron, Stainless steel, Prehardened steel, Hardened steel",TRZ-UNF -7/16-20-H10,,Ti coated,TiAlN,Mist,75.0,0,10.0,24.0,9.5,4,24.0,9.5,0,0,0,0.0,0.0,1.27,60.0,0,0,0,Default,10000,300,100,150,300,True,0,None,millimeters
thread mill,Dreanique,"TRZ-UNC -1/2-13-H10 | suitable for Carbon steel, Alloy steel, Cast iron, Stainless steel, Prehardened steel, Hardened steel",TRZ-UNC -1/2-13-H10,,Ti coated,TiAlN,Mist,75.0,0,10.0,24.0,10.0,4,24.0,10.0,0,0,0,0.0,0.0,1.9538,60.0,0,0,0,Default,10000,300,100,150,300,True,0,None,millimeters
thread mill,Dreanique,"TRZ-UNF -9/16-18-H12 | suitable for Carbon steel, Alloy steel, Cast iron, Stainless steel, Prehardened steel, Hardened steel",TRZ-UNF -9/16-18-H12,,Ti coated,TiAlN,Mist,75.0,0,10.0,24.0,10.0,4,24.0,10.0,0,0,0,0.0,0.0,1.4111,60.0,0,0,0,Default,10000,300,100,150,300,True,0,None,millimeters
thread mill,Dreanique,"TRZ-UNC -5/8-11-H12 | suitable for Carbon steel, Alloy steel, Cast iron, Stainless steel, Prehardened steel, Hardened steel",TRZ-UNC -5/8-11-H12,,Ti coated,TiAlN,Mist,75.0,0,12.0,28.0,12.0,4,28.0,12.0,0,0,0,0.0,0.0,2.3091,60.0,0,0,0,Default,10000,300,100,150,300,True,0,None,millimeters
thread mill,Dreanique,"TRZ-UNC -9/16-12-H12 | suitable for Carbon steel, Alloy steel, Cast iron, Stainless steel, Prehardened steel, Hardened steel",TRZ-UNC -9/16-12-H12,,Ti coated,TiAlN,Mist,75.0,0,12.0,28.0,12.0,4,28.0,12.0,0,0,0,0.0,0.0,2.1167,60.0,0,0,0,Default,10000,300,100,150,300,True,0,None,millimeters
thread mill,Dreanique,"TRZ-UNF -3/4-16-H10 | suitable for Carbon steel, Alloy steel, Cast iron, Stainless steel, Prehardened steel, Hardened steel",TRZ-UNF -3/4-16-H10,,Ti coated,TiAlN,Mist,75.0,0,12.0,28.0,12.0,4,28.0,12.0,0,0,0,0.0,0.0,1.5875,60.0,0,0,0,Default,10000,300,100,150,300,True,0,None,millimeters
thread mill,Dreanique,"TRZ-UNC -3/4-10-H16 | suitable for Carbon steel, Alloy steel, Cast iron, Stainless steel, Prehardened steel, Hardened steel",TRZ-UNC -3/4-10-H16,,Ti coated,TiAlN,Mist,100.0,0,16.0,38.0,16.0,4,38.0,16.0,0,0,0,0.0,0.0,2.54,60.0,0,0,0,Default,10000,300,100,150,300,True,0,None,millimeters
flat end mill,Dreanique,"TT4E-D4.0-H4 | suitable for Titanium, Superalloy, Stainless steel",TT4E-D4.0-H4,,Carbide,AlCrZr,Mist,50.0,0,4.0,11.0,4.0,4,11.0,4.0,0,0,0,0.0,0.0,0,60,0,0,0,Default,10000,300,100,150,300,True,0,None,millimeters
flat end mill,Dreanique,"TT4E-D6.0 | suitable for Titanium, Superalloy, Stainless steel",TT4E-D6.0,,Carbide,AlCrZr,Mist,50.0,0,6.0,15.0,6.0,4,15.0,6.0,0,0,0,0.0,0.0,0,60,0,0,0,Default,10000,300,100,150,300,True,0,None,millimeters
flat end mill,Dreanique,"TT4E-D8.0 | suitable for Titanium, Superalloy, Stainless steel",TT4E-D8.0,,Carbide,AlCrZr,Mist,60.0,0,8.0,20.0,8.0,4,20.0,8.0,0,0,0,0.0,0.0,0,60,0,0,0,Default,10000,300,100,150,300,True,0,None,millimeters
flat end mill,Dreanique,"TT4E-D10.0 | suitable for Titanium, Superalloy, Stainless steel",TT4E-D10.0,,Carbide,AlCrZr,Mist,75.0,0,10.0,28.0,10.0,4,28.0,10.0,0,0,0,0.0,0.0,0,60,0,0,0,Default,10000,300,100,150,300,True,0,None,millimeters
flat end mill,Dreanique,"TT4E-D12.0 | suitable for Titanium, Superalloy, Stainless steel",TT4E-D12.0,,Carbide,AlCrZr,Mist,75.0,0,12.0,30.0,12.0,4,30.0,12.0,0,0,0,0.0,0.0,0,60,0,0,0,Default,10000,300,100,150,300,True,0,None,millimeters
flat end mill,Dreanique,"TX4E-D4 | suitable for Stainless steel, Titanium alloy, Heat resistant alloy",TX4E-D4,,Ti coated,TiAlN,Mist,50.0,0,6.0,11.0,4.0,4,11.0,4.0,0,0,0,0.0,0.0,0,60,0,0,0,Default,10000,300,100,150,300,True,0,None,millimeters
flat end mill,Dreanique,"TX4E-D4S | suitable for Stainless steel, Titanium alloy, Heat resistant alloy",TX4E-D4S,,Ti coated,TiAlN,Mist,50.0,0,4.0,11.0,4.0,4,11.0,4.0,0,0,0,0.0,0.0,0,60,0,0,0,Default,10000,300,100,150,300,True,0,None,millimeters
flat end mill,Dreanique,"TX4E-D6 | suitable for Stainless steel, Titanium alloy, Heat resistant alloy",TX4E-D6,,Ti coated,TiAlN,Mist,50.0,0,6.0,16.0,6.0,4,16.0,6.0,0,0,0,0.0,0.0,0,60,0,0,0,Default,10000,300,100,150,300,True,0,None,millimeters
flat end mill,Dreanique,"TX4E-D8 | suitable for Stainless steel, Titanium alloy, Heat resistant alloy",TX4E-D8,,Ti coated,TiAlN,Mist,60.0,0,8.0,20.0,8.0,4,20.0,8.0,0,0,0,0.0,0.0,0,60,0,0,0,Default,10000,300,100,150,300,True,0,None,millimeters
flat end mill,Dreanique,"TX4E-D10 | suitable for Stainless steel, Titanium alloy, Heat resistant alloy",TX4E-D10,,Ti coated,TiAlN,Mist,75.0,0,10.0,25.0,10.0,4,25.0,10.0,0,0,0,0.0,0.0,0,60,0,0,0,Default,10000,300,100,150,300,True,0,None,millimeters
flat end mill,Dreanique,"TX4E-D12 | suitable for Stainless steel, Titanium alloy, Heat resistant alloy",TX4E-D12,,Ti coated,TiAlN,Mist,75.0,0,12.0,30.0,12.0,4,30.0,12.0,0,0,0,0.0,0.0,0,60,0,0,0,Default,10000,300,100,150,300,True,0,None,millimeters
flat end mill,Dreanique,"TX4E-D16 | suitable for Stainless steel, Titanium alloy, Heat resistant alloy",TX4E-D16,,Ti coated,TiAlN,Mist,100.0,0,16.0,45.0,16.0,4,45.0,16.0,0,0,0,0.0,0.0,0,60,0,0,0,Default,10000,300,100,150,300,True,0,None,millimeters
flat end mill,Dreanique,"TX4E-D20 | suitable for Stainless steel, Titanium alloy, Heat resistant alloy",TX4E-D20,,Ti coated,TiAlN,Mist,100.0,0,20.0,45.0,20.0,4,45.0,20.0,0,0,0,0.0,0.0,0,60,0,0,0,Default,10000,300,100,150,300,True,0,None,millimeters
flat end mill,Dreanique,"TX4EL-D4 | suitable for Stainless steel, Titanium alloy, Heat resistant alloy",TX4EL-D4,,Ti coated,TiAlN,Mist,75.0,0,6.0,15.0,4.0,4,15.0,4.0,0,0,0,0.0,0.0,0,60,0,0,0,Default,10000,300,100,150,300,True,0,None,millimeters
flat end mill,Dreanique,"TX4EL-D4S | suitable for Stainless steel, Titanium alloy, Heat resistant alloy",TX4EL-D4S,,Ti coated,TiAlN,Mist,75.0,0,4.0,15.0,4.0,4,15.0,4.0,0,0,0,0.0,0.0,0,60,0,0,0,Default,10000,300,100,150,300,True,0,None,millimeters
flat end mill,Dreanique,"TX4EL-D6 | suitable for Stainless steel, Titanium alloy, Heat resistant alloy",TX4EL-D6,,Ti coated,TiAlN,Mist,100.0,0,6.0,20.0,6.0,4,20.0,6.0,0,0,0,0.0,0.0,0,60,0,0,0,Default,10000,300,100,150,300,True,0,None,millimeters
flat end mill,Dreanique,"TX4EL-D8 | suitable for Stainless steel, Titanium alloy, Heat resistant alloy",TX4EL-D8,,Ti coated,TiAlN,Mist,100.0,0,8.0,25.0,8.0,4,25.0,8.0,0,0,0,0.0,0.0,0,60,0,0,0,Default,10000,300,100,150,300,True,0,None,millimeters
flat end mill,Dreanique,"TX4EL-D10 | suitable for Stainless steel, Titanium alloy, Heat resistant alloy",TX4EL-D10,,Ti coated,TiAlN,Mist,120.0,0,10.0,30.0,10.0,4,30.0,10.0,0,0,0,0.0,0.0,0,60,0,0,0,Default,10000,300,100,150,300,True,0,None,millimeters
flat end mill,Dreanique,"TX4EL-D12 | suitable for Stainless steel, Titanium alloy, Heat resistant alloy",TX4EL-D12,,Ti coated,TiAlN,Mist,120.0,0,12.0,35.0,12.0,4,35.0,12.0,0,0,0,0.0,0.0,0,60,0,0,0,Default,10000,300,100,150,300,True,0,None,millimeters
flat end mill,Dreanique,"TX4EL-D16 | suitable for Stainless steel, Titanium alloy, Heat resistant alloy",TX4EL-D16,,Ti coated,TiAlN,Mist,150.0,0,16.0,50.0,16.0,4,50.0,16.0,0,0,0,0.0,0.0,0,60,0,0,0,Default,10000,300,100,150,300,True,0,None,millimeters
flat end mill,Dreanique,"TX4EL-D20 | suitable for Stainless steel, Titanium alloy, Heat resistant alloy",TX4EL-D20,,Ti coated,TiAlN,Mist,150.0,0,20.0,55.0,20.0,4,55.0,20.0,0,0,0,0.0,0.0,0,60,0,0,0,Default,10000,300,100,150,300,True,0,None,millimeters
bull nose end mill,Dreanique,"TX4R-D4R0.5S | suitable for Stainless steel, Titanium alloy, Heat resistant alloy",TX4R-D4R0.5S,,Ti coated,TiAlN,Mist,50.0,0,4.0,11.0,4.0,4,11.0,4.0,0,0,0,0.0,0.5,0,60,0,0,0,Default,10000,300,100,150,300,True,0,None,millimeters
bull nose end mill,Dreanique,"TX4R-D4R1S | suitable for Stainless steel, Titanium alloy, Heat resistant alloy",TX4R-D4R1S,,Ti coated,TiAlN,Mist,50.0,0,4.0,11.0,4.0,4,11.0,4.0,0,0,0,0.0,1.0,0,60,0,0,0,Default,10000,300,100,150,300,True,0,None,millimeters
bull nose end mill,Dreanique,"TX4R-D6R0.5 | suitable for Stainless steel, Titanium alloy, Heat resistant alloy",TX4R-D6R0.5,,Ti coated,TiAlN,Mist,50.0,0,6.0,16.0,6.0,4,16.0,6.0,0,0,0,0.0,1.0,0,60,0,0,0,Default,10000,300,100,150,300,True,0,None,millimeters
bull nose end mill,Dreanique,"TX4R-D6R1 | suitable for Stainless steel, Titanium alloy, Heat resistant alloy",TX4R-D6R1,,Ti coated,TiAlN,Mist,50.0,0,6.0,16.0,6.0,4,16.0,6.0,0,0,0,0.0,1.0,0,60,0,0,0,Default,10000,300,100,150,300,True,0,None,millimeters
bull nose end mill,Dreanique,"TX4R-D8R0.5 | suitable for Stainless steel, Titanium alloy, Heat resistant alloy",TX4R-D8R0.5,,Ti coated,TiAlN,Mist,60.0,0,8.0,20.0,8.0,4,20.0,8.0,0,0,0,0.0,0.5,0,60,0,0,0,Default,10000,300,100,150,300,True,0,None,millimeters
bull nose end mill,Dreanique,"TX4R-D8R1 | suitable for Stainless steel, Titanium alloy, Heat resistant alloy",TX4R-D8R1,,Ti coated,TiAlN,Mist,60.0,0,8.0,20.0,8.0,4,20.0,8.0,0,0,0,0.0,1.0,0,60,0,0,0,Default,10000,300,100,150,300,True,0,None,millimeters
bull nose end mill,Dreanique,"TX4R-D8R2 | suitable for Stainless steel, Titanium alloy, Heat resistant alloy",TX4R-D8R2,,Ti coated,TiAlN,Mist,60.0,0,8.0,20.0,8.0,4,20.0,8.0,0,0,0,0.0,2.0,0,60,0,0,0,Default,10000,300,100,150,300,True,0,None,millimeters
bull nose end mill,Dreanique,"TX4R-D10R0.5 | suitable for Stainless steel, Titanium alloy, Heat resistant alloy",TX4R-D10R0.5,,Ti coated,TiAlN,Mist,75.0,0,10.0,25.0,10.0,4,25.0,10.0,0,0,0,0.0,0.5,0,60,0,0,0,Default,10000,300,100,150,300,True,0,None,millimeters
bull nose end mill,Dreanique,"TX4R-D10R1 | suitable for Stainless steel, Titanium alloy, Heat resistant alloy",TX4R-D10R1,,Ti coated,TiAlN,Mist,75.0,0,10.0,25.0,10.0,4,25.0,10.0,0,0,0,0.0,1.0,0,60,0,0,0,Default,10000,300,100,150,300,True,0,None,millimeters
bull nose end mill,Dreanique,"TX4R-D10R1.5 | suitable for Stainless steel, Titanium alloy, Heat resistant alloy",TX4R-D10R1.5,,Ti coated,TiAlN,Mist,75.0,0,10.0,25.0,10.0,4,25.0,10.0,0,0,0,0.0,1.5,0,60,0,0,0,Default,10000,300,100,150,300,True,0,None,millimeters
bull nose end mill,Dreanique,"TX4R-D10R2 | suitable for Stainless steel, Titanium alloy, Heat resistant alloy",TX4R-D10R2,,Ti coated,TiAlN,Mist,75.0,0,10.0,25.0,10.0,4,25.0,10.0,0,0,0,0.0,2.0,0,60,0,0,0,Default,10000,300,100,150,300,True,0,None,millimeters
bull nose end mill,Dreanique,"TX4R-D12R0.5 | suitable for Stainless steel, Titanium alloy, Heat resistant alloy",TX4R-D12R0.5,,Ti coated,TiAlN,Mist,75.0,0,12.0,30.0,12.0,4,30.0,12.0,0,0,0,0.0,0.5,0,60,0,0,0,Default,10000,300,100,150,300,True,0,None,millimeters
bull nose end mill,Dreanique,"TX4R-D12R1 | suitable for Stainless steel, Titanium alloy, Heat resistant alloy",TX4R-D12R1,,Ti coated,TiAlN,Mist,75.0,0,12.0,30.0,12.0,4,30.0,12.0,0,0,0,0.0,1.0,0,60,0,0,0,Default,10000,300,100,150,300,True,0,None,millimeters
bull nose end mill,Dreanique,"TX4R-D12R1.5 | suitable for Stainless steel, Titanium alloy, Heat resistant alloy",TX4R-D12R1.5,,Ti coated,TiAlN,Mist,75.0,0,12.0,30.0,12.0,4,30.0,12.0,0,0,0,0.0,1.5,0,60,0,0,0,Default,10000,300,100,150,300,True,0,None,millimeters
bull nose end mill,Dreanique,"TX4R-D12R2 | suitable for Stainless steel, Titanium alloy, Heat resistant alloy",TX4R-D12R2,,Ti coated,TiAlN,Mist,75.0,0,12.0,30.0,12.0,4,30.0,12.0,0,0,0,0.0,2.0,0,60,0,0,0,Default,10000,300,100,150,300,True,0,None,millimeters
bull nose end mill,Dreanique,"TX4R-D12R3 | suitable for Stainless steel, Titanium alloy, Heat resistant alloy",TX4R-D12R3,,Ti coated,TiAlN,Mist,75.0,0,12.0,30.0,12.0,4,30.0,12.0,0,0,0,0.0,3.0,0,60,0,0,0,Default,10000,300,100,150,300,True,0,None,millimeters
bull nose end mill,Dreanique,"TX4RL-D4R0.5S | suitable for Stainless steel, Titanium alloy, Heat resistant alloy",TX4RL-D4R0.5S,,Ti coated,TiAlXN,Mist,75.0,0,4.0,11.0,4.0,4,11.0,4.0,0,0,0,0.0,0.5,0,60,0,0,0,Default,10000,300,100,150,300,True,0,None,millimeters
bull nose end mill,Dreanique,"TX4RL-D4R1S | suitable for Stainless steel, Titanium alloy, Heat resistant alloy",TX4RL-D4R1S,,Ti coated,TiAlXN,Mist,75.0,0,4.0,11.0,4.0,4,11.0,4.0,0,0,0,0.0,1.0,0,60,0,0,0,Default,10000,300,100,150,300,True,0,None,millimeters
bull nose end mill,Dreanique,"TX4RL-D6R0.5 | suitable for Stainless steel, Titanium alloy, Heat resistant alloy",TX4RL-D6R0.5,,Ti coated,TiAlXN,Mist,100.0,0,6.0,16.0,6.0,4,16.0,6.0,0,0,0,0.0,1.0,0,60,0,0,0,Default,10000,300,100,150,300,True,0,None,millimeters
bull nose end mill,Dreanique,"TX4RL-D6R1 | suitable for Stainless steel, Titanium alloy, Heat resistant alloy",TX4RL-D6R1,,Ti coated,TiAlXN,Mist,100.0,0,6.0,16.0,6.0,4,16.0,6.0,0,0,0,0.0,1.0,0,60,0,0,0,Default,10000,300,100,150,300,True,0,None,millimeters
bull nose end mill,Dreanique,"TX4RL-D8R0.5 | suitable for Stainless steel, Titanium alloy, Heat resistant alloy",TX4RL-D8R0.5,,Ti coated,TiAlXN,Mist,100.0,0,8.0,20.0,8.0,4,20.0,8.0,0,0,0,0.0,0.5,0,60,0,0,0,Default,10000,300,100,150,300,True,0,None,millimeters
bull nose end mill,Dreanique,"TX4RL-D8R1 | suitable for Stainless steel, Titanium alloy, Heat resistant alloy",TX4RL-D8R1,,Ti coated,TiAlXN,Mist,100.0,0,8.0,20.0,8.0,4,20.0,8.0,0,0,0,0.0,1.0,0,60,0,0,0,Default,10000,300,100,150,300,True,0,None,millimeters
bull nose end mill,Dreanique,"TX4RL-D8R2 | suitable for Stainless steel, Titanium alloy, Heat resistant alloy",TX4RL-D8R2,,Ti coated,TiAlXN,Mist,100.0,0,8.0,20.0,8.0,4,20.0,8.0,0,0,0,0.0,2.0,0,60,0,0,0,Default,10000,300,100,150,300,True,0,None,millimeters
bull nose end mill,Dreanique,"TX4RL-D10R0.5 | suitable for Stainless steel, Titanium alloy, Heat resistant alloy",TX4RL-D10R0.5,,Ti coated,TiAlXN,Mist,120.0,0,10.0,25.0,10.0,4,25.0,10.0,0,0,0,0.0,0.5,0,60,0,0,0,Default,10000,300,100,150,300,True,0,None,millimeters
bull nose end mill,Dreanique,"TX4RL-D10R1 | suitable for Stainless steel, Titanium alloy, Heat resistant alloy",TX4RL-D10R1,,Ti coated,TiAlXN,Mist,120.0,0,10.0,25.0,10.0,4,25.0,10.0,0,0,0,0.0,1.0,0,60,0,0,0,Default,10000,300,100,150,300,True,0,None,millimeters
bull nose end mill,Dreanique,"TX4RL-D10R1.5 | suitable for Stainless steel, Titanium alloy, Heat resistant alloy",TX4RL-D10R1.5,,Ti coated,TiAlXN,Mist,120.0,0,10.0,25.0,10.0,4,25.0,10.0,0,0,0,0.0,1.5,0,60,0,0,0,Default,10000,300,100,150,300,True,0,None,millimeters
bull nose end mill,Dreanique,"TX4RL-D10R2 | suitable for Stainless steel, Titanium alloy, Heat resistant alloy",TX4RL-D10R2,,Ti coated,TiAlXN,Mist,120.0,0,10.0,25.0,10.0,4,25.0,10.0,0,0,0,0.0,2.0,0,60,0,0,0,Default,10000,300,100,150,300,True,0,None,millimeters
bull nose end mill,Dreanique,"TX4RL-D12R0.5 | suitable for Stainless steel, Titanium alloy, Heat resistant alloy",TX4RL-D12R0.5,,Ti coated,TiAlXN,Mist,120.0,0,12.0,30.0,12.0,4,30.0,12.0,0,0,0,0.0,0.5,0,60,0,0,0,Default,10000,300,100,150,300,True,0,None,millimeters
bull nose end mill,Dreanique,"TX4RL-D12R1 | suitable for Stainless steel, Titanium alloy, Heat resistant alloy",TX4RL-D12R1,,Ti coated,TiAlXN,Mist,120.0,0,12.0,30.0,12.0,4,30.0,12.0,0,0,0,0.0,1.0,0,60,0,0,0,Default,10000,300,100,150,300,True,0,None,millimeters
bull nose end mill,Dreanique,"TX4RL-D12R1.5 | suitable for Stainless steel, Titanium alloy, Heat resistant alloy",TX4RL-D12R1.5,,Ti coated,TiAlXN,Mist,120.0,0,12.0,30.0,12.0,4,30.0,12.0,0,0,0,0.0,1.5,0,60,0,0,0,Default,10000,300,100,150,300,True,0,None,millimeters
bull nose end mill,Dreanique,"TX4RL-D12R2 | suitable for Stainless steel, Titanium alloy, Heat resistant alloy",TX4RL-D12R2,,Ti coated,TiAlXN,Mist,120.0,0,12.0,30.0,12.0,4,30.0,12.0,0,0,0,0.0,2.0,0,60,0,0,0,Default,10000,300,100,150,300,True,0,None,millimeters
bull nose end mill,Dreanique,"TX4RL-D12R3 | suitable for Stainless steel, Titanium alloy, Heat resistant alloy",TX4RL-D12R3,,Ti coated,TiAlXN,Mist,120.0,0,12.0,30.0,12.0,4,30.0,12.0,0,0,0,0.0,3.0,0,60,0,0,0,Default,10000,300,100,150,300,True,0,None,millimeters
flat end mill,Dreanique,WD1F-D1.0-L03 | suitable for Acrylic,WD1F-D1.0-L03,,Carbide,Uncoated,Mist,38.1,0,3.175,3.0,1.0,1,3.0,1.0,0,0,0,0.0,0.0,0,60,0,0,0,Default,10000,300,100,150,300,True,0,None,millimeters
flat end mill,Dreanique,WD1F-D1.0-L04 | suitable for Acrylic,WD1F-D1.0-L04,,Carbide,Uncoated,Mist,38.1,0,3.175,4.0,1.0,1,4.0,1.0,0,0,0,0.0,0.0,0,60,0,0,0,Default,10000,300,100,150,300,True,0,None,millimeters
flat end mill,Dreanique,WD1F-D1.5-L05 | suitable for Acrylic,WD1F-D1.5-L05,,Carbide,Uncoated,Mist,38.1,0,3.175,5.0,1.5,1,5.0,1.5,0,0,0,0.0,0.0,0,60,0,0,0,Default,10000,300,100,150,300,True,0,None,millimeters
flat end mill,Dreanique,WD1F-D2.0-L04 | suitable for Acrylic,WD1F-D2.0-L04,,Carbide,Uncoated,Mist,38.1,0,3.175,4.0,2.0,1,4.0,2.0,0,0,0,0.0,0.0,0,60,0,0,0,Default,10000,300,100,150,300,True,0,None,millimeters
flat end mill,Dreanique,WD1F-D2.0-L06 | suitable for Acrylic,WD1F-D2.0-L06,,Carbide,Uncoated,Mist,38.1,0,3.175,6.0,2.0,1,6.0,2.0,0,0,0,0.0,0.0,0,60,0,0,0,Default,10000,300,100,150,300,True,0,None,millimeters
flat end mill,Dreanique,WD1F-D2.0-L08 | suitable for Acrylic,WD1F-D2.0-L08,,Carbide,Uncoated,Mist,38.1,0,3.175,8.0,2.0,1,8.0,2.0,0,0,0,0.0,0.0,0,60,0,0,0,Default,10000,300,100,150,300,True,0,None,millimeters
flat end mill,Dreanique,WD1F-D2.5-L06 | suitable for Acrylic,WD1F-D2.5-L06,,Carbide,Uncoated,Mist,38.1,0,3.175,6.0,2.5,1,6.0,2.5,0,0,0,0.0,0.0,0,60,0,0,0,Default,10000,300,100,150,300,True,0,None,millimeters
flat end mill,Dreanique,WD1F-D2.5-L08 | suitable for Acrylic,WD1F-D2.5-L08,,Carbide,Uncoated,Mist,38.1,0,3.175,8.0,2.5,1,8.0,2.5,0,0,0,0.0,0.0,0,60,0,0,0,Default,10000,300,100,150,300,True,0,None,millimeters
flat end mill,Dreanique,WD1F-D2.5-L10 | suitable for Acrylic,WD1F-D2.5-L10,,Carbide,Uncoated,Mist,38.1,0,3.175,10.0,2.5,1,10.0,2.5,0,0,0,0.0,0.0,0,60,0,0,0,Default,10000,300,100,150,300,True,0,None,millimeters
flat end mill,Dreanique,WD1F-D3.1-L06 | suitable for Acrylic,WD1F-D3.1-L06,,Carbide,Uncoated,Mist,38.1,0,3.175,6.0,3.175,1,6.0,3.175,0,0,0,0.0,0.0,0,60,0,0,0,Default,10000,300,100,150,300,True,0,None,millimeters
flat end mill,Dreanique,WD1F-D3.1-L08 | suitable for Acrylic,WD1F-D3.1-L08,,Carbide,Uncoated,Mist,38.1,0,3.175,8.0,3.175,1,8.0,3.175,0,0,0,0.0,0.0,0,60,0,0,0,Default,10000,300,100,150,300,True,0,None,millimeters
flat end mill,Dreanique,WD1F-D3.1-L10 | suitable for Acrylic,WD1F-D3.1-L10,,Carbide,Uncoated,Mist,38.1,0,3.175,10.0,3.175,1,10.0,3.175,0,0,0,0.0,0.0,0,60,0,0,0,Default,10000,300,100,150,300,True,0,None,millimeters
flat end mill,Dreanique,WD1F-D3.1-L12 | suitable for Acrylic,WD1F-D3.1-L12,,Carbide,Uncoated,Mist,38.1,0,3.175,12.0,3.175,1,12.0,3.175,0,0,0,0.0,0.0,0,60,0,0,0,Default,10000,300,100,150,300,True,0,None,millimeters
flat end mill,Dreanique,WD1F-D3.1-L15 | suitable for Acrylic,WD1F-D3.1-L15,,Carbide,Uncoated,Mist,38.1,0,3.175,15.0,3.175,1,15.0,3.175,0,0,0,0.0,0.0,0,60,0,0,0,Default,10000,300,100,150,300,True,0,None,millimeters
flat end mill,Dreanique,WD1F-D3.1-L17 | suitable for Acrylic,WD1F-D3.1-L17,,Carbide,Uncoated,Mist,38.1,0,3.175,17.0,3.175,1,17.0,3.175,0,0,0,0.0,0.0,0,60,0,0,0,Default,10000,300,100,150,300,True,0,None,millimeters
flat end mill,Dreanique,WD1F-D3.1-L22 | suitable for Acrylic,WD1F-D3.1-L22,,Carbide,Uncoated,Mist,50.0,0,3.175,22.0,3.175,1,22.0,3.175,0,0,0,0.0,0.0,0,60,0,0,0,Default,10000,300,100,150,300,True,0,None,millimeters
flat end mill,Dreanique,WD1F-D4.0-L08 | suitable for Acrylic,WD1F-D4.0-L08,,Carbide,Uncoated,Mist,50.0,0,4.0,8.0,4.0,1,8.0,4.0,0,0,0,0.0,0.0,0,60,0,0,0,Default,10000,300,100,150,300,True,0,None,millimeters
flat end mill,Dreanique,WD1F-D4.0-L12 | suitable for Acrylic,WD1F-D4.0-L12,,Carbide,Uncoated,Mist,50.0,0,4.0,12.0,4.0,1,12.0,4.0,0,0,0,0.0,0.0,0,60,0,0,0,Default,10000,300,100,150,300,True,0,None,millimeters
flat end mill,Dreanique,WD1F-D4.0-L15 | suitable for Acrylic,WD1F-D4.0-L15,,Carbide,Uncoated,Mist,50.0,0,4.0,15.0,4.0,1,15.0,4.0,0,0,0,0.0,0.0,0,60,0,0,0,Default,10000,300,100,150,300,True,0,None,millimeters
flat end mill,Dreanique,WD1F-D4.0-L17 | suitable for Acrylic,WD1F-D4.0-L17,,Carbide,Uncoated,Mist,50.0,0,4.0,17.0,4.0,1,17.0,4.0,0,0,0,0.0,0.0,0,60,0,0,0,Default,10000,300,100,150,300,True,0,None,millimeters
flat end mill,Dreanique,WD1F-D4.0-L22 | suitable for Acrylic,WD1F-D4.0-L22,,Carbide,Uncoated,Mist,50.0,0,4.0,22.0,4.0,1,22.0,4.0,0,0,0,0.0,0.0,0,60,0,0,0,Default,10000,300,100,150,300,True,0,None,millimeters
flat end mill,Dreanique,WD1F-D5.0-L20 | suitable for Acrylic,WD1F-D5.0-L20,,Carbide,Uncoated,Mist,50.0,0,5.0,20.0,5.0,1,20.0,5.0,0,0,0,0.0,0.0,0,60,0,0,0,Default,10000,300,100,150,300,True,0,None,millimeters
flat end mill,Dreanique,WD1F-D6.0-L12 | suitable for Acrylic,WD1F-D6.0-L12,,Carbide,Uncoated,Mist,50.0,0,6.0,12.0,6.0,1,12.0,6.0,0,0,0,0.0,0.0,0,60,0,0,0,Default,10000,300,100,150,300,True,0,None,millimeters
flat end mill,Dreanique,WD1F-D6.0-L15 | suitable for Acrylic,WD1F-D6.0-L15,,Carbide,Uncoated,Mist,50.0,0,6.0,15.0,6.0,1,15.0,6.0,0,0,0,0.0,0.0,0,60,0,0,0,Default,10000,300,100,150,300,True,0,None,millimeters
flat end mill,Dreanique,WD1F-D6.0-L17 | suitable for Acrylic,WD1F-D6.0-L17,,Carbide,Uncoated,Mist,50.0,0,6.0,17.0,6.0,1,17.0,6.0,0,0,0,0.0,0.0,0,60,0,0,0,Default,10000,300,100,150,300,True,0,None,millimeters
flat end mill,Dreanique,WD1F-D6.0-L22 | suitable for Acrylic,WD1F-D6.0-L22,,Carbide,Uncoated,Mist,50.0,0,6.0,22.0,6.0,1,22.0,6.0,0,0,0,0.0,0.0,0,60,0,0,0,Default,10000,300,100,150,300,True,0,None,millimeters
flat end mill,Dreanique,WD1F-D6.0-L32 | suitable for Acrylic,WD1F-D6.0-L32,,Carbide,Uncoated,Mist,75.0,0,6.0,32.0,6.0,1,32.0,6.0,0,0,0,0.0,0.0,0,60,0,0,0,Default,10000,300,100,150,300,True,0,None,millimeters
flat end mill,Dreanique,WD1F-D8.0-L32 | suitable for Acrylic,WD1F-D8.0-L32,,Carbide,Uncoated,Mist,75.0,0,8.0,32.0,8.0,1,32.0,8.0,0,0,0,0.0,0.0,0,60,0,0,0,Default,10000,300,100,150,300,True,0,None,millimeters
flat end mill,Dreanique,WD1F-D10.0-L45 | suitable for Acrylic,WD1F-D10.0-L45,,Carbide,Uncoated,Mist,100.0,0,10.0,45.0,10.0,1,45.0,10.0,0,0,0,0.0,0.0,0,60,0,0,0,Default,10000,300,100,150,300,True,0,None,millimeters
flat end mill,Dreanique,WD1F-D12.0-L45 | suitable for Acrylic,WD1F-D12.0-L45,,Carbide,Uncoated,Mist,100.0,0,12.0,45.0,12.0,1,45.0,12.0,0,0,0,0.0,0.0,0,60,0,0,0,Default,10000,300,100,150,300,True,0,None,millimeters
flat end mill,Dreanique,"WD2F-D2.0-L12 | suitable for Hardwood, Softwood, Laminate, MDF, HDF, Veneered Plywood, Particle Board",WD2F-D2.0-L12,,Carbide,Uncoated,Mist,38.1,0,3.175,12.0,2.0,2,12.0,2.0,0,0,0,0.0,0.0,0,60,0,0,0,Default,10000,300,100,150,300,True,0,None,millimeters
flat end mill,Dreanique,"WD2F-D2.0-L22 | suitable for Hardwood, Softwood, Laminate, MDF, HDF, Veneered Plywood, Particle Board",WD2F-D2.0-L22,,Carbide,Uncoated,Mist,38.1,0,3.175,22.0,2.0,2,22.0,2.0,0,0,0,0.0,0.0,0,60,0,0,0,Default,10000,300,100,150,300,True,0,None,millimeters
flat end mill,Dreanique,"WD2F-D3.1-L17 | suitable for Hardwood, Softwood, Laminate, MDF, HDF, Veneered Plywood, Particle Board",WD2F-D3.1-L17,,Carbide,Uncoated,Mist,38.1,0,3.175,17.0,3.175,2,17.0,3.175,0,0,0,0.0,0.0,0,60,0,0,0,Default,10000,300,100,150,300,True,0,None,millimeters
flat end mill,Dreanique,"WD2F-D3.1-L22 | suitable for Hardwood, Softwood, Laminate, MDF, HDF, Veneered Plywood, Particle Board",WD2F-D3.1-L22,,Carbide,Uncoated,Mist,50.0,0,3.175,22.0,3.175,2,22.0,3.175,0,0,0,0.0,0.0,0,60,0,0,0,Default,10000,300,100,150,300,True,0,None,millimeters
flat end mill,Dreanique,"WD2F-D4.0-L22 | suitable for Hardwood, Softwood, Laminate, MDF, HDF, Veneered Plywood, Particle Board",WD2F-D4.0-L22,,Carbide,Uncoated,Mist,50.0,0,4.0,22.0,4.0,2,22.0,4.0,0,0,0,0.0,0.0,0,60,0,0,0,Default,10000,300,100,150,300,True,0,None,millimeters
flat end mill,Dreanique,"WD2F-D4.0-L25 | suitable for Hardwood, Softwood, Laminate, MDF, HDF, Veneered Plywood, Particle Board",WD2F-D4.0-L25,,Carbide,Uncoated,Mist,50.0,0,4.0,25.0,4.0,2,25.0,4.0,0,0,0,0.0,0.0,0,60,0,0,0,Default,10000,300,100,150,300,True,0,None,millimeters
flat end mill,Dreanique,"WD2F-D4.0-L32 | suitable for Hardwood, Softwood, Laminate, MDF, HDF, Veneered Plywood, Particle Board",WD2F-D4.0-L32,,Carbide,Uncoated,Mist,75.0,0,4.0,32.0,4.0,2,32.0,4.0,0,0,0,0.0,0.0,0,60,0,0,0,Default,10000,300,100,150,300,True,0,None,millimeters
flat end mill,Dreanique,"WD2F-D5.0-L22 | suitable for Hardwood, Softwood, Laminate, MDF, HDF, Veneered Plywood, Particle Board",WD2F-D5.0-L22,,Carbide,Uncoated,Mist,50.0,0,5.0,22.0,5.0,2,22.0,5.0,0,0,0,0.0,0.0,0,60,0,0,0,Default,10000,300,100,150,300,True,0,None,millimeters
flat end mill,Dreanique,"WD2F-D6.0-L24 | suitable for Hardwood, Softwood, Laminate, MDF, HDF, Veneered Plywood, Particle Board",WD2F-D6.0-L24,,Carbide,Uncoated,Mist,60.0,0,6.0,24.0,6.0,2,24.0,6.0,0,0,0,0.0,0.0,0,60,0,0,0,Default,10000,300,100,150,300,True,0,None,millimeters
flat end mill,Dreanique,"WD2F-D6.0-L32 | suitable for Hardwood, Softwood, Laminate, MDF, HDF, Veneered Plywood, Particle Board",WD2F-D6.0-L32,,Carbide,Uncoated,Mist,75.0,0,6.0,32.0,6.0,2,32.0,6.0,0,0,0,0.0,0.0,0,60,0,0,0,Default,10000,300,100,150,300,True,0,None,millimeters
flat end mill,Dreanique,"WD2F-D6.0-L42 | suitable for Hardwood, Softwood, Laminate, MDF, HDF, Veneered Plywood, Particle Board",WD2F-D6.0-L42,,Carbide,Uncoated,Mist,100.0,0,6.0,42.0,6.0,2,42.0,6.0,0,0,0,0.0,0.0,0,60,0,0,0,Default,10000,300,100,150,300,True,0,None,millimeters
flat end mill,Dreanique,"WD2F-D6.0-L52 | suitable for Hardwood, Softwood, Laminate, MDF, HDF, Veneered Plywood, Particle Board",WD2F-D6.0-L52,,Carbide,Uncoated,Mist,100.0,0,6.0,52.0,6.0,2,52.0,6.0,0,0,0,0.0,0.0,0,60,0,0,0,Default,10000,300,100,150,300,True,0,None,millimeters
flat end mill,Dreanique,"WD2F-D8.0-L32 | suitable for Hardwood, Softwood, Laminate, MDF, HDF, Veneered Plywood, Particle Board",WD2F-D8.0-L32,,Carbide,Uncoated,Mist,75.0,0,8.0,32.0,8.0,2,32.0,8.0,0,0,0,0.0,0.0,0,60,0,0,0,Default,10000,300,100,150,300,True,0,None,millimeters
flat end mill,Dreanique,"WD2F-D8.0-L42 | suitable for Hardwood, Softwood, Laminate, MDF, HDF, Veneered Plywood, Particle Board",WD2F-D8.0-L42,,Carbide,Uncoated,Mist,100.0,0,8.0,42.0,8.0,2,42.0,8.0,0,0,0,0.0,0.0,0,60,0,0,0,Default,10000,300,100,150,300,True,0,None,millimeters
flat end mill,Dreanique,"WD2F-D8.0-L62 | suitable for Hardwood, Softwood, Laminate, MDF, HDF, Veneered Plywood, Particle Board",WD2F-D8.0-L62,,Carbide,Uncoated,Mist,100.0,0,8.0,62.0,8.0,2,62.0,8.0,0,0,0,0.0,0.0,0,60,0,0,0,Default,10000,300,100,150,300,True,0,None,millimeters
flat end mill,Dreanique,"WD2F-D10.0-L32 | suitable for Hardwood, Softwood, Laminate, MDF, HDF, Veneered Plywood, Particle Board",WD2F-D10.0-L32,,Carbide,Uncoated,Mist,75.0,0,10.0,32.0,10.0,2,32.0,10.0,0,0,0,0.0,0.0,0,60,0,0,0,Default,10000,300,100,150,300,True,0,None,millimeters
flat end mill,Dreanique,"WD2F-D10.0-L45 | suitable for Hardwood, Softwood, Laminate, MDF, HDF, Veneered Plywood, Particle Board",WD2F-D10.0-L45,,Carbide,Uncoated,Mist,100.0,0,10.0,45.0,10.0,2,45.0,10.0,0,0,0,0.0,0.0,0,60,0,0,0,Default,10000,300,100,150,300,True,0,None,millimeters
flat end mill,Dreanique,"WD2F-D12.0-L32 | suitable for Hardwood, Softwood, Laminate, MDF, HDF, Veneered Plywood, Particle Board",WD2F-D12.0-L32,,Carbide,Uncoated,Mist,75.0,0,12.0,32.0,12.0,2,32.0,12.0,0,0,0,0.0,0.0,0,60,0,0,0,Default,10000,300,100,150,300,True,0,None,millimeters
flat end mill,Dreanique,"WD2F-D12.0-L45 | suitable for Hardwood, Softwood, Laminate, MDF, HDF, Veneered Plywood, Particle Board",WD2F-D12.0-L45,,Carbide,Uncoated,Mist,100.0,0,12.0,45.0,12.0,2,45.0,12.0,0,0,0,0.0,0.0,0,60,0,0,0,Default,10000,300,100,150,300,True,0,None,millimeters
flat end mill,Dreanique,"WTD2F-D6.0-L28 | suitable for Hardwood, Softwood, Laminate, Plywood",WTD2F-D6.0-L28,,Carbide,Uncoated,Mist,75.0,0,6.0,28.0,6.0,2,28.0,6.0,0,0,0,0.0,0.0,0,60,0,0,0,Default,10000,300,100,150,300,True,0,None,millimeters
flat end mill,Dreanique,"WTD2F-D8.0-L22 | suitable for Hardwood, Softwood, Laminate, Plywood",WTD2F-D8.0-L22,,Carbide,Uncoated,Mist,60.0,0,8.0,22.0,8.0,2,22.0,8.0,0,0,0,0.0,0.0,0,60,0,0,0,Default,10000,300,100,150,300,True,0,None,millimeters
flat end mill,Dreanique,"WTD2F-D8.0-L32 | suitable for Hardwood, Softwood, Laminate, Plywood",WTD2F-D8.0-L32,,Carbide,Uncoated,Mist,75.0,0,8.0,32.0,8.0,2,32.0,8.0,0,0,0,0.0,0.0,0,60,0,0,0,Default,10000,300,100,150,300,True,0,None,millimeters
flat end mill,Dreanique,"WTD2F-D8.0-L40 | suitable for Hardwood, Softwood, Laminate, Plywood",WTD2F-D8.0-L40,,Carbide,Uncoated,Mist,100.0,0,8.0,40.0,8.0,2,40.0,8.0,0,0,0,0.0,0.0,0,60,0,0,0,Default,10000,300,100,150,300,True,0,None,millimeters
flat end mill,Dreanique,"WTU2F-D6.0-L28 | suitable for Hardwood, Softwood, Laminate, Plywood",WTU2F-D6.0-L28,,Carbide,Uncoated,Mist,75.0,0,6.0,28.0,6.0,2,28.0,6.0,0,0,0,0.0,0.0,0,60,0,0,0,Default,10000,300,100,150,300,True,0,None,millimeters
flat end mill,Dreanique,"WTU2F-D8.0-L22 | suitable for Hardwood, Softwood, Laminate, Plywood",WTU2F-D8.0-L22,,Carbide,Uncoated,Mist,60.0,0,8.0,22.0,8.0,2,22.0,8.0,0,0,0,0.0,0.0,0,60,0,0,0,Default,10000,300,100,150,300,True,0,None,millimeters
flat end mill,Dreanique,"WTU2F-D8.0-L32 | suitable for Hardwood, Softwood, Laminate, Plywood",WTU2F-D8.0-L32,,Carbide,Uncoated,Mist,75.0,0,8.0,32.0,8.0,2,32.0,8.0,0,0,0,0.0,0.0,0,60,0,0,0,Default,10000,300,100,150,300,True,0,None,millimeters
flat end mill,Dreanique,"WTU2F-D8.0-L40 | suitable for Hardwood, Softwood, Laminate, Plywood",WTU2F-D8.0-L40,,Carbide,Uncoated,Mist,100.0,0,8.0,40.0,8.0,2,40.0,8.0,0,0,0,0.0,0.0,0,60,0,0,0,Default,10000,300,100,150,300,True,0,None,millimeters
flat end mill,Dreanique,"WTUD2F-D6.0-L28 | suitable for Hardwood, Softwood, Laminate, Plywood",WTUD2F-D6.0-L28,,Carbide,Uncoated,Mist,75.0,0,6.0,28.0,6.0,2,28.0,6.0,0,0,0,0.0,0.0,0,60,0,0,0,Default,10000,300,100,150,300,True,0,None,millimeters
flat end mill,Dreanique,"WTUD2F-D8.0-L22 | suitable for Hardwood, Softwood, Laminate, Plywood",WTUD2F-D8.0-L22,,Carbide,Uncoated,Mist,60.0,0,8.0,22.0,8.0,2,22.0,8.0,0,0,0,0.0,0.0,0,60,0,0,0,Default,10000,300,100,150,300,True,0,None,millimeters
flat end mill,Dreanique,"WTUD2F-D8.0-L32 | suitable for Hardwood, Softwood, Laminate, Plywood",WTUD2F-D8.0-L32,,Carbide,Uncoated,Mist,75.0,0,8.0,32.0,8.0,2,32.0,8.0,0,0,0,0.0,0.0,0,60,0,0,0,Default,10000,300,100,150,300,True,0,None,millimeters
flat end mill,Dreanique,"WTUD2F-D8.0-L40 | suitable for Hardwood, Softwood, Laminate, Plywood",WTUD2F-D8.0-L40,,Carbide,Uncoated,Mist,100.0,0,8.0,40.0,8.0,2,40.0,8.0,0,0,0,0.0,0.0,0,60,0,0,0,Default,10000,300,100,150,300,True,0,None,millimeters
flat end mill,Dreanique,"WU2F-D2.0-L12 | suitable for Hardwood, Softwood, Laminate, MDF, HDF, Plywood",WU2F-D2.0-L12,,Carbide,Uncoated,Mist,38.1,0,3.175,22.0,2.0,2,22.0,2.0,0,0,0,0.0,0.0,0,60,0,0,0,Default,10000,300,100,150,300,True,0,None,millimeters
flat end mill,Dreanique,"WU2F-D2.0-L22 | suitable for Hardwood, Softwood, Laminate, MDF, HDF, Plywood",WU2F-D2.0-L22,,Carbide,Uncoated,Mist,38.1,0,3.175,12.0,2.0,2,12.0,2.0,0,0,0,0.0,0.0,0,60,0,0,0,Default,10000,300,100,150,300,True,0,None,millimeters
flat end mill,Dreanique,"WU2F-D3.1-L17 | suitable for Hardwood, Softwood, Laminate, MDF, HDF, Plywood",WU2F-D3.1-L17,,Carbide,Uncoated,Mist,50.0,0,3.175,22.0,3.175,2,22.0,3.175,0,0,0,0.0,0.0,0,60,0,0,0,Default,10000,300,100,150,300,True,0,None,millimeters
flat end mill,Dreanique,"WU2F-D3.1-L22 | suitable for Hardwood, Softwood, Laminate, MDF, HDF, Plywood",WU2F-D3.1-L22,,Carbide,Uncoated,Mist,38.1,0,3.175,17.0,3.175,2,17.0,3.175,0,0,0,0.0,0.0,0,60,0,0,0,Default,10000,300,100,150,300,True,0,None,millimeters
flat end mill,Dreanique,"WU2F-D4.0-L22 | suitable for Hardwood, Softwood, Laminate, MDF, HDF, Plywood",WU2F-D4.0-L22,,Carbide,Uncoated,Mist,50.0,0,4.0,22.0,4.0,2,22.0,4.0,0,0,0,0.0,0.0,0,60,0,0,0,Default,10000,300,100,150,300,True,0,None,millimeters
flat end mill,Dreanique,"WU2F-D4.0-L25 | suitable for Hardwood, Softwood, Laminate, MDF, HDF, Plywood",WU2F-D4.0-L25,,Carbide,Uncoated,Mist,50.0,0,4.0,25.0,4.0,2,25.0,4.0,0,0,0,0.0,0.0,0,60,0,0,0,Default,10000,300,100,150,300,True,0,None,millimeters
flat end mill,Dreanique,"WU2F-D4.0-L32 | suitable for Hardwood, Softwood, Laminate, MDF, HDF, Plywood",WU2F-D4.0-L32,,Carbide,Uncoated,Mist,75.0,0,4.0,32.0,4.0,2,32.0,4.0,0,0,0,0.0,0.0,0,60,0,0,0,Default,10000,300,100,150,300,True,0,None,millimeters
flat end mill,Dreanique,"WU2F-D5.0-L22 | suitable for Hardwood, Softwood, Laminate, MDF, HDF, Plywood",WU2F-D5.0-L22,,Carbide,Uncoated,Mist,50.0,0,5.0,22.0,5.0,2,22.0,5.0,0,0,0,0.0,0.0,0,60,0,0,0,Default,10000,300,100,150,300,True,0,None,millimeters
flat end mill,Dreanique,"WU2F-D6.0-L24 | suitable for Hardwood, Softwood, Laminate, MDF, HDF, Plywood",WU2F-D6.0-L24,,Carbide,Uncoated,Mist,60.0,0,6.0,24.0,6.0,2,24.0,6.0,0,0,0,0.0,0.0,0,60,0,0,0,Default,10000,300,100,150,300,True,0,None,millimeters
flat end mill,Dreanique,"WU2F-D6.0-L32 | suitable for Hardwood, Softwood, Laminate, MDF, HDF, Plywood",WU2F-D6.0-L32,,Carbide,Uncoated,Mist,75.0,0,6.0,32.0,6.0,2,32.0,6.0,0,0,0,0.0,0.0,0,60,0,0,0,Default,10000,300,100,150,300,True,0,None,millimeters
flat end mill,Dreanique,"WU2F-D6.0-L42 | suitable for Hardwood, Softwood, Laminate, MDF, HDF, Plywood",WU2F-D6.0-L42,,Carbide,Uncoated,Mist,100.0,0,6.0,42.0,6.0,2,42.0,6.0,0,0,0,0.0,0.0,0,60,0,0,0,Default,10000,300,100,150,300,True,0,None,millimeters
flat end mill,Dreanique,"WU2F-D6.0-L52 | suitable for Hardwood, Softwood, Laminate, MDF, HDF, Plywood",WU2F-D6.0-L52,,Carbide,Uncoated,Mist,100.0,0,6.0,52.0,6.0,2,52.0,6.0,0,0,0,0.0,0.0,0,60,0,0,0,Default,10000,300,100,150,300,True,0,None,millimeters
flat end mill,Dreanique,"WU2F-D8.0-L32 | suitable for Hardwood, Softwood, Laminate, MDF, HDF, Plywood",WU2F-D8.0-L32,,Carbide,Uncoated,Mist,75.0,0,8.0,32.0,8.0,2,32.0,8.0,0,0,0,0.0,0.0,0,60,0,0,0,Default,10000,300,100,150,300,True,0,None,millimeters
flat end mill,Dreanique,"WU2F-D8.0-L42 | suitable for Hardwood, Softwood, Laminate, MDF, HDF, Plywood",WU2F-D8.0-L42,,Carbide,Uncoated,Mist,100.0,0,8.0,42.0,8.0,2,42.0,8.0,0,0,0,0.0,0.0,0,60,0,0,0,Default,10000,300,100,150,300,True,0,None,millimeters
flat end mill,Dreanique,"WU2F-D8.0-L62 | suitable for Hardwood, Softwood, Laminate, MDF, HDF, Plywood",WU2F-D8.0-L62,,Carbide,Uncoated,Mist,100.0,0,8.0,62.0,8.0,2,62.0,8.0,0,0,0,0.0,0.0,0,60,0,0,0,Default,10000,300,100,150,300,True,0,None,millimeters
flat end mill,Dreanique,"WU2F-D10.0-L32 | suitable for Hardwood, Softwood, Laminate, MDF, HDF, Plywood",WU2F-D10.0-L32,,Carbide,Uncoated,Mist,75.0,0,10.0,32.0,10.0,2,32.0,10.0,0,0,0,0.0,0.0,0,60,0,0,0,Default,10000,300,100,150,300,True,0,None,millimeters
flat end mill,Dreanique,"WU2F-D10.0-L45 | suitable for Hardwood, Softwood, Laminate, MDF, HDF, Plywood",WU2F-D10.0-L45,,Carbide,Uncoated,Mist,100.0,0,10.0,45.0,10.0,2,45.0,10.0,0,0,0,0.0,0.0,0,60,0,0,0,Default,10000,300,100,150,300,True,0,None,millimeters
flat end mill,Dreanique,"WU2F-D12.0-L32 | suitable for Hardwood, Softwood, Laminate, MDF, HDF, Plywood",WU2F-D12.0-L32,,Carbide,Uncoated,Mist,75.0,0,12.0,32.0,12.0,2,32.0,12.0,0,0,0,0.0,0.0,0,60,0,0,0,Default,10000,300,100,150,300,True,0,None,millimeters
flat end mill,Dreanique,"WU2F-D12.0-L45 | suitable for Hardwood, Softwood, Laminate, MDF, HDF, Plywood",WU2F-D12.0-L45,,Carbide,Uncoated,Mist,100.0,0,12.0,45.0,12.0,2,45.0,12.0,0,0,0,0.0,0.0,0,60,0,0,0,Default,10000,300,100,150,300,True,0,None,millimeters
flat end mill,Dreanique,"WU3C-D4.0-L22 | suitable for Hardwood, Softwood, Laminate, MDF, HDF, Veneered Plywood, Particle Board",WU3C-D4.0-L22,,Carbide,Uncoated,Mist,50.0,0,22.0,4.0,4.0,3,4.0,4.0,0,0,0,0.0,0.0,0,60,0,0,0,Default,10000,300,100,150,300,True,0,None,millimeters
flat end mill,Dreanique,"WU3C-D6.0-L22 | suitable for Hardwood, Softwood, Laminate, MDF, HDF, Veneered Plywood, Particle Board",WU3C-D6.0-L22,,Carbide,Uncoated,Mist,50.0,0,22.0,6.0,6.0,3,6.0,6.0,0,0,0,0.0,0.0,0,60,0,0,0,Default,10000,300,100,150,300,True,0,None,millimeters
flat end mill,Dreanique,"WU3C-D6.0-L32 | suitable for Hardwood, Softwood, Laminate, MDF, HDF, Veneered Plywood, Particle Board",WU3C-D6.0-L32,,Carbide,Uncoated,Mist,75.0,0,32.0,6.0,6.0,3,6.0,6.0,0,0,0,0.0,0.0,0,60,0,0,0,Default,10000,300,100,150,300,True,0,None,millimeters
flat end mill,Dreanique,"WU3C-D8.0-L25 | suitable for Hardwood, Softwood, Laminate, MDF, HDF, Veneered Plywood, Particle Board",WU3C-D8.0-L25,,Carbide,Uncoated,Mist,60.0,0,22.0,8.0,8.0,3,8.0,8.0,0,0,0,0.0,0.0,0,60,0,0,0,Default,10000,300,100,150,300,True,0,None,millimeters
flat end mill,Dreanique,"WU3C-D8.0-L32 | suitable for Hardwood, Softwood, Laminate, MDF, HDF, Veneered Plywood, Particle Board",WU3C-D8.0-L32,,Carbide,Uncoated,Mist,75.0,0,32.0,8.0,8.0,3,8.0,8.0,0,0,0,0.0,0.0,0,60,0,0,0,Default,10000,300,100,150,300,True,0,None,millimeters
flat end mill,Dreanique,"WU3C-D10.0-L35 | suitable for Hardwood, Softwood, Laminate, MDF, HDF, Veneered Plywood, Particle Board",WU3C-D10.0-L35,,Carbide,Uncoated,Mist,75.0,0,35.0,10.0,10.0,3,10.0,10.0,0,0,0,0.0,0.0,0,60,0,0,0,Default,10000,300,100,150,300,True,0,None,millimeters
flat end mill,Dreanique,"WU3C-D12.0-L35 | suitable for Hardwood, Softwood, Laminate, MDF, HDF, Veneered Plywood, Particle Board",WU3C-D12.0-L35,,Carbide,Uncoated,Mist,75.0,0,35.0,12.0,12.0,3,12.0,12.0,0,0,0,0.0,0.0,0,60,0,0,0,Default,10000,300,100,150,300,True,0,None,millimeters
flat end mill,Dreanique,ZSP1F-D1.0-L03 | suitable for Acrylic,ZSP1F-D1.0-L03,,Carbide,ZrN,Mist,38.1,0,3.175,3.0,1.0,1,3.0,1.0,0,0,0,0.0,0.0,0,60,0,0,0,Default,10000,300,100,150,300,True,0,None,millimeters
flat end mill,Dreanique,ZSP1F-D1.0-L04 | suitable for Acrylic,ZSP1F-D1.0-L04,,Carbide,ZrN,Mist,38.1,0,3.175,4.0,1.0,1,4.0,1.0,0,0,0,0.0,0.0,0,60,0,0,0,Default,10000,300,100,150,300,True,0,None,millimeters
flat end mill,Dreanique,ZSP1F-D1.5-L05 | suitable for Acrylic,ZSP1F-D1.5-L05,,Carbide,ZrN,Mist,38.1,0,3.175,5.0,1.5,1,5.0,1.5,0,0,0,0.0,0.0,0,60,0,0,0,Default,10000,300,100,150,300,True,0,None,millimeters
flat end mill,Dreanique,ZSP1F-D2.0-L04 | suitable for Acrylic,ZSP1F-D2.0-L04,,Carbide,ZrN,Mist,38.1,0,3.175,4.0,2.0,1,4.0,2.0,0,0,0,0.0,0.0,0,60,0,0,0,Default,10000,300,100,150,300,True,0,None,millimeters
flat end mill,Dreanique,ZSP1F-D2.0-L06 | suitable for Acrylic,ZSP1F-D2.0-L06,,Carbide,ZrN,Mist,38.1,0,3.175,6.0,2.0,1,6.0,2.0,0,0,0,0.0,0.0,0,60,0,0,0,Default,10000,300,100,150,300,True,0,None,millimeters
flat end mill,Dreanique,ZSP1F-D2.0-L08 | suitable for Acrylic,ZSP1F-D2.0-L08,,Carbide,ZrN,Mist,38.1,0,3.175,8.0,2.0,1,8.0,2.0,0,0,0,0.0,0.0,0,60,0,0,0,Default,10000,300,100,150,300,True,0,None,millimeters
flat end mill,Dreanique,ZSP1F-D2.5-L06 | suitable for Acrylic,ZSP1F-D2.5-L06,,Carbide,ZrN,Mist,38.1,0,3.175,6.0,2.5,1,6.0,2.5,0,0,0,0.0,0.0,0,60,0,0,0,Default,10000,300,100,150,300,True,0,None,millimeters
flat end mill,Dreanique,ZSP1F-D2.5-L08 | suitable for Acrylic,ZSP1F-D2.5-L08,,Carbide,ZrN,Mist,38.1,0,3.175,8.0,2.5,1,8.0,2.5,0,0,0,0.0,0.0,0,60,0,0,0,Default,10000,300,100,150,300,True,0,None,millimeters
flat end mill,Dreanique,ZSP1F-D2.5-L10 | suitable for Acrylic,ZSP1F-D2.5-L10,,Carbide,ZrN,Mist,38.1,0,3.175,10.0,2.5,1,10.0,2.5,0,0,0,0.0,0.0,0,60,0,0,0,Default,10000,300,100,150,300,True,0,None,millimeters
flat end mill,Dreanique,ZSP1F-D3.1-L06 | suitable for Acrylic,ZSP1F-D3.1-L06,,Carbide,ZrN,Mist,38.1,0,3.175,6.0,3.175,1,6.0,3.175,0,0,0,0.0,0.0,0,60,0,0,0,Default,10000,300,100,150,300,True,0,None,millimeters
flat end mill,Dreanique,ZSP1F-D3.1-L08 | suitable for Acrylic,ZSP1F-D3.1-L08,,Carbide,ZrN,Mist,38.1,0,3.175,8.0,3.175,1,8.0,3.175,0,0,0,0.0,0.0,0,60,0,0,0,Default,10000,300,100,150,300,True,0,None,millimeters
flat end mill,Dreanique,ZSP1F-D3.1-L10 | suitable for Acrylic,ZSP1F-D3.1-L10,,Carbide,ZrN,Mist,38.1,0,3.175,10.0,3.175,1,10.0,3.175,0,0,0,0.0,0.0,0,60,0,0,0,Default,10000,300,100,150,300,True,0,None,millimeters
flat end mill,Dreanique,ZSP1F-D3.1-L12 | suitable for Acrylic,ZSP1F-D3.1-L12,,Carbide,ZrN,Mist,38.1,0,3.175,12.0,3.175,1,12.0,3.175,0,0,0,0.0,0.0,0,60,0,0,0,Default,10000,300,100,150,300,True,0,None,millimeters
flat end mill,Dreanique,ZSP1F-D3.1-L15 | suitable for Acrylic,ZSP1F-D3.1-L15,,Carbide,ZrN,Mist,38.1,0,3.175,15.0,3.175,1,15.0,3.175,0,0,0,0.0,0.0,0,60,0,0,0,Default,10000,300,100,150,300,True,0,None,millimeters
flat end mill,Dreanique,ZSP1F-D3.1-L17 | suitable for Acrylic,ZSP1F-D3.1-L17,,Carbide,ZrN,Mist,38.1,0,3.175,17.0,3.175,1,17.0,3.175,0,0,0,0.0,0.0,0,60,0,0,0,Default,10000,300,100,150,300,True,0,None,millimeters
flat end mill,Dreanique,ZSP1F-D3.1-L22 | suitable for Acrylic,ZSP1F-D3.1-L22,,Carbide,ZrN,Mist,50.0,0,3.175,22.0,3.175,1,22.0,3.175,0,0,0,0.0,0.0,0,60,0,0,0,Default,10000,300,100,150,300,True,0,None,millimeters
flat end mill,Dreanique,ZSP1F-D4.0-L08 | suitable for Acrylic,ZSP1F-D4.0-L08,,Carbide,ZrN,Mist,50.0,0,4.0,8.0,4.0,1,8.0,4.0,0,0,0,0.0,0.0,0,60,0,0,0,Default,10000,300,100,150,300,True,0,None,millimeters
flat end mill,Dreanique,ZSP1F-D4.0-L12 | suitable for Acrylic,ZSP1F-D4.0-L12,,Carbide,ZrN,Mist,50.0,0,4.0,12.0,4.0,1,12.0,4.0,0,0,0,0.0,0.0,0,60,0,0,0,Default,10000,300,100,150,300,True,0,None,millimeters
flat end mill,Dreanique,ZSP1F-D4.0-L15 | suitable for Acrylic,ZSP1F-D4.0-L15,,Carbide,ZrN,Mist,50.0,0,4.0,15.0,4.0,1,15.0,4.0,0,0,0,0.0,0.0,0,60,0,0,0,Default,10000,300,100,150,300,True,0,None,millimeters
flat end mill,Dreanique,ZSP1F-D4.0-L17 | suitable for Acrylic,ZSP1F-D4.0-L17,,Carbide,ZrN,Mist,50.0,0,4.0,17.0,4.0,1,17.0,4.0,0,0,0,0.0,0.0,0,60,0,0,0,Default,10000,300,100,150,300,True,0,None,millimeters
flat end mill,Dreanique,ZSP1F-D4.0-L22 | suitable for Acrylic,ZSP1F-D4.0-L22,,Carbide,ZrN,Mist,50.0,0,4.0,22.0,4.0,1,22.0,4.0,0,0,0,0.0,0.0,0,60,0,0,0,Default,10000,300,100,150,300,True,0,None,millimeters
flat end mill,Dreanique,ZSP1F-D5.0-L20 | suitable for Acrylic,ZSP1F-D5.0-L20,,Carbide,ZrN,Mist,50.0,0,5.0,20.0,5.0,1,20.0,5.0,0,0,0,0.0,0.0,0,60,0,0,0,Default,10000,300,100,150,300,True,0,None,millimeters
flat end mill,Dreanique,ZSP1F-D6.0-L12 | suitable for Acrylic,ZSP1F-D6.0-L12,,Carbide,ZrN,Mist,50.0,0,6.0,12.0,6.0,1,12.0,6.0,0,0,0,0.0,0.0,0,60,0,0,0,Default,10000,300,100,150,300,True,0,None,millimeters
flat end mill,Dreanique,ZSP1F-D6.0-L15 | suitable for Acrylic,ZSP1F-D6.0-L15,,Carbide,ZrN,Mist,50.0,0,6.0,15.0,6.0,1,15.0,6.0,0,0,0,0.0,0.0,0,60,0,0,0,Default,10000,300,100,150,300,True,0,None,millimeters
flat end mill,Dreanique,ZSP1F-D6.0-L17 | suitable for Acrylic,ZSP1F-D6.0-L17,,Carbide,ZrN,Mist,50.0,0,6.0,17.0,6.0,1,17.0,6.0,0,0,0,0.0,0.0,0,60,0,0,0,Default,10000,300,100,150,300,True,0,None,millimeters
flat end mill,Dreanique,ZSP1F-D6.0-L22 | suitable for Acrylic,ZSP1F-D6.0-L22,,Carbide,ZrN,Mist,50.0,0,6.0,22.0,6.0,1,22.0,6.0,0,0,0,0.0,0.0,0,60,0,0,0,Default,10000,300,100,150,300,True,0,None,millimeters
flat end mill,Dreanique,ZSP1F-D6.0-L32 | suitable for Acrylic,ZSP1F-D6.0-L32,,Carbide,ZrN,Mist,75.0,0,6.0,32.0,6.0,1,32.0,6.0,0,0,0,0.0,0.0,0,60,0,0,0,Default,10000,300,100,150,300,True,0,None,millimeters
flat end mill,Dreanique,ZSP1F-D8.0-L32 | suitable for Acrylic,ZSP1F-D8.0-L32,,Carbide,ZrN,Mist,75.0,0,8.0,32.0,8.0,1,32.0,8.0,0,0,0,0.0,0.0,0,60,0,0,0,Default,10000,300,100,150,300,True,0,None,millimeters
flat end mill,Dreanique,ZSP1F-D10.0-L45 | suitable for Acrylic,ZSP1F-D10.0-L45,,Carbide,ZrN,Mist,100.0,0,10.0,45.0,10.0,1,45.0,10.0,0,0,0,0.0,0.0,0,60,0,0,0,Default,10000,300,100,150,300,True,0,None,millimeters
flat end mill,Dreanique,ZSP1F-D12.0-L45 | suitable for Acrylic,ZSP1F-D12.0-L45,,Carbide,ZrN,Mist,100.0,0,12.0,45.0,12.0,1,45.0,12.0,0,0,0,0.0,0.0,0,60,0,0,0,Default,10000,300,100,150,300,True,0,None,millimeters
